#pragma once
// Auto-generated SPIR-V shader byte arrays
// Source: src/core/visual/gpu/shaders/*.spv

static const unsigned int g_adjust_gamma_fragSpvSize = 2288;
static const unsigned char g_adjust_gamma_fragSpv[] = {
  0x03, 0x02, 0x23, 0x07, 0x00, 0x00, 0x01, 0x00, 0x0B, 0x00, 0x0D, 0x00, 0x53, 0x00, 0x00, 0x00,
  0x00, 0x00, 0x00, 0x00, 0x11, 0x00, 0x02, 0x00, 0x01, 0x00, 0x00, 0x00, 0x0B, 0x00, 0x06, 0x00,
  0x01, 0x00, 0x00, 0x00, 0x47, 0x4C, 0x53, 0x4C, 0x2E, 0x73, 0x74, 0x64, 0x2E, 0x34, 0x35, 0x30,
  0x00, 0x00, 0x00, 0x00, 0x0E, 0x00, 0x03, 0x00, 0x00, 0x00, 0x00, 0x00, 0x01, 0x00, 0x00, 0x00,
  0x0F, 0x00, 0x07, 0x00, 0x04, 0x00, 0x00, 0x00, 0x04, 0x00, 0x00, 0x00, 0x6D, 0x61, 0x69, 0x6E,
  0x00, 0x00, 0x00, 0x00, 0x0B, 0x00, 0x00, 0x00, 0x51, 0x00, 0x00, 0x00, 0x10, 0x00, 0x03, 0x00,
  0x04, 0x00, 0x00, 0x00, 0x07, 0x00, 0x00, 0x00, 0x03, 0x00, 0x03, 0x00, 0x02, 0x00, 0x00, 0x00,
  0xC2, 0x01, 0x00, 0x00, 0x04, 0x00, 0x0A, 0x00, 0x47, 0x4C, 0x5F, 0x47, 0x4F, 0x4F, 0x47, 0x4C,
  0x45, 0x5F, 0x63, 0x70, 0x70, 0x5F, 0x73, 0x74, 0x79, 0x6C, 0x65, 0x5F, 0x6C, 0x69, 0x6E, 0x65,
  0x5F, 0x64, 0x69, 0x72, 0x65, 0x63, 0x74, 0x69, 0x76, 0x65, 0x00, 0x00, 0x04, 0x00, 0x08, 0x00,
  0x47, 0x4C, 0x5F, 0x47, 0x4F, 0x4F, 0x47, 0x4C, 0x45, 0x5F, 0x69, 0x6E, 0x63, 0x6C, 0x75, 0x64,
  0x65, 0x5F, 0x64, 0x69, 0x72, 0x65, 0x63, 0x74, 0x69, 0x76, 0x65, 0x00, 0x05, 0x00, 0x04, 0x00,
  0x04, 0x00, 0x00, 0x00, 0x6D, 0x61, 0x69, 0x6E, 0x00, 0x00, 0x00, 0x00, 0x05, 0x00, 0x03, 0x00,
  0x09, 0x00, 0x00, 0x00, 0x75, 0x76, 0x00, 0x00, 0x05, 0x00, 0x03, 0x00, 0x0B, 0x00, 0x00, 0x00,
  0x76, 0x55, 0x56, 0x00, 0x05, 0x00, 0x05, 0x00, 0x0E, 0x00, 0x00, 0x00, 0x46, 0x72, 0x61, 0x67,
  0x50, 0x61, 0x72, 0x61, 0x6D, 0x73, 0x00, 0x00, 0x06, 0x00, 0x06, 0x00, 0x0E, 0x00, 0x00, 0x00,
  0x00, 0x00, 0x00, 0x00, 0x75, 0x76, 0x4F, 0x66, 0x66, 0x73, 0x65, 0x74, 0x00, 0x00, 0x00, 0x00,
  0x06, 0x00, 0x05, 0x00, 0x0E, 0x00, 0x00, 0x00, 0x01, 0x00, 0x00, 0x00, 0x75, 0x76, 0x53, 0x63,
  0x61, 0x6C, 0x65, 0x00, 0x06, 0x00, 0x05, 0x00, 0x0E, 0x00, 0x00, 0x00, 0x02, 0x00, 0x00, 0x00,
  0x6F, 0x70, 0x61, 0x63, 0x69, 0x74, 0x79, 0x00, 0x06, 0x00, 0x04, 0x00, 0x0E, 0x00, 0x00, 0x00,
  0x03, 0x00, 0x00, 0x00, 0x70, 0x61, 0x64, 0x00, 0x06, 0x00, 0x05, 0x00, 0x0E, 0x00, 0x00, 0x00,
  0x04, 0x00, 0x00, 0x00, 0x75, 0x5F, 0x67, 0x61, 0x6D, 0x6D, 0x61, 0x00, 0x06, 0x00, 0x05, 0x00,
  0x0E, 0x00, 0x00, 0x00, 0x05, 0x00, 0x00, 0x00, 0x75, 0x5F, 0x66, 0x6C, 0x6F, 0x6F, 0x72, 0x00,
  0x06, 0x00, 0x05, 0x00, 0x0E, 0x00, 0x00, 0x00, 0x06, 0x00, 0x00, 0x00, 0x75, 0x5F, 0x61, 0x6D,
  0x70, 0x00, 0x00, 0x00, 0x05, 0x00, 0x03, 0x00, 0x10, 0x00, 0x00, 0x00, 0x00, 0x00, 0x00, 0x00,
  0x05, 0x00, 0x03, 0x00, 0x1C, 0x00, 0x00, 0x00, 0x73, 0x00, 0x00, 0x00, 0x05, 0x00, 0x04, 0x00,
  0x20, 0x00, 0x00, 0x00, 0x75, 0x54, 0x65, 0x78, 0x00, 0x00, 0x00, 0x00, 0x05, 0x00, 0x05, 0x00,
  0x51, 0x00, 0x00, 0x00, 0x46, 0x72, 0x61, 0x67, 0x43, 0x6F, 0x6C, 0x6F, 0x72, 0x00, 0x00, 0x00,
  0x47, 0x00, 0x04, 0x00, 0x0B, 0x00, 0x00, 0x00, 0x1E, 0x00, 0x00, 0x00, 0x00, 0x00, 0x00, 0x00,
  0x47, 0x00, 0x03, 0x00, 0x0E, 0x00, 0x00, 0x00, 0x02, 0x00, 0x00, 0x00, 0x48, 0x00, 0x05, 0x00,
  0x0E, 0x00, 0x00, 0x00, 0x00, 0x00, 0x00, 0x00, 0x23, 0x00, 0x00, 0x00, 0x00, 0x00, 0x00, 0x00,
  0x48, 0x00, 0x05, 0x00, 0x0E, 0x00, 0x00, 0x00, 0x01, 0x00, 0x00, 0x00, 0x23, 0x00, 0x00, 0x00,
  0x08, 0x00, 0x00, 0x00, 0x48, 0x00, 0x05, 0x00, 0x0E, 0x00, 0x00, 0x00, 0x02, 0x00, 0x00, 0x00,
  0x23, 0x00, 0x00, 0x00, 0x10, 0x00, 0x00, 0x00, 0x48, 0x00, 0x05, 0x00, 0x0E, 0x00, 0x00, 0x00,
  0x03, 0x00, 0x00, 0x00, 0x23, 0x00, 0x00, 0x00, 0x14, 0x00, 0x00, 0x00, 0x48, 0x00, 0x05, 0x00,
  0x0E, 0x00, 0x00, 0x00, 0x04, 0x00, 0x00, 0x00, 0x23, 0x00, 0x00, 0x00, 0x20, 0x00, 0x00, 0x00,
  0x48, 0x00, 0x05, 0x00, 0x0E, 0x00, 0x00, 0x00, 0x05, 0x00, 0x00, 0x00, 0x23, 0x00, 0x00, 0x00,
  0x30, 0x00, 0x00, 0x00, 0x48, 0x00, 0x05, 0x00, 0x0E, 0x00, 0x00, 0x00, 0x06, 0x00, 0x00, 0x00,
  0x23, 0x00, 0x00, 0x00, 0x40, 0x00, 0x00, 0x00, 0x47, 0x00, 0x04, 0x00, 0x10, 0x00, 0x00, 0x00,
  0x21, 0x00, 0x00, 0x00, 0x00, 0x00, 0x00, 0x00, 0x47, 0x00, 0x04, 0x00, 0x10, 0x00, 0x00, 0x00,
  0x22, 0x00, 0x00, 0x00, 0x03, 0x00, 0x00, 0x00, 0x47, 0x00, 0x04, 0x00, 0x20, 0x00, 0x00, 0x00,
  0x21, 0x00, 0x00, 0x00, 0x00, 0x00, 0x00, 0x00, 0x47, 0x00, 0x04, 0x00, 0x20, 0x00, 0x00, 0x00,
  0x22, 0x00, 0x00, 0x00, 0x02, 0x00, 0x00, 0x00, 0x47, 0x00, 0x04, 0x00, 0x51, 0x00, 0x00, 0x00,
  0x1E, 0x00, 0x00, 0x00, 0x00, 0x00, 0x00, 0x00, 0x13, 0x00, 0x02, 0x00, 0x02, 0x00, 0x00, 0x00,
  0x21, 0x00, 0x03, 0x00, 0x03, 0x00, 0x00, 0x00, 0x02, 0x00, 0x00, 0x00, 0x16, 0x00, 0x03, 0x00,
  0x06, 0x00, 0x00, 0x00, 0x20, 0x00, 0x00, 0x00, 0x17, 0x00, 0x04, 0x00, 0x07, 0x00, 0x00, 0x00,
  0x06, 0x00, 0x00, 0x00, 0x02, 0x00, 0x00, 0x00, 0x20, 0x00, 0x04, 0x00, 0x08, 0x00, 0x00, 0x00,
  0x07, 0x00, 0x00, 0x00, 0x07, 0x00, 0x00, 0x00, 0x20, 0x00, 0x04, 0x00, 0x0A, 0x00, 0x00, 0x00,
  0x01, 0x00, 0x00, 0x00, 0x07, 0x00, 0x00, 0x00, 0x3B, 0x00, 0x04, 0x00, 0x0A, 0x00, 0x00, 0x00,
  0x0B, 0x00, 0x00, 0x00, 0x01, 0x00, 0x00, 0x00, 0x17, 0x00, 0x04, 0x00, 0x0D, 0x00, 0x00, 0x00,
  0x06, 0x00, 0x00, 0x00, 0x04, 0x00, 0x00, 0x00, 0x1E, 0x00, 0x09, 0x00, 0x0E, 0x00, 0x00, 0x00,
  0x07, 0x00, 0x00, 0x00, 0x07, 0x00, 0x00, 0x00, 0x06, 0x00, 0x00, 0x00, 0x06, 0x00, 0x00, 0x00,
  0x0D, 0x00, 0x00, 0x00, 0x0D, 0x00, 0x00, 0x00, 0x0D, 0x00, 0x00, 0x00, 0x20, 0x00, 0x04, 0x00,
  0x0F, 0x00, 0x00, 0x00, 0x02, 0x00, 0x00, 0x00, 0x0E, 0x00, 0x00, 0x00, 0x3B, 0x00, 0x04, 0x00,
  0x0F, 0x00, 0x00, 0x00, 0x10, 0x00, 0x00, 0x00, 0x02, 0x00, 0x00, 0x00, 0x15, 0x00, 0x04, 0x00,
  0x11, 0x00, 0x00, 0x00, 0x20, 0x00, 0x00, 0x00, 0x01, 0x00, 0x00, 0x00, 0x2B, 0x00, 0x04, 0x00,
  0x11, 0x00, 0x00, 0x00, 0x12, 0x00, 0x00, 0x00, 0x01, 0x00, 0x00, 0x00, 0x20, 0x00, 0x04, 0x00,
  0x13, 0x00, 0x00, 0x00, 0x02, 0x00, 0x00, 0x00, 0x07, 0x00, 0x00, 0x00, 0x2B, 0x00, 0x04, 0x00,
  0x11, 0x00, 0x00, 0x00, 0x17, 0x00, 0x00, 0x00, 0x00, 0x00, 0x00, 0x00, 0x20, 0x00, 0x04, 0x00,
  0x1B, 0x00, 0x00, 0x00, 0x07, 0x00, 0x00, 0x00, 0x0D, 0x00, 0x00, 0x00, 0x19, 0x00, 0x09, 0x00,
  0x1D, 0x00, 0x00, 0x00, 0x06, 0x00, 0x00, 0x00, 0x01, 0x00, 0x00, 0x00, 0x00, 0x00, 0x00, 0x00,
  0x00, 0x00, 0x00, 0x00, 0x00, 0x00, 0x00, 0x00, 0x01, 0x00, 0x00, 0x00, 0x00, 0x00, 0x00, 0x00,
  0x1B, 0x00, 0x03, 0x00, 0x1E, 0x00, 0x00, 0x00, 0x1D, 0x00, 0x00, 0x00, 0x20, 0x00, 0x04, 0x00,
  0x1F, 0x00, 0x00, 0x00, 0x00, 0x00, 0x00, 0x00, 0x1E, 0x00, 0x00, 0x00, 0x3B, 0x00, 0x04, 0x00,
  0x1F, 0x00, 0x00, 0x00, 0x20, 0x00, 0x00, 0x00, 0x00, 0x00, 0x00, 0x00, 0x17, 0x00, 0x04, 0x00,
  0x24, 0x00, 0x00, 0x00, 0x06, 0x00, 0x00, 0x00, 0x03, 0x00, 0x00, 0x00, 0x2B, 0x00, 0x04, 0x00,
  0x11, 0x00, 0x00, 0x00, 0x27, 0x00, 0x00, 0x00, 0x04, 0x00, 0x00, 0x00, 0x20, 0x00, 0x04, 0x00,
  0x28, 0x00, 0x00, 0x00, 0x02, 0x00, 0x00, 0x00, 0x0D, 0x00, 0x00, 0x00, 0x2B, 0x00, 0x04, 0x00,
  0x11, 0x00, 0x00, 0x00, 0x2D, 0x00, 0x00, 0x00, 0x06, 0x00, 0x00, 0x00, 0x2B, 0x00, 0x04, 0x00,
  0x11, 0x00, 0x00, 0x00, 0x32, 0x00, 0x00, 0x00, 0x05, 0x00, 0x00, 0x00, 0x2B, 0x00, 0x04, 0x00,
  0x06, 0x00, 0x00, 0x00, 0x37, 0x00, 0x00, 0x00, 0x00, 0x00, 0x00, 0x00, 0x2B, 0x00, 0x04, 0x00,
  0x06, 0x00, 0x00, 0x00, 0x38, 0x00, 0x00, 0x00, 0x00, 0x00, 0x80, 0x3F, 0x15, 0x00, 0x04, 0x00,
  0x3C, 0x00, 0x00, 0x00, 0x20, 0x00, 0x00, 0x00, 0x00, 0x00, 0x00, 0x00, 0x2B, 0x00, 0x04, 0x00,
  0x3C, 0x00, 0x00, 0x00, 0x3D, 0x00, 0x00, 0x00, 0x00, 0x00, 0x00, 0x00, 0x20, 0x00, 0x04, 0x00,
  0x3E, 0x00, 0x00, 0x00, 0x07, 0x00, 0x00, 0x00, 0x06, 0x00, 0x00, 0x00, 0x2B, 0x00, 0x04, 0x00,
  0x3C, 0x00, 0x00, 0x00, 0x41, 0x00, 0x00, 0x00, 0x01, 0x00, 0x00, 0x00, 0x2B, 0x00, 0x04, 0x00,
  0x3C, 0x00, 0x00, 0x00, 0x44, 0x00, 0x00, 0x00, 0x02, 0x00, 0x00, 0x00, 0x2B, 0x00, 0x04, 0x00,
  0x11, 0x00, 0x00, 0x00, 0x47, 0x00, 0x00, 0x00, 0x02, 0x00, 0x00, 0x00, 0x20, 0x00, 0x04, 0x00,
  0x48, 0x00, 0x00, 0x00, 0x02, 0x00, 0x00, 0x00, 0x06, 0x00, 0x00, 0x00, 0x2B, 0x00, 0x04, 0x00,
  0x3C, 0x00, 0x00, 0x00, 0x4B, 0x00, 0x00, 0x00, 0x03, 0x00, 0x00, 0x00, 0x20, 0x00, 0x04, 0x00,
  0x50, 0x00, 0x00, 0x00, 0x03, 0x00, 0x00, 0x00, 0x0D, 0x00, 0x00, 0x00, 0x3B, 0x00, 0x04, 0x00,
  0x50, 0x00, 0x00, 0x00, 0x51, 0x00, 0x00, 0x00, 0x03, 0x00, 0x00, 0x00, 0x36, 0x00, 0x05, 0x00,
  0x02, 0x00, 0x00, 0x00, 0x04, 0x00, 0x00, 0x00, 0x00, 0x00, 0x00, 0x00, 0x03, 0x00, 0x00, 0x00,
  0xF8, 0x00, 0x02, 0x00, 0x05, 0x00, 0x00, 0x00, 0x3B, 0x00, 0x04, 0x00, 0x08, 0x00, 0x00, 0x00,
  0x09, 0x00, 0x00, 0x00, 0x07, 0x00, 0x00, 0x00, 0x3B, 0x00, 0x04, 0x00, 0x1B, 0x00, 0x00, 0x00,
  0x1C, 0x00, 0x00, 0x00, 0x07, 0x00, 0x00, 0x00, 0x3D, 0x00, 0x04, 0x00, 0x07, 0x00, 0x00, 0x00,
  0x0C, 0x00, 0x00, 0x00, 0x0B, 0x00, 0x00, 0x00, 0x41, 0x00, 0x05, 0x00, 0x13, 0x00, 0x00, 0x00,
  0x14, 0x00, 0x00, 0x00, 0x10, 0x00, 0x00, 0x00, 0x12, 0x00, 0x00, 0x00, 0x3D, 0x00, 0x04, 0x00,
  0x07, 0x00, 0x00, 0x00, 0x15, 0x00, 0x00, 0x00, 0x14, 0x00, 0x00, 0x00, 0x85, 0x00, 0x05, 0x00,
  0x07, 0x00, 0x00, 0x00, 0x16, 0x00, 0x00, 0x00, 0x0C, 0x00, 0x00, 0x00, 0x15, 0x00, 0x00, 0x00,
  0x41, 0x00, 0x05, 0x00, 0x13, 0x00, 0x00, 0x00, 0x18, 0x00, 0x00, 0x00, 0x10, 0x00, 0x00, 0x00,
  0x17, 0x00, 0x00, 0x00, 0x3D, 0x00, 0x04, 0x00, 0x07, 0x00, 0x00, 0x00, 0x19, 0x00, 0x00, 0x00,
  0x18, 0x00, 0x00, 0x00, 0x81, 0x00, 0x05, 0x00, 0x07, 0x00, 0x00, 0x00, 0x1A, 0x00, 0x00, 0x00,
  0x16, 0x00, 0x00, 0x00, 0x19, 0x00, 0x00, 0x00, 0x3E, 0x00, 0x03, 0x00, 0x09, 0x00, 0x00, 0x00,
  0x1A, 0x00, 0x00, 0x00, 0x3D, 0x00, 0x04, 0x00, 0x1E, 0x00, 0x00, 0x00, 0x21, 0x00, 0x00, 0x00,
  0x20, 0x00, 0x00, 0x00, 0x3D, 0x00, 0x04, 0x00, 0x07, 0x00, 0x00, 0x00, 0x22, 0x00, 0x00, 0x00,
  0x09, 0x00, 0x00, 0x00, 0x57, 0x00, 0x05, 0x00, 0x0D, 0x00, 0x00, 0x00, 0x23, 0x00, 0x00, 0x00,
  0x21, 0x00, 0x00, 0x00, 0x22, 0x00, 0x00, 0x00, 0x3E, 0x00, 0x03, 0x00, 0x1C, 0x00, 0x00, 0x00,
  0x23, 0x00, 0x00, 0x00, 0x3D, 0x00, 0x04, 0x00, 0x0D, 0x00, 0x00, 0x00, 0x25, 0x00, 0x00, 0x00,
  0x1C, 0x00, 0x00, 0x00, 0x4F, 0x00, 0x08, 0x00, 0x24, 0x00, 0x00, 0x00, 0x26, 0x00, 0x00, 0x00,
  0x25, 0x00, 0x00, 0x00, 0x25, 0x00, 0x00, 0x00, 0x00, 0x00, 0x00, 0x00, 0x01, 0x00, 0x00, 0x00,
  0x02, 0x00, 0x00, 0x00, 0x41, 0x00, 0x05, 0x00, 0x28, 0x00, 0x00, 0x00, 0x29, 0x00, 0x00, 0x00,
  0x10, 0x00, 0x00, 0x00, 0x27, 0x00, 0x00, 0x00, 0x3D, 0x00, 0x04, 0x00, 0x0D, 0x00, 0x00, 0x00,
  0x2A, 0x00, 0x00, 0x00, 0x29, 0x00, 0x00, 0x00, 0x4F, 0x00, 0x08, 0x00, 0x24, 0x00, 0x00, 0x00,
  0x2B, 0x00, 0x00, 0x00, 0x2A, 0x00, 0x00, 0x00, 0x2A, 0x00, 0x00, 0x00, 0x00, 0x00, 0x00, 0x00,
  0x01, 0x00, 0x00, 0x00, 0x02, 0x00, 0x00, 0x00, 0x0C, 0x00, 0x07, 0x00, 0x24, 0x00, 0x00, 0x00,
  0x2C, 0x00, 0x00, 0x00, 0x01, 0x00, 0x00, 0x00, 0x1A, 0x00, 0x00, 0x00, 0x26, 0x00, 0x00, 0x00,
  0x2B, 0x00, 0x00, 0x00, 0x41, 0x00, 0x05, 0x00, 0x28, 0x00, 0x00, 0x00, 0x2E, 0x00, 0x00, 0x00,
  0x10, 0x00, 0x00, 0x00, 0x2D, 0x00, 0x00, 0x00, 0x3D, 0x00, 0x04, 0x00, 0x0D, 0x00, 0x00, 0x00,
  0x2F, 0x00, 0x00, 0x00, 0x2E, 0x00, 0x00, 0x00, 0x4F, 0x00, 0x08, 0x00, 0x24, 0x00, 0x00, 0x00,
  0x30, 0x00, 0x00, 0x00, 0x2F, 0x00, 0x00, 0x00, 0x2F, 0x00, 0x00, 0x00, 0x00, 0x00, 0x00, 0x00,
  0x01, 0x00, 0x00, 0x00, 0x02, 0x00, 0x00, 0x00, 0x85, 0x00, 0x05, 0x00, 0x24, 0x00, 0x00, 0x00,
  0x31, 0x00, 0x00, 0x00, 0x2C, 0x00, 0x00, 0x00, 0x30, 0x00, 0x00, 0x00, 0x41, 0x00, 0x05, 0x00,
  0x28, 0x00, 0x00, 0x00, 0x33, 0x00, 0x00, 0x00, 0x10, 0x00, 0x00, 0x00, 0x32, 0x00, 0x00, 0x00,
  0x3D, 0x00, 0x04, 0x00, 0x0D, 0x00, 0x00, 0x00, 0x34, 0x00, 0x00, 0x00, 0x33, 0x00, 0x00, 0x00,
  0x4F, 0x00, 0x08, 0x00, 0x24, 0x00, 0x00, 0x00, 0x35, 0x00, 0x00, 0x00, 0x34, 0x00, 0x00, 0x00,
  0x34, 0x00, 0x00, 0x00, 0x00, 0x00, 0x00, 0x00, 0x01, 0x00, 0x00, 0x00, 0x02, 0x00, 0x00, 0x00,
  0x81, 0x00, 0x05, 0x00, 0x24, 0x00, 0x00, 0x00, 0x36, 0x00, 0x00, 0x00, 0x31, 0x00, 0x00, 0x00,
  0x35, 0x00, 0x00, 0x00, 0x50, 0x00, 0x06, 0x00, 0x24, 0x00, 0x00, 0x00, 0x39, 0x00, 0x00, 0x00,
  0x37, 0x00, 0x00, 0x00, 0x37, 0x00, 0x00, 0x00, 0x37, 0x00, 0x00, 0x00, 0x50, 0x00, 0x06, 0x00,
  0x24, 0x00, 0x00, 0x00, 0x3A, 0x00, 0x00, 0x00, 0x38, 0x00, 0x00, 0x00, 0x38, 0x00, 0x00, 0x00,
  0x38, 0x00, 0x00, 0x00, 0x0C, 0x00, 0x08, 0x00, 0x24, 0x00, 0x00, 0x00, 0x3B, 0x00, 0x00, 0x00,
  0x01, 0x00, 0x00, 0x00, 0x2B, 0x00, 0x00, 0x00, 0x36, 0x00, 0x00, 0x00, 0x39, 0x00, 0x00, 0x00,
  0x3A, 0x00, 0x00, 0x00, 0x41, 0x00, 0x05, 0x00, 0x3E, 0x00, 0x00, 0x00, 0x3F, 0x00, 0x00, 0x00,
  0x1C, 0x00, 0x00, 0x00, 0x3D, 0x00, 0x00, 0x00, 0x51, 0x00, 0x05, 0x00, 0x06, 0x00, 0x00, 0x00,
  0x40, 0x00, 0x00, 0x00, 0x3B, 0x00, 0x00, 0x00, 0x00, 0x00, 0x00, 0x00, 0x3E, 0x00, 0x03, 0x00,
  0x3F, 0x00, 0x00, 0x00, 0x40, 0x00, 0x00, 0x00, 0x41, 0x00, 0x05, 0x00, 0x3E, 0x00, 0x00, 0x00,
  0x42, 0x00, 0x00, 0x00, 0x1C, 0x00, 0x00, 0x00, 0x41, 0x00, 0x00, 0x00, 0x51, 0x00, 0x05, 0x00,
  0x06, 0x00, 0x00, 0x00, 0x43, 0x00, 0x00, 0x00, 0x3B, 0x00, 0x00, 0x00, 0x01, 0x00, 0x00, 0x00,
  0x3E, 0x00, 0x03, 0x00, 0x42, 0x00, 0x00, 0x00, 0x43, 0x00, 0x00, 0x00, 0x41, 0x00, 0x05, 0x00,
  0x3E, 0x00, 0x00, 0x00, 0x45, 0x00, 0x00, 0x00, 0x1C, 0x00, 0x00, 0x00, 0x44, 0x00, 0x00, 0x00,
  0x51, 0x00, 0x05, 0x00, 0x06, 0x00, 0x00, 0x00, 0x46, 0x00, 0x00, 0x00, 0x3B, 0x00, 0x00, 0x00,
  0x02, 0x00, 0x00, 0x00, 0x3E, 0x00, 0x03, 0x00, 0x45, 0x00, 0x00, 0x00, 0x46, 0x00, 0x00, 0x00,
  0x41, 0x00, 0x05, 0x00, 0x48, 0x00, 0x00, 0x00, 0x49, 0x00, 0x00, 0x00, 0x10, 0x00, 0x00, 0x00,
  0x47, 0x00, 0x00, 0x00, 0x3D, 0x00, 0x04, 0x00, 0x06, 0x00, 0x00, 0x00, 0x4A, 0x00, 0x00, 0x00,
  0x49, 0x00, 0x00, 0x00, 0x41, 0x00, 0x05, 0x00, 0x3E, 0x00, 0x00, 0x00, 0x4C, 0x00, 0x00, 0x00,
  0x1C, 0x00, 0x00, 0x00, 0x4B, 0x00, 0x00, 0x00, 0x3D, 0x00, 0x04, 0x00, 0x06, 0x00, 0x00, 0x00,
  0x4D, 0x00, 0x00, 0x00, 0x4C, 0x00, 0x00, 0x00, 0x85, 0x00, 0x05, 0x00, 0x06, 0x00, 0x00, 0x00,
  0x4E, 0x00, 0x00, 0x00, 0x4D, 0x00, 0x00, 0x00, 0x4A, 0x00, 0x00, 0x00, 0x41, 0x00, 0x05, 0x00,
  0x3E, 0x00, 0x00, 0x00, 0x4F, 0x00, 0x00, 0x00, 0x1C, 0x00, 0x00, 0x00, 0x4B, 0x00, 0x00, 0x00,
  0x3E, 0x00, 0x03, 0x00, 0x4F, 0x00, 0x00, 0x00, 0x4E, 0x00, 0x00, 0x00, 0x3D, 0x00, 0x04, 0x00,
  0x0D, 0x00, 0x00, 0x00, 0x52, 0x00, 0x00, 0x00, 0x1C, 0x00, 0x00, 0x00, 0x3E, 0x00, 0x03, 0x00,
  0x51, 0x00, 0x00, 0x00, 0x52, 0x00, 0x00, 0x00, 0xFD, 0x00, 0x01, 0x00, 0x38, 0x00, 0x01, 0x00,
};

static const unsigned int g_alpha_blend_d_fragSpvSize = 2432;
static const unsigned char g_alpha_blend_d_fragSpv[] = {
  0x03, 0x02, 0x23, 0x07, 0x00, 0x00, 0x01, 0x00, 0x0B, 0x00, 0x0D, 0x00, 0x5C, 0x00, 0x00, 0x00,
  0x00, 0x00, 0x00, 0x00, 0x11, 0x00, 0x02, 0x00, 0x01, 0x00, 0x00, 0x00, 0x0B, 0x00, 0x06, 0x00,
  0x01, 0x00, 0x00, 0x00, 0x47, 0x4C, 0x53, 0x4C, 0x2E, 0x73, 0x74, 0x64, 0x2E, 0x34, 0x35, 0x30,
  0x00, 0x00, 0x00, 0x00, 0x0E, 0x00, 0x03, 0x00, 0x00, 0x00, 0x00, 0x00, 0x01, 0x00, 0x00, 0x00,
  0x0F, 0x00, 0x07, 0x00, 0x04, 0x00, 0x00, 0x00, 0x04, 0x00, 0x00, 0x00, 0x6D, 0x61, 0x69, 0x6E,
  0x00, 0x00, 0x00, 0x00, 0x0B, 0x00, 0x00, 0x00, 0x55, 0x00, 0x00, 0x00, 0x10, 0x00, 0x03, 0x00,
  0x04, 0x00, 0x00, 0x00, 0x07, 0x00, 0x00, 0x00, 0x03, 0x00, 0x03, 0x00, 0x02, 0x00, 0x00, 0x00,
  0xC2, 0x01, 0x00, 0x00, 0x04, 0x00, 0x0A, 0x00, 0x47, 0x4C, 0x5F, 0x47, 0x4F, 0x4F, 0x47, 0x4C,
  0x45, 0x5F, 0x63, 0x70, 0x70, 0x5F, 0x73, 0x74, 0x79, 0x6C, 0x65, 0x5F, 0x6C, 0x69, 0x6E, 0x65,
  0x5F, 0x64, 0x69, 0x72, 0x65, 0x63, 0x74, 0x69, 0x76, 0x65, 0x00, 0x00, 0x04, 0x00, 0x08, 0x00,
  0x47, 0x4C, 0x5F, 0x47, 0x4F, 0x4F, 0x47, 0x4C, 0x45, 0x5F, 0x69, 0x6E, 0x63, 0x6C, 0x75, 0x64,
  0x65, 0x5F, 0x64, 0x69, 0x72, 0x65, 0x63, 0x74, 0x69, 0x76, 0x65, 0x00, 0x05, 0x00, 0x04, 0x00,
  0x04, 0x00, 0x00, 0x00, 0x6D, 0x61, 0x69, 0x6E, 0x00, 0x00, 0x00, 0x00, 0x05, 0x00, 0x03, 0x00,
  0x09, 0x00, 0x00, 0x00, 0x75, 0x76, 0x00, 0x00, 0x05, 0x00, 0x03, 0x00, 0x0B, 0x00, 0x00, 0x00,
  0x76, 0x55, 0x56, 0x00, 0x05, 0x00, 0x05, 0x00, 0x0D, 0x00, 0x00, 0x00, 0x46, 0x72, 0x61, 0x67,
  0x50, 0x61, 0x72, 0x61, 0x6D, 0x73, 0x00, 0x00, 0x06, 0x00, 0x06, 0x00, 0x0D, 0x00, 0x00, 0x00,
  0x00, 0x00, 0x00, 0x00, 0x75, 0x76, 0x4F, 0x66, 0x66, 0x73, 0x65, 0x74, 0x00, 0x00, 0x00, 0x00,
  0x06, 0x00, 0x05, 0x00, 0x0D, 0x00, 0x00, 0x00, 0x01, 0x00, 0x00, 0x00, 0x75, 0x76, 0x53, 0x63,
  0x61, 0x6C, 0x65, 0x00, 0x06, 0x00, 0x05, 0x00, 0x0D, 0x00, 0x00, 0x00, 0x02, 0x00, 0x00, 0x00,
  0x6F, 0x70, 0x61, 0x63, 0x69, 0x74, 0x79, 0x00, 0x06, 0x00, 0x04, 0x00, 0x0D, 0x00, 0x00, 0x00,
  0x03, 0x00, 0x00, 0x00, 0x70, 0x61, 0x64, 0x00, 0x05, 0x00, 0x03, 0x00, 0x0F, 0x00, 0x00, 0x00,
  0x75, 0x50, 0x00, 0x00, 0x05, 0x00, 0x03, 0x00, 0x1C, 0x00, 0x00, 0x00, 0x73, 0x72, 0x63, 0x00,
  0x05, 0x00, 0x04, 0x00, 0x20, 0x00, 0x00, 0x00, 0x75, 0x53, 0x72, 0x63, 0x00, 0x00, 0x00, 0x00,
  0x05, 0x00, 0x03, 0x00, 0x24, 0x00, 0x00, 0x00, 0x64, 0x73, 0x74, 0x00, 0x05, 0x00, 0x04, 0x00,
  0x25, 0x00, 0x00, 0x00, 0x75, 0x44, 0x73, 0x74, 0x00, 0x00, 0x00, 0x00, 0x05, 0x00, 0x03, 0x00,
  0x2A, 0x00, 0x00, 0x00, 0x53, 0x61, 0x00, 0x00, 0x05, 0x00, 0x03, 0x00, 0x34, 0x00, 0x00, 0x00,
  0x44, 0x61, 0x00, 0x00, 0x05, 0x00, 0x03, 0x00, 0x37, 0x00, 0x00, 0x00, 0x65, 0x66, 0x66, 0x00,
  0x05, 0x00, 0x05, 0x00, 0x43, 0x00, 0x00, 0x00, 0x6E, 0x65, 0x77, 0x41, 0x6C, 0x70, 0x68, 0x61,
  0x00, 0x00, 0x00, 0x00, 0x05, 0x00, 0x05, 0x00, 0x4C, 0x00, 0x00, 0x00, 0x72, 0x65, 0x73, 0x75,
  0x6C, 0x74, 0x5F, 0x72, 0x67, 0x62, 0x00, 0x00, 0x05, 0x00, 0x05, 0x00, 0x55, 0x00, 0x00, 0x00,
  0x46, 0x72, 0x61, 0x67, 0x43, 0x6F, 0x6C, 0x6F, 0x72, 0x00, 0x00, 0x00, 0x47, 0x00, 0x04, 0x00,
  0x0B, 0x00, 0x00, 0x00, 0x1E, 0x00, 0x00, 0x00, 0x00, 0x00, 0x00, 0x00, 0x47, 0x00, 0x03, 0x00,
  0x0D, 0x00, 0x00, 0x00, 0x02, 0x00, 0x00, 0x00, 0x48, 0x00, 0x05, 0x00, 0x0D, 0x00, 0x00, 0x00,
  0x00, 0x00, 0x00, 0x00, 0x23, 0x00, 0x00, 0x00, 0x00, 0x00, 0x00, 0x00, 0x48, 0x00, 0x05, 0x00,
  0x0D, 0x00, 0x00, 0x00, 0x01, 0x00, 0x00, 0x00, 0x23, 0x00, 0x00, 0x00, 0x08, 0x00, 0x00, 0x00,
  0x48, 0x00, 0x05, 0x00, 0x0D, 0x00, 0x00, 0x00, 0x02, 0x00, 0x00, 0x00, 0x23, 0x00, 0x00, 0x00,
  0x10, 0x00, 0x00, 0x00, 0x48, 0x00, 0x05, 0x00, 0x0D, 0x00, 0x00, 0x00, 0x03, 0x00, 0x00, 0x00,
  0x23, 0x00, 0x00, 0x00, 0x14, 0x00, 0x00, 0x00, 0x47, 0x00, 0x04, 0x00, 0x0F, 0x00, 0x00, 0x00,
  0x21, 0x00, 0x00, 0x00, 0x00, 0x00, 0x00, 0x00, 0x47, 0x00, 0x04, 0x00, 0x0F, 0x00, 0x00, 0x00,
  0x22, 0x00, 0x00, 0x00, 0x03, 0x00, 0x00, 0x00, 0x47, 0x00, 0x04, 0x00, 0x20, 0x00, 0x00, 0x00,
  0x21, 0x00, 0x00, 0x00, 0x00, 0x00, 0x00, 0x00, 0x47, 0x00, 0x04, 0x00, 0x20, 0x00, 0x00, 0x00,
  0x22, 0x00, 0x00, 0x00, 0x02, 0x00, 0x00, 0x00, 0x47, 0x00, 0x04, 0x00, 0x25, 0x00, 0x00, 0x00,
  0x21, 0x00, 0x00, 0x00, 0x01, 0x00, 0x00, 0x00, 0x47, 0x00, 0x04, 0x00, 0x25, 0x00, 0x00, 0x00,
  0x22, 0x00, 0x00, 0x00, 0x02, 0x00, 0x00, 0x00, 0x47, 0x00, 0x04, 0x00, 0x55, 0x00, 0x00, 0x00,
  0x1E, 0x00, 0x00, 0x00, 0x00, 0x00, 0x00, 0x00, 0x13, 0x00, 0x02, 0x00, 0x02, 0x00, 0x00, 0x00,
  0x21, 0x00, 0x03, 0x00, 0x03, 0x00, 0x00, 0x00, 0x02, 0x00, 0x00, 0x00, 0x16, 0x00, 0x03, 0x00,
  0x06, 0x00, 0x00, 0x00, 0x20, 0x00, 0x00, 0x00, 0x17, 0x00, 0x04, 0x00, 0x07, 0x00, 0x00, 0x00,
  0x06, 0x00, 0x00, 0x00, 0x02, 0x00, 0x00, 0x00, 0x20, 0x00, 0x04, 0x00, 0x08, 0x00, 0x00, 0x00,
  0x07, 0x00, 0x00, 0x00, 0x07, 0x00, 0x00, 0x00, 0x20, 0x00, 0x04, 0x00, 0x0A, 0x00, 0x00, 0x00,
  0x01, 0x00, 0x00, 0x00, 0x07, 0x00, 0x00, 0x00, 0x3B, 0x00, 0x04, 0x00, 0x0A, 0x00, 0x00, 0x00,
  0x0B, 0x00, 0x00, 0x00, 0x01, 0x00, 0x00, 0x00, 0x1E, 0x00, 0x06, 0x00, 0x0D, 0x00, 0x00, 0x00,
  0x07, 0x00, 0x00, 0x00, 0x07, 0x00, 0x00, 0x00, 0x06, 0x00, 0x00, 0x00, 0x06, 0x00, 0x00, 0x00,
  0x20, 0x00, 0x04, 0x00, 0x0E, 0x00, 0x00, 0x00, 0x02, 0x00, 0x00, 0x00, 0x0D, 0x00, 0x00, 0x00,
  0x3B, 0x00, 0x04, 0x00, 0x0E, 0x00, 0x00, 0x00, 0x0F, 0x00, 0x00, 0x00, 0x02, 0x00, 0x00, 0x00,
  0x15, 0x00, 0x04, 0x00, 0x10, 0x00, 0x00, 0x00, 0x20, 0x00, 0x00, 0x00, 0x01, 0x00, 0x00, 0x00,
  0x2B, 0x00, 0x04, 0x00, 0x10, 0x00, 0x00, 0x00, 0x11, 0x00, 0x00, 0x00, 0x01, 0x00, 0x00, 0x00,
  0x20, 0x00, 0x04, 0x00, 0x12, 0x00, 0x00, 0x00, 0x02, 0x00, 0x00, 0x00, 0x07, 0x00, 0x00, 0x00,
  0x2B, 0x00, 0x04, 0x00, 0x10, 0x00, 0x00, 0x00, 0x16, 0x00, 0x00, 0x00, 0x00, 0x00, 0x00, 0x00,
  0x17, 0x00, 0x04, 0x00, 0x1A, 0x00, 0x00, 0x00, 0x06, 0x00, 0x00, 0x00, 0x04, 0x00, 0x00, 0x00,
  0x20, 0x00, 0x04, 0x00, 0x1B, 0x00, 0x00, 0x00, 0x07, 0x00, 0x00, 0x00, 0x1A, 0x00, 0x00, 0x00,
  0x19, 0x00, 0x09, 0x00, 0x1D, 0x00, 0x00, 0x00, 0x06, 0x00, 0x00, 0x00, 0x01, 0x00, 0x00, 0x00,
  0x00, 0x00, 0x00, 0x00, 0x00, 0x00, 0x00, 0x00, 0x00, 0x00, 0x00, 0x00, 0x01, 0x00, 0x00, 0x00,
  0x00, 0x00, 0x00, 0x00, 0x1B, 0x00, 0x03, 0x00, 0x1E, 0x00, 0x00, 0x00, 0x1D, 0x00, 0x00, 0x00,
  0x20, 0x00, 0x04, 0x00, 0x1F, 0x00, 0x00, 0x00, 0x00, 0x00, 0x00, 0x00, 0x1E, 0x00, 0x00, 0x00,
  0x3B, 0x00, 0x04, 0x00, 0x1F, 0x00, 0x00, 0x00, 0x20, 0x00, 0x00, 0x00, 0x00, 0x00, 0x00, 0x00,
  0x3B, 0x00, 0x04, 0x00, 0x1F, 0x00, 0x00, 0x00, 0x25, 0x00, 0x00, 0x00, 0x00, 0x00, 0x00, 0x00,
  0x20, 0x00, 0x04, 0x00, 0x29, 0x00, 0x00, 0x00, 0x07, 0x00, 0x00, 0x00, 0x06, 0x00, 0x00, 0x00,
  0x15, 0x00, 0x04, 0x00, 0x2B, 0x00, 0x00, 0x00, 0x20, 0x00, 0x00, 0x00, 0x00, 0x00, 0x00, 0x00,
  0x2B, 0x00, 0x04, 0x00, 0x2B, 0x00, 0x00, 0x00, 0x2C, 0x00, 0x00, 0x00, 0x03, 0x00, 0x00, 0x00,
  0x2B, 0x00, 0x04, 0x00, 0x10, 0x00, 0x00, 0x00, 0x2F, 0x00, 0x00, 0x00, 0x02, 0x00, 0x00, 0x00,
  0x20, 0x00, 0x04, 0x00, 0x30, 0x00, 0x00, 0x00, 0x02, 0x00, 0x00, 0x00, 0x06, 0x00, 0x00, 0x00,
  0x2B, 0x00, 0x04, 0x00, 0x06, 0x00, 0x00, 0x00, 0x3B, 0x00, 0x00, 0x00, 0x00, 0x00, 0x80, 0x3F,
  0x2B, 0x00, 0x04, 0x00, 0x06, 0x00, 0x00, 0x00, 0x40, 0x00, 0x00, 0x00, 0x6F, 0x12, 0x83, 0x3A,
  0x17, 0x00, 0x04, 0x00, 0x4A, 0x00, 0x00, 0x00, 0x06, 0x00, 0x00, 0x00, 0x03, 0x00, 0x00, 0x00,
  0x20, 0x00, 0x04, 0x00, 0x4B, 0x00, 0x00, 0x00, 0x07, 0x00, 0x00, 0x00, 0x4A, 0x00, 0x00, 0x00,
  0x20, 0x00, 0x04, 0x00, 0x54, 0x00, 0x00, 0x00, 0x03, 0x00, 0x00, 0x00, 0x1A, 0x00, 0x00, 0x00,
  0x3B, 0x00, 0x04, 0x00, 0x54, 0x00, 0x00, 0x00, 0x55, 0x00, 0x00, 0x00, 0x03, 0x00, 0x00, 0x00,
  0x36, 0x00, 0x05, 0x00, 0x02, 0x00, 0x00, 0x00, 0x04, 0x00, 0x00, 0x00, 0x00, 0x00, 0x00, 0x00,
  0x03, 0x00, 0x00, 0x00, 0xF8, 0x00, 0x02, 0x00, 0x05, 0x00, 0x00, 0x00, 0x3B, 0x00, 0x04, 0x00,
  0x08, 0x00, 0x00, 0x00, 0x09, 0x00, 0x00, 0x00, 0x07, 0x00, 0x00, 0x00, 0x3B, 0x00, 0x04, 0x00,
  0x1B, 0x00, 0x00, 0x00, 0x1C, 0x00, 0x00, 0x00, 0x07, 0x00, 0x00, 0x00, 0x3B, 0x00, 0x04, 0x00,
  0x1B, 0x00, 0x00, 0x00, 0x24, 0x00, 0x00, 0x00, 0x07, 0x00, 0x00, 0x00, 0x3B, 0x00, 0x04, 0x00,
  0x29, 0x00, 0x00, 0x00, 0x2A, 0x00, 0x00, 0x00, 0x07, 0x00, 0x00, 0x00, 0x3B, 0x00, 0x04, 0x00,
  0x29, 0x00, 0x00, 0x00, 0x34, 0x00, 0x00, 0x00, 0x07, 0x00, 0x00, 0x00, 0x3B, 0x00, 0x04, 0x00,
  0x29, 0x00, 0x00, 0x00, 0x37, 0x00, 0x00, 0x00, 0x07, 0x00, 0x00, 0x00, 0x3B, 0x00, 0x04, 0x00,
  0x29, 0x00, 0x00, 0x00, 0x43, 0x00, 0x00, 0x00, 0x07, 0x00, 0x00, 0x00, 0x3B, 0x00, 0x04, 0x00,
  0x4B, 0x00, 0x00, 0x00, 0x4C, 0x00, 0x00, 0x00, 0x07, 0x00, 0x00, 0x00, 0x3D, 0x00, 0x04, 0x00,
  0x07, 0x00, 0x00, 0x00, 0x0C, 0x00, 0x00, 0x00, 0x0B, 0x00, 0x00, 0x00, 0x41, 0x00, 0x05, 0x00,
  0x12, 0x00, 0x00, 0x00, 0x13, 0x00, 0x00, 0x00, 0x0F, 0x00, 0x00, 0x00, 0x11, 0x00, 0x00, 0x00,
  0x3D, 0x00, 0x04, 0x00, 0x07, 0x00, 0x00, 0x00, 0x14, 0x00, 0x00, 0x00, 0x13, 0x00, 0x00, 0x00,
  0x85, 0x00, 0x05, 0x00, 0x07, 0x00, 0x00, 0x00, 0x15, 0x00, 0x00, 0x00, 0x0C, 0x00, 0x00, 0x00,
  0x14, 0x00, 0x00, 0x00, 0x41, 0x00, 0x05, 0x00, 0x12, 0x00, 0x00, 0x00, 0x17, 0x00, 0x00, 0x00,
  0x0F, 0x00, 0x00, 0x00, 0x16, 0x00, 0x00, 0x00, 0x3D, 0x00, 0x04, 0x00, 0x07, 0x00, 0x00, 0x00,
  0x18, 0x00, 0x00, 0x00, 0x17, 0x00, 0x00, 0x00, 0x81, 0x00, 0x05, 0x00, 0x07, 0x00, 0x00, 0x00,
  0x19, 0x00, 0x00, 0x00, 0x15, 0x00, 0x00, 0x00, 0x18, 0x00, 0x00, 0x00, 0x3E, 0x00, 0x03, 0x00,
  0x09, 0x00, 0x00, 0x00, 0x19, 0x00, 0x00, 0x00, 0x3D, 0x00, 0x04, 0x00, 0x1E, 0x00, 0x00, 0x00,
  0x21, 0x00, 0x00, 0x00, 0x20, 0x00, 0x00, 0x00, 0x3D, 0x00, 0x04, 0x00, 0x07, 0x00, 0x00, 0x00,
  0x22, 0x00, 0x00, 0x00, 0x09, 0x00, 0x00, 0x00, 0x57, 0x00, 0x05, 0x00, 0x1A, 0x00, 0x00, 0x00,
  0x23, 0x00, 0x00, 0x00, 0x21, 0x00, 0x00, 0x00, 0x22, 0x00, 0x00, 0x00, 0x3E, 0x00, 0x03, 0x00,
  0x1C, 0x00, 0x00, 0x00, 0x23, 0x00, 0x00, 0x00, 0x3D, 0x00, 0x04, 0x00, 0x1E, 0x00, 0x00, 0x00,
  0x26, 0x00, 0x00, 0x00, 0x25, 0x00, 0x00, 0x00, 0x3D, 0x00, 0x04, 0x00, 0x07, 0x00, 0x00, 0x00,
  0x27, 0x00, 0x00, 0x00, 0x09, 0x00, 0x00, 0x00, 0x57, 0x00, 0x05, 0x00, 0x1A, 0x00, 0x00, 0x00,
  0x28, 0x00, 0x00, 0x00, 0x26, 0x00, 0x00, 0x00, 0x27, 0x00, 0x00, 0x00, 0x3E, 0x00, 0x03, 0x00,
  0x24, 0x00, 0x00, 0x00, 0x28, 0x00, 0x00, 0x00, 0x41, 0x00, 0x05, 0x00, 0x29, 0x00, 0x00, 0x00,
  0x2D, 0x00, 0x00, 0x00, 0x1C, 0x00, 0x00, 0x00, 0x2C, 0x00, 0x00, 0x00, 0x3D, 0x00, 0x04, 0x00,
  0x06, 0x00, 0x00, 0x00, 0x2E, 0x00, 0x00, 0x00, 0x2D, 0x00, 0x00, 0x00, 0x41, 0x00, 0x05, 0x00,
  0x30, 0x00, 0x00, 0x00, 0x31, 0x00, 0x00, 0x00, 0x0F, 0x00, 0x00, 0x00, 0x2F, 0x00, 0x00, 0x00,
  0x3D, 0x00, 0x04, 0x00, 0x06, 0x00, 0x00, 0x00, 0x32, 0x00, 0x00, 0x00, 0x31, 0x00, 0x00, 0x00,
  0x85, 0x00, 0x05, 0x00, 0x06, 0x00, 0x00, 0x00, 0x33, 0x00, 0x00, 0x00, 0x2E, 0x00, 0x00, 0x00,
  0x32, 0x00, 0x00, 0x00, 0x3E, 0x00, 0x03, 0x00, 0x2A, 0x00, 0x00, 0x00, 0x33, 0x00, 0x00, 0x00,
  0x41, 0x00, 0x05, 0x00, 0x29, 0x00, 0x00, 0x00, 0x35, 0x00, 0x00, 0x00, 0x24, 0x00, 0x00, 0x00,
  0x2C, 0x00, 0x00, 0x00, 0x3D, 0x00, 0x04, 0x00, 0x06, 0x00, 0x00, 0x00, 0x36, 0x00, 0x00, 0x00,
  0x35, 0x00, 0x00, 0x00, 0x3E, 0x00, 0x03, 0x00, 0x34, 0x00, 0x00, 0x00, 0x36, 0x00, 0x00, 0x00,
  0x3D, 0x00, 0x04, 0x00, 0x06, 0x00, 0x00, 0x00, 0x38, 0x00, 0x00, 0x00, 0x2A, 0x00, 0x00, 0x00,
  0x3D, 0x00, 0x04, 0x00, 0x06, 0x00, 0x00, 0x00, 0x39, 0x00, 0x00, 0x00, 0x2A, 0x00, 0x00, 0x00,
  0x3D, 0x00, 0x04, 0x00, 0x06, 0x00, 0x00, 0x00, 0x3A, 0x00, 0x00, 0x00, 0x34, 0x00, 0x00, 0x00,
  0x3D, 0x00, 0x04, 0x00, 0x06, 0x00, 0x00, 0x00, 0x3C, 0x00, 0x00, 0x00, 0x2A, 0x00, 0x00, 0x00,
  0x83, 0x00, 0x05, 0x00, 0x06, 0x00, 0x00, 0x00, 0x3D, 0x00, 0x00, 0x00, 0x3B, 0x00, 0x00, 0x00,
  0x3C, 0x00, 0x00, 0x00, 0x85, 0x00, 0x05, 0x00, 0x06, 0x00, 0x00, 0x00, 0x3E, 0x00, 0x00, 0x00,
  0x3A, 0x00, 0x00, 0x00, 0x3D, 0x00, 0x00, 0x00, 0x81, 0x00, 0x05, 0x00, 0x06, 0x00, 0x00, 0x00,
  0x3F, 0x00, 0x00, 0x00, 0x39, 0x00, 0x00, 0x00, 0x3E, 0x00, 0x00, 0x00, 0x0C, 0x00, 0x07, 0x00,
  0x06, 0x00, 0x00, 0x00, 0x41, 0x00, 0x00, 0x00, 0x01, 0x00, 0x00, 0x00, 0x28, 0x00, 0x00, 0x00,
  0x3F, 0x00, 0x00, 0x00, 0x40, 0x00, 0x00, 0x00, 0x88, 0x00, 0x05, 0x00, 0x06, 0x00, 0x00, 0x00,
  0x42, 0x00, 0x00, 0x00, 0x38, 0x00, 0x00, 0x00, 0x41, 0x00, 0x00, 0x00, 0x3E, 0x00, 0x03, 0x00,
  0x37, 0x00, 0x00, 0x00, 0x42, 0x00, 0x00, 0x00, 0x3D, 0x00, 0x04, 0x00, 0x06, 0x00, 0x00, 0x00,
  0x44, 0x00, 0x00, 0x00, 0x2A, 0x00, 0x00, 0x00, 0x3D, 0x00, 0x04, 0x00, 0x06, 0x00, 0x00, 0x00,
  0x45, 0x00, 0x00, 0x00, 0x34, 0x00, 0x00, 0x00, 0x3D, 0x00, 0x04, 0x00, 0x06, 0x00, 0x00, 0x00,
  0x46, 0x00, 0x00, 0x00, 0x2A, 0x00, 0x00, 0x00, 0x83, 0x00, 0x05, 0x00, 0x06, 0x00, 0x00, 0x00,
  0x47, 0x00, 0x00, 0x00, 0x3B, 0x00, 0x00, 0x00, 0x46, 0x00, 0x00, 0x00, 0x85, 0x00, 0x05, 0x00,
  0x06, 0x00, 0x00, 0x00, 0x48, 0x00, 0x00, 0x00, 0x45, 0x00, 0x00, 0x00, 0x47, 0x00, 0x00, 0x00,
  0x81, 0x00, 0x05, 0x00, 0x06, 0x00, 0x00, 0x00, 0x49, 0x00, 0x00, 0x00, 0x44, 0x00, 0x00, 0x00,
  0x48, 0x00, 0x00, 0x00, 0x3E, 0x00, 0x03, 0x00, 0x43, 0x00, 0x00, 0x00, 0x49, 0x00, 0x00, 0x00,
  0x3D, 0x00, 0x04, 0x00, 0x1A, 0x00, 0x00, 0x00, 0x4D, 0x00, 0x00, 0x00, 0x24, 0x00, 0x00, 0x00,
  0x4F, 0x00, 0x08, 0x00, 0x4A, 0x00, 0x00, 0x00, 0x4E, 0x00, 0x00, 0x00, 0x4D, 0x00, 0x00, 0x00,
  0x4D, 0x00, 0x00, 0x00, 0x00, 0x00, 0x00, 0x00, 0x01, 0x00, 0x00, 0x00, 0x02, 0x00, 0x00, 0x00,
  0x3D, 0x00, 0x04, 0x00, 0x1A, 0x00, 0x00, 0x00, 0x4F, 0x00, 0x00, 0x00, 0x1C, 0x00, 0x00, 0x00,
  0x4F, 0x00, 0x08, 0x00, 0x4A, 0x00, 0x00, 0x00, 0x50, 0x00, 0x00, 0x00, 0x4F, 0x00, 0x00, 0x00,
  0x4F, 0x00, 0x00, 0x00, 0x00, 0x00, 0x00, 0x00, 0x01, 0x00, 0x00, 0x00, 0x02, 0x00, 0x00, 0x00,
  0x3D, 0x00, 0x04, 0x00, 0x06, 0x00, 0x00, 0x00, 0x51, 0x00, 0x00, 0x00, 0x37, 0x00, 0x00, 0x00,
  0x50, 0x00, 0x06, 0x00, 0x4A, 0x00, 0x00, 0x00, 0x52, 0x00, 0x00, 0x00, 0x51, 0x00, 0x00, 0x00,
  0x51, 0x00, 0x00, 0x00, 0x51, 0x00, 0x00, 0x00, 0x0C, 0x00, 0x08, 0x00, 0x4A, 0x00, 0x00, 0x00,
  0x53, 0x00, 0x00, 0x00, 0x01, 0x00, 0x00, 0x00, 0x2E, 0x00, 0x00, 0x00, 0x4E, 0x00, 0x00, 0x00,
  0x50, 0x00, 0x00, 0x00, 0x52, 0x00, 0x00, 0x00, 0x3E, 0x00, 0x03, 0x00, 0x4C, 0x00, 0x00, 0x00,
  0x53, 0x00, 0x00, 0x00, 0x3D, 0x00, 0x04, 0x00, 0x4A, 0x00, 0x00, 0x00, 0x56, 0x00, 0x00, 0x00,
  0x4C, 0x00, 0x00, 0x00, 0x3D, 0x00, 0x04, 0x00, 0x06, 0x00, 0x00, 0x00, 0x57, 0x00, 0x00, 0x00,
  0x43, 0x00, 0x00, 0x00, 0x51, 0x00, 0x05, 0x00, 0x06, 0x00, 0x00, 0x00, 0x58, 0x00, 0x00, 0x00,
  0x56, 0x00, 0x00, 0x00, 0x00, 0x00, 0x00, 0x00, 0x51, 0x00, 0x05, 0x00, 0x06, 0x00, 0x00, 0x00,
  0x59, 0x00, 0x00, 0x00, 0x56, 0x00, 0x00, 0x00, 0x01, 0x00, 0x00, 0x00, 0x51, 0x00, 0x05, 0x00,
  0x06, 0x00, 0x00, 0x00, 0x5A, 0x00, 0x00, 0x00, 0x56, 0x00, 0x00, 0x00, 0x02, 0x00, 0x00, 0x00,
  0x50, 0x00, 0x07, 0x00, 0x1A, 0x00, 0x00, 0x00, 0x5B, 0x00, 0x00, 0x00, 0x58, 0x00, 0x00, 0x00,
  0x59, 0x00, 0x00, 0x00, 0x5A, 0x00, 0x00, 0x00, 0x57, 0x00, 0x00, 0x00, 0x3E, 0x00, 0x03, 0x00,
  0x55, 0x00, 0x00, 0x00, 0x5B, 0x00, 0x00, 0x00, 0xFD, 0x00, 0x01, 0x00, 0x38, 0x00, 0x01, 0x00,
};

static const unsigned int g_apply_colormap_a_fragSpvSize = 1824;
static const unsigned char g_apply_colormap_a_fragSpv[] = {
  0x03, 0x02, 0x23, 0x07, 0x00, 0x00, 0x01, 0x00, 0x0B, 0x00, 0x0D, 0x00, 0x3F, 0x00, 0x00, 0x00,
  0x00, 0x00, 0x00, 0x00, 0x11, 0x00, 0x02, 0x00, 0x01, 0x00, 0x00, 0x00, 0x0B, 0x00, 0x06, 0x00,
  0x01, 0x00, 0x00, 0x00, 0x47, 0x4C, 0x53, 0x4C, 0x2E, 0x73, 0x74, 0x64, 0x2E, 0x34, 0x35, 0x30,
  0x00, 0x00, 0x00, 0x00, 0x0E, 0x00, 0x03, 0x00, 0x00, 0x00, 0x00, 0x00, 0x01, 0x00, 0x00, 0x00,
  0x0F, 0x00, 0x07, 0x00, 0x04, 0x00, 0x00, 0x00, 0x04, 0x00, 0x00, 0x00, 0x6D, 0x61, 0x69, 0x6E,
  0x00, 0x00, 0x00, 0x00, 0x0B, 0x00, 0x00, 0x00, 0x2F, 0x00, 0x00, 0x00, 0x10, 0x00, 0x03, 0x00,
  0x04, 0x00, 0x00, 0x00, 0x07, 0x00, 0x00, 0x00, 0x03, 0x00, 0x03, 0x00, 0x02, 0x00, 0x00, 0x00,
  0xC2, 0x01, 0x00, 0x00, 0x04, 0x00, 0x0A, 0x00, 0x47, 0x4C, 0x5F, 0x47, 0x4F, 0x4F, 0x47, 0x4C,
  0x45, 0x5F, 0x63, 0x70, 0x70, 0x5F, 0x73, 0x74, 0x79, 0x6C, 0x65, 0x5F, 0x6C, 0x69, 0x6E, 0x65,
  0x5F, 0x64, 0x69, 0x72, 0x65, 0x63, 0x74, 0x69, 0x76, 0x65, 0x00, 0x00, 0x04, 0x00, 0x08, 0x00,
  0x47, 0x4C, 0x5F, 0x47, 0x4F, 0x4F, 0x47, 0x4C, 0x45, 0x5F, 0x69, 0x6E, 0x63, 0x6C, 0x75, 0x64,
  0x65, 0x5F, 0x64, 0x69, 0x72, 0x65, 0x63, 0x74, 0x69, 0x76, 0x65, 0x00, 0x05, 0x00, 0x04, 0x00,
  0x04, 0x00, 0x00, 0x00, 0x6D, 0x61, 0x69, 0x6E, 0x00, 0x00, 0x00, 0x00, 0x05, 0x00, 0x03, 0x00,
  0x09, 0x00, 0x00, 0x00, 0x75, 0x76, 0x00, 0x00, 0x05, 0x00, 0x03, 0x00, 0x0B, 0x00, 0x00, 0x00,
  0x76, 0x55, 0x56, 0x00, 0x05, 0x00, 0x05, 0x00, 0x0D, 0x00, 0x00, 0x00, 0x46, 0x72, 0x61, 0x67,
  0x50, 0x61, 0x72, 0x61, 0x6D, 0x73, 0x00, 0x00, 0x06, 0x00, 0x06, 0x00, 0x0D, 0x00, 0x00, 0x00,
  0x00, 0x00, 0x00, 0x00, 0x75, 0x76, 0x4F, 0x66, 0x66, 0x73, 0x65, 0x74, 0x00, 0x00, 0x00, 0x00,
  0x06, 0x00, 0x05, 0x00, 0x0D, 0x00, 0x00, 0x00, 0x01, 0x00, 0x00, 0x00, 0x75, 0x76, 0x53, 0x63,
  0x61, 0x6C, 0x65, 0x00, 0x06, 0x00, 0x05, 0x00, 0x0D, 0x00, 0x00, 0x00, 0x02, 0x00, 0x00, 0x00,
  0x6F, 0x70, 0x61, 0x63, 0x69, 0x74, 0x79, 0x00, 0x06, 0x00, 0x04, 0x00, 0x0D, 0x00, 0x00, 0x00,
  0x03, 0x00, 0x00, 0x00, 0x70, 0x61, 0x64, 0x00, 0x05, 0x00, 0x03, 0x00, 0x0F, 0x00, 0x00, 0x00,
  0x75, 0x50, 0x00, 0x00, 0x05, 0x00, 0x04, 0x00, 0x1B, 0x00, 0x00, 0x00, 0x6D, 0x61, 0x73, 0x6B,
  0x00, 0x00, 0x00, 0x00, 0x05, 0x00, 0x04, 0x00, 0x1F, 0x00, 0x00, 0x00, 0x75, 0x54, 0x65, 0x78,
  0x00, 0x00, 0x00, 0x00, 0x05, 0x00, 0x03, 0x00, 0x27, 0x00, 0x00, 0x00, 0x61, 0x00, 0x00, 0x00,
  0x05, 0x00, 0x05, 0x00, 0x2F, 0x00, 0x00, 0x00, 0x46, 0x72, 0x61, 0x67, 0x43, 0x6F, 0x6C, 0x6F,
  0x72, 0x00, 0x00, 0x00, 0x05, 0x00, 0x05, 0x00, 0x30, 0x00, 0x00, 0x00, 0x43, 0x6F, 0x6C, 0x6F,
  0x72, 0x50, 0x61, 0x72, 0x61, 0x6D, 0x73, 0x00, 0x06, 0x00, 0x06, 0x00, 0x30, 0x00, 0x00, 0x00,
  0x00, 0x00, 0x00, 0x00, 0x74, 0x65, 0x78, 0x74, 0x5F, 0x63, 0x6F, 0x6C, 0x6F, 0x72, 0x00, 0x00,
  0x05, 0x00, 0x03, 0x00, 0x32, 0x00, 0x00, 0x00, 0x75, 0x43, 0x00, 0x00, 0x47, 0x00, 0x04, 0x00,
  0x0B, 0x00, 0x00, 0x00, 0x1E, 0x00, 0x00, 0x00, 0x00, 0x00, 0x00, 0x00, 0x47, 0x00, 0x03, 0x00,
  0x0D, 0x00, 0x00, 0x00, 0x02, 0x00, 0x00, 0x00, 0x48, 0x00, 0x05, 0x00, 0x0D, 0x00, 0x00, 0x00,
  0x00, 0x00, 0x00, 0x00, 0x23, 0x00, 0x00, 0x00, 0x00, 0x00, 0x00, 0x00, 0x48, 0x00, 0x05, 0x00,
  0x0D, 0x00, 0x00, 0x00, 0x01, 0x00, 0x00, 0x00, 0x23, 0x00, 0x00, 0x00, 0x08, 0x00, 0x00, 0x00,
  0x48, 0x00, 0x05, 0x00, 0x0D, 0x00, 0x00, 0x00, 0x02, 0x00, 0x00, 0x00, 0x23, 0x00, 0x00, 0x00,
  0x10, 0x00, 0x00, 0x00, 0x48, 0x00, 0x05, 0x00, 0x0D, 0x00, 0x00, 0x00, 0x03, 0x00, 0x00, 0x00,
  0x23, 0x00, 0x00, 0x00, 0x14, 0x00, 0x00, 0x00, 0x47, 0x00, 0x04, 0x00, 0x0F, 0x00, 0x00, 0x00,
  0x21, 0x00, 0x00, 0x00, 0x00, 0x00, 0x00, 0x00, 0x47, 0x00, 0x04, 0x00, 0x0F, 0x00, 0x00, 0x00,
  0x22, 0x00, 0x00, 0x00, 0x03, 0x00, 0x00, 0x00, 0x47, 0x00, 0x04, 0x00, 0x1F, 0x00, 0x00, 0x00,
  0x21, 0x00, 0x00, 0x00, 0x00, 0x00, 0x00, 0x00, 0x47, 0x00, 0x04, 0x00, 0x1F, 0x00, 0x00, 0x00,
  0x22, 0x00, 0x00, 0x00, 0x02, 0x00, 0x00, 0x00, 0x47, 0x00, 0x04, 0x00, 0x2F, 0x00, 0x00, 0x00,
  0x1E, 0x00, 0x00, 0x00, 0x00, 0x00, 0x00, 0x00, 0x47, 0x00, 0x03, 0x00, 0x30, 0x00, 0x00, 0x00,
  0x02, 0x00, 0x00, 0x00, 0x48, 0x00, 0x05, 0x00, 0x30, 0x00, 0x00, 0x00, 0x00, 0x00, 0x00, 0x00,
  0x23, 0x00, 0x00, 0x00, 0x00, 0x00, 0x00, 0x00, 0x47, 0x00, 0x04, 0x00, 0x32, 0x00, 0x00, 0x00,
  0x21, 0x00, 0x00, 0x00, 0x01, 0x00, 0x00, 0x00, 0x47, 0x00, 0x04, 0x00, 0x32, 0x00, 0x00, 0x00,
  0x22, 0x00, 0x00, 0x00, 0x03, 0x00, 0x00, 0x00, 0x13, 0x00, 0x02, 0x00, 0x02, 0x00, 0x00, 0x00,
  0x21, 0x00, 0x03, 0x00, 0x03, 0x00, 0x00, 0x00, 0x02, 0x00, 0x00, 0x00, 0x16, 0x00, 0x03, 0x00,
  0x06, 0x00, 0x00, 0x00, 0x20, 0x00, 0x00, 0x00, 0x17, 0x00, 0x04, 0x00, 0x07, 0x00, 0x00, 0x00,
  0x06, 0x00, 0x00, 0x00, 0x02, 0x00, 0x00, 0x00, 0x20, 0x00, 0x04, 0x00, 0x08, 0x00, 0x00, 0x00,
  0x07, 0x00, 0x00, 0x00, 0x07, 0x00, 0x00, 0x00, 0x20, 0x00, 0x04, 0x00, 0x0A, 0x00, 0x00, 0x00,
  0x01, 0x00, 0x00, 0x00, 0x07, 0x00, 0x00, 0x00, 0x3B, 0x00, 0x04, 0x00, 0x0A, 0x00, 0x00, 0x00,
  0x0B, 0x00, 0x00, 0x00, 0x01, 0x00, 0x00, 0x00, 0x1E, 0x00, 0x06, 0x00, 0x0D, 0x00, 0x00, 0x00,
  0x07, 0x00, 0x00, 0x00, 0x07, 0x00, 0x00, 0x00, 0x06, 0x00, 0x00, 0x00, 0x06, 0x00, 0x00, 0x00,
  0x20, 0x00, 0x04, 0x00, 0x0E, 0x00, 0x00, 0x00, 0x02, 0x00, 0x00, 0x00, 0x0D, 0x00, 0x00, 0x00,
  0x3B, 0x00, 0x04, 0x00, 0x0E, 0x00, 0x00, 0x00, 0x0F, 0x00, 0x00, 0x00, 0x02, 0x00, 0x00, 0x00,
  0x15, 0x00, 0x04, 0x00, 0x10, 0x00, 0x00, 0x00, 0x20, 0x00, 0x00, 0x00, 0x01, 0x00, 0x00, 0x00,
  0x2B, 0x00, 0x04, 0x00, 0x10, 0x00, 0x00, 0x00, 0x11, 0x00, 0x00, 0x00, 0x01, 0x00, 0x00, 0x00,
  0x20, 0x00, 0x04, 0x00, 0x12, 0x00, 0x00, 0x00, 0x02, 0x00, 0x00, 0x00, 0x07, 0x00, 0x00, 0x00,
  0x2B, 0x00, 0x04, 0x00, 0x10, 0x00, 0x00, 0x00, 0x16, 0x00, 0x00, 0x00, 0x00, 0x00, 0x00, 0x00,
  0x20, 0x00, 0x04, 0x00, 0x1A, 0x00, 0x00, 0x00, 0x07, 0x00, 0x00, 0x00, 0x06, 0x00, 0x00, 0x00,
  0x19, 0x00, 0x09, 0x00, 0x1C, 0x00, 0x00, 0x00, 0x06, 0x00, 0x00, 0x00, 0x01, 0x00, 0x00, 0x00,
  0x00, 0x00, 0x00, 0x00, 0x00, 0x00, 0x00, 0x00, 0x00, 0x00, 0x00, 0x00, 0x01, 0x00, 0x00, 0x00,
  0x00, 0x00, 0x00, 0x00, 0x1B, 0x00, 0x03, 0x00, 0x1D, 0x00, 0x00, 0x00, 0x1C, 0x00, 0x00, 0x00,
  0x20, 0x00, 0x04, 0x00, 0x1E, 0x00, 0x00, 0x00, 0x00, 0x00, 0x00, 0x00, 0x1D, 0x00, 0x00, 0x00,
  0x3B, 0x00, 0x04, 0x00, 0x1E, 0x00, 0x00, 0x00, 0x1F, 0x00, 0x00, 0x00, 0x00, 0x00, 0x00, 0x00,
  0x17, 0x00, 0x04, 0x00, 0x22, 0x00, 0x00, 0x00, 0x06, 0x00, 0x00, 0x00, 0x04, 0x00, 0x00, 0x00,
  0x15, 0x00, 0x04, 0x00, 0x24, 0x00, 0x00, 0x00, 0x20, 0x00, 0x00, 0x00, 0x00, 0x00, 0x00, 0x00,
  0x2B, 0x00, 0x04, 0x00, 0x24, 0x00, 0x00, 0x00, 0x25, 0x00, 0x00, 0x00, 0x00, 0x00, 0x00, 0x00,
  0x2B, 0x00, 0x04, 0x00, 0x10, 0x00, 0x00, 0x00, 0x29, 0x00, 0x00, 0x00, 0x02, 0x00, 0x00, 0x00,
  0x20, 0x00, 0x04, 0x00, 0x2A, 0x00, 0x00, 0x00, 0x02, 0x00, 0x00, 0x00, 0x06, 0x00, 0x00, 0x00,
  0x20, 0x00, 0x04, 0x00, 0x2E, 0x00, 0x00, 0x00, 0x03, 0x00, 0x00, 0x00, 0x22, 0x00, 0x00, 0x00,
  0x3B, 0x00, 0x04, 0x00, 0x2E, 0x00, 0x00, 0x00, 0x2F, 0x00, 0x00, 0x00, 0x03, 0x00, 0x00, 0x00,
  0x1E, 0x00, 0x03, 0x00, 0x30, 0x00, 0x00, 0x00, 0x22, 0x00, 0x00, 0x00, 0x20, 0x00, 0x04, 0x00,
  0x31, 0x00, 0x00, 0x00, 0x02, 0x00, 0x00, 0x00, 0x30, 0x00, 0x00, 0x00, 0x3B, 0x00, 0x04, 0x00,
  0x31, 0x00, 0x00, 0x00, 0x32, 0x00, 0x00, 0x00, 0x02, 0x00, 0x00, 0x00, 0x17, 0x00, 0x04, 0x00,
  0x33, 0x00, 0x00, 0x00, 0x06, 0x00, 0x00, 0x00, 0x03, 0x00, 0x00, 0x00, 0x20, 0x00, 0x04, 0x00,
  0x34, 0x00, 0x00, 0x00, 0x02, 0x00, 0x00, 0x00, 0x22, 0x00, 0x00, 0x00, 0x36, 0x00, 0x05, 0x00,
  0x02, 0x00, 0x00, 0x00, 0x04, 0x00, 0x00, 0x00, 0x00, 0x00, 0x00, 0x00, 0x03, 0x00, 0x00, 0x00,
  0xF8, 0x00, 0x02, 0x00, 0x05, 0x00, 0x00, 0x00, 0x3B, 0x00, 0x04, 0x00, 0x08, 0x00, 0x00, 0x00,
  0x09, 0x00, 0x00, 0x00, 0x07, 0x00, 0x00, 0x00, 0x3B, 0x00, 0x04, 0x00, 0x1A, 0x00, 0x00, 0x00,
  0x1B, 0x00, 0x00, 0x00, 0x07, 0x00, 0x00, 0x00, 0x3B, 0x00, 0x04, 0x00, 0x1A, 0x00, 0x00, 0x00,
  0x27, 0x00, 0x00, 0x00, 0x07, 0x00, 0x00, 0x00, 0x3D, 0x00, 0x04, 0x00, 0x07, 0x00, 0x00, 0x00,
  0x0C, 0x00, 0x00, 0x00, 0x0B, 0x00, 0x00, 0x00, 0x41, 0x00, 0x05, 0x00, 0x12, 0x00, 0x00, 0x00,
  0x13, 0x00, 0x00, 0x00, 0x0F, 0x00, 0x00, 0x00, 0x11, 0x00, 0x00, 0x00, 0x3D, 0x00, 0x04, 0x00,
  0x07, 0x00, 0x00, 0x00, 0x14, 0x00, 0x00, 0x00, 0x13, 0x00, 0x00, 0x00, 0x85, 0x00, 0x05, 0x00,
  0x07, 0x00, 0x00, 0x00, 0x15, 0x00, 0x00, 0x00, 0x0C, 0x00, 0x00, 0x00, 0x14, 0x00, 0x00, 0x00,
  0x41, 0x00, 0x05, 0x00, 0x12, 0x00, 0x00, 0x00, 0x17, 0x00, 0x00, 0x00, 0x0F, 0x00, 0x00, 0x00,
  0x16, 0x00, 0x00, 0x00, 0x3D, 0x00, 0x04, 0x00, 0x07, 0x00, 0x00, 0x00, 0x18, 0x00, 0x00, 0x00,
  0x17, 0x00, 0x00, 0x00, 0x81, 0x00, 0x05, 0x00, 0x07, 0x00, 0x00, 0x00, 0x19, 0x00, 0x00, 0x00,
  0x15, 0x00, 0x00, 0x00, 0x18, 0x00, 0x00, 0x00, 0x3E, 0x00, 0x03, 0x00, 0x09, 0x00, 0x00, 0x00,
  0x19, 0x00, 0x00, 0x00, 0x3D, 0x00, 0x04, 0x00, 0x1D, 0x00, 0x00, 0x00, 0x20, 0x00, 0x00, 0x00,
  0x1F, 0x00, 0x00, 0x00, 0x3D, 0x00, 0x04, 0x00, 0x07, 0x00, 0x00, 0x00, 0x21, 0x00, 0x00, 0x00,
  0x09, 0x00, 0x00, 0x00, 0x57, 0x00, 0x05, 0x00, 0x22, 0x00, 0x00, 0x00, 0x23, 0x00, 0x00, 0x00,
  0x20, 0x00, 0x00, 0x00, 0x21, 0x00, 0x00, 0x00, 0x51, 0x00, 0x05, 0x00, 0x06, 0x00, 0x00, 0x00,
  0x26, 0x00, 0x00, 0x00, 0x23, 0x00, 0x00, 0x00, 0x00, 0x00, 0x00, 0x00, 0x3E, 0x00, 0x03, 0x00,
  0x1B, 0x00, 0x00, 0x00, 0x26, 0x00, 0x00, 0x00, 0x3D, 0x00, 0x04, 0x00, 0x06, 0x00, 0x00, 0x00,
  0x28, 0x00, 0x00, 0x00, 0x1B, 0x00, 0x00, 0x00, 0x41, 0x00, 0x05, 0x00, 0x2A, 0x00, 0x00, 0x00,
  0x2B, 0x00, 0x00, 0x00, 0x0F, 0x00, 0x00, 0x00, 0x29, 0x00, 0x00, 0x00, 0x3D, 0x00, 0x04, 0x00,
  0x06, 0x00, 0x00, 0x00, 0x2C, 0x00, 0x00, 0x00, 0x2B, 0x00, 0x00, 0x00, 0x85, 0x00, 0x05, 0x00,
  0x06, 0x00, 0x00, 0x00, 0x2D, 0x00, 0x00, 0x00, 0x28, 0x00, 0x00, 0x00, 0x2C, 0x00, 0x00, 0x00,
  0x3E, 0x00, 0x03, 0x00, 0x27, 0x00, 0x00, 0x00, 0x2D, 0x00, 0x00, 0x00, 0x41, 0x00, 0x05, 0x00,
  0x34, 0x00, 0x00, 0x00, 0x35, 0x00, 0x00, 0x00, 0x32, 0x00, 0x00, 0x00, 0x16, 0x00, 0x00, 0x00,
  0x3D, 0x00, 0x04, 0x00, 0x22, 0x00, 0x00, 0x00, 0x36, 0x00, 0x00, 0x00, 0x35, 0x00, 0x00, 0x00,
  0x4F, 0x00, 0x08, 0x00, 0x33, 0x00, 0x00, 0x00, 0x37, 0x00, 0x00, 0x00, 0x36, 0x00, 0x00, 0x00,
  0x36, 0x00, 0x00, 0x00, 0x00, 0x00, 0x00, 0x00, 0x01, 0x00, 0x00, 0x00, 0x02, 0x00, 0x00, 0x00,
  0x3D, 0x00, 0x04, 0x00, 0x06, 0x00, 0x00, 0x00, 0x38, 0x00, 0x00, 0x00, 0x27, 0x00, 0x00, 0x00,
  0x8E, 0x00, 0x05, 0x00, 0x33, 0x00, 0x00, 0x00, 0x39, 0x00, 0x00, 0x00, 0x37, 0x00, 0x00, 0x00,
  0x38, 0x00, 0x00, 0x00, 0x3D, 0x00, 0x04, 0x00, 0x06, 0x00, 0x00, 0x00, 0x3A, 0x00, 0x00, 0x00,
  0x27, 0x00, 0x00, 0x00, 0x51, 0x00, 0x05, 0x00, 0x06, 0x00, 0x00, 0x00, 0x3B, 0x00, 0x00, 0x00,
  0x39, 0x00, 0x00, 0x00, 0x00, 0x00, 0x00, 0x00, 0x51, 0x00, 0x05, 0x00, 0x06, 0x00, 0x00, 0x00,
  0x3C, 0x00, 0x00, 0x00, 0x39, 0x00, 0x00, 0x00, 0x01, 0x00, 0x00, 0x00, 0x51, 0x00, 0x05, 0x00,
  0x06, 0x00, 0x00, 0x00, 0x3D, 0x00, 0x00, 0x00, 0x39, 0x00, 0x00, 0x00, 0x02, 0x00, 0x00, 0x00,
  0x50, 0x00, 0x07, 0x00, 0x22, 0x00, 0x00, 0x00, 0x3E, 0x00, 0x00, 0x00, 0x3B, 0x00, 0x00, 0x00,
  0x3C, 0x00, 0x00, 0x00, 0x3D, 0x00, 0x00, 0x00, 0x3A, 0x00, 0x00, 0x00, 0x3E, 0x00, 0x03, 0x00,
  0x2F, 0x00, 0x00, 0x00, 0x3E, 0x00, 0x00, 0x00, 0xFD, 0x00, 0x01, 0x00, 0x38, 0x00, 0x01, 0x00,
};

static const unsigned int g_apply_colormap_d_fragSpvSize = 2464;
static const unsigned char g_apply_colormap_d_fragSpv[] = {
  0x03, 0x02, 0x23, 0x07, 0x00, 0x00, 0x01, 0x00, 0x0B, 0x00, 0x0D, 0x00, 0x5A, 0x00, 0x00, 0x00,
  0x00, 0x00, 0x00, 0x00, 0x11, 0x00, 0x02, 0x00, 0x01, 0x00, 0x00, 0x00, 0x0B, 0x00, 0x06, 0x00,
  0x01, 0x00, 0x00, 0x00, 0x47, 0x4C, 0x53, 0x4C, 0x2E, 0x73, 0x74, 0x64, 0x2E, 0x34, 0x35, 0x30,
  0x00, 0x00, 0x00, 0x00, 0x0E, 0x00, 0x03, 0x00, 0x00, 0x00, 0x00, 0x00, 0x01, 0x00, 0x00, 0x00,
  0x0F, 0x00, 0x07, 0x00, 0x04, 0x00, 0x00, 0x00, 0x04, 0x00, 0x00, 0x00, 0x6D, 0x61, 0x69, 0x6E,
  0x00, 0x00, 0x00, 0x00, 0x0B, 0x00, 0x00, 0x00, 0x53, 0x00, 0x00, 0x00, 0x10, 0x00, 0x03, 0x00,
  0x04, 0x00, 0x00, 0x00, 0x07, 0x00, 0x00, 0x00, 0x03, 0x00, 0x03, 0x00, 0x02, 0x00, 0x00, 0x00,
  0xC2, 0x01, 0x00, 0x00, 0x04, 0x00, 0x0A, 0x00, 0x47, 0x4C, 0x5F, 0x47, 0x4F, 0x4F, 0x47, 0x4C,
  0x45, 0x5F, 0x63, 0x70, 0x70, 0x5F, 0x73, 0x74, 0x79, 0x6C, 0x65, 0x5F, 0x6C, 0x69, 0x6E, 0x65,
  0x5F, 0x64, 0x69, 0x72, 0x65, 0x63, 0x74, 0x69, 0x76, 0x65, 0x00, 0x00, 0x04, 0x00, 0x08, 0x00,
  0x47, 0x4C, 0x5F, 0x47, 0x4F, 0x4F, 0x47, 0x4C, 0x45, 0x5F, 0x69, 0x6E, 0x63, 0x6C, 0x75, 0x64,
  0x65, 0x5F, 0x64, 0x69, 0x72, 0x65, 0x63, 0x74, 0x69, 0x76, 0x65, 0x00, 0x05, 0x00, 0x04, 0x00,
  0x04, 0x00, 0x00, 0x00, 0x6D, 0x61, 0x69, 0x6E, 0x00, 0x00, 0x00, 0x00, 0x05, 0x00, 0x03, 0x00,
  0x09, 0x00, 0x00, 0x00, 0x75, 0x76, 0x00, 0x00, 0x05, 0x00, 0x03, 0x00, 0x0B, 0x00, 0x00, 0x00,
  0x76, 0x55, 0x56, 0x00, 0x05, 0x00, 0x05, 0x00, 0x0D, 0x00, 0x00, 0x00, 0x46, 0x72, 0x61, 0x67,
  0x50, 0x61, 0x72, 0x61, 0x6D, 0x73, 0x00, 0x00, 0x06, 0x00, 0x06, 0x00, 0x0D, 0x00, 0x00, 0x00,
  0x00, 0x00, 0x00, 0x00, 0x75, 0x76, 0x4F, 0x66, 0x66, 0x73, 0x65, 0x74, 0x00, 0x00, 0x00, 0x00,
  0x06, 0x00, 0x05, 0x00, 0x0D, 0x00, 0x00, 0x00, 0x01, 0x00, 0x00, 0x00, 0x75, 0x76, 0x53, 0x63,
  0x61, 0x6C, 0x65, 0x00, 0x06, 0x00, 0x05, 0x00, 0x0D, 0x00, 0x00, 0x00, 0x02, 0x00, 0x00, 0x00,
  0x6F, 0x70, 0x61, 0x63, 0x69, 0x74, 0x79, 0x00, 0x06, 0x00, 0x04, 0x00, 0x0D, 0x00, 0x00, 0x00,
  0x03, 0x00, 0x00, 0x00, 0x70, 0x61, 0x64, 0x00, 0x05, 0x00, 0x03, 0x00, 0x0F, 0x00, 0x00, 0x00,
  0x75, 0x50, 0x00, 0x00, 0x05, 0x00, 0x03, 0x00, 0x1C, 0x00, 0x00, 0x00, 0x73, 0x72, 0x63, 0x00,
  0x05, 0x00, 0x04, 0x00, 0x20, 0x00, 0x00, 0x00, 0x75, 0x53, 0x72, 0x63, 0x00, 0x00, 0x00, 0x00,
  0x05, 0x00, 0x03, 0x00, 0x24, 0x00, 0x00, 0x00, 0x64, 0x73, 0x74, 0x00, 0x05, 0x00, 0x04, 0x00,
  0x25, 0x00, 0x00, 0x00, 0x75, 0x44, 0x73, 0x74, 0x00, 0x00, 0x00, 0x00, 0x05, 0x00, 0x04, 0x00,
  0x2A, 0x00, 0x00, 0x00, 0x6D, 0x61, 0x73, 0x6B, 0x00, 0x00, 0x00, 0x00, 0x05, 0x00, 0x05, 0x00,
  0x34, 0x00, 0x00, 0x00, 0x6E, 0x65, 0x77, 0x41, 0x6C, 0x70, 0x68, 0x61, 0x00, 0x00, 0x00, 0x00,
  0x05, 0x00, 0x04, 0x00, 0x41, 0x00, 0x00, 0x00, 0x72, 0x65, 0x73, 0x75, 0x6C, 0x74, 0x00, 0x00,
  0x05, 0x00, 0x05, 0x00, 0x44, 0x00, 0x00, 0x00, 0x43, 0x6F, 0x6C, 0x6F, 0x72, 0x50, 0x61, 0x72,
  0x61, 0x6D, 0x73, 0x00, 0x06, 0x00, 0x06, 0x00, 0x44, 0x00, 0x00, 0x00, 0x00, 0x00, 0x00, 0x00,
  0x74, 0x65, 0x78, 0x74, 0x5F, 0x63, 0x6F, 0x6C, 0x6F, 0x72, 0x00, 0x00, 0x05, 0x00, 0x03, 0x00,
  0x46, 0x00, 0x00, 0x00, 0x00, 0x00, 0x00, 0x00, 0x05, 0x00, 0x05, 0x00, 0x53, 0x00, 0x00, 0x00,
  0x46, 0x72, 0x61, 0x67, 0x43, 0x6F, 0x6C, 0x6F, 0x72, 0x00, 0x00, 0x00, 0x47, 0x00, 0x04, 0x00,
  0x0B, 0x00, 0x00, 0x00, 0x1E, 0x00, 0x00, 0x00, 0x00, 0x00, 0x00, 0x00, 0x47, 0x00, 0x03, 0x00,
  0x0D, 0x00, 0x00, 0x00, 0x02, 0x00, 0x00, 0x00, 0x48, 0x00, 0x05, 0x00, 0x0D, 0x00, 0x00, 0x00,
  0x00, 0x00, 0x00, 0x00, 0x23, 0x00, 0x00, 0x00, 0x00, 0x00, 0x00, 0x00, 0x48, 0x00, 0x05, 0x00,
  0x0D, 0x00, 0x00, 0x00, 0x01, 0x00, 0x00, 0x00, 0x23, 0x00, 0x00, 0x00, 0x08, 0x00, 0x00, 0x00,
  0x48, 0x00, 0x05, 0x00, 0x0D, 0x00, 0x00, 0x00, 0x02, 0x00, 0x00, 0x00, 0x23, 0x00, 0x00, 0x00,
  0x10, 0x00, 0x00, 0x00, 0x48, 0x00, 0x05, 0x00, 0x0D, 0x00, 0x00, 0x00, 0x03, 0x00, 0x00, 0x00,
  0x23, 0x00, 0x00, 0x00, 0x14, 0x00, 0x00, 0x00, 0x47, 0x00, 0x04, 0x00, 0x0F, 0x00, 0x00, 0x00,
  0x21, 0x00, 0x00, 0x00, 0x00, 0x00, 0x00, 0x00, 0x47, 0x00, 0x04, 0x00, 0x0F, 0x00, 0x00, 0x00,
  0x22, 0x00, 0x00, 0x00, 0x03, 0x00, 0x00, 0x00, 0x47, 0x00, 0x04, 0x00, 0x20, 0x00, 0x00, 0x00,
  0x21, 0x00, 0x00, 0x00, 0x00, 0x00, 0x00, 0x00, 0x47, 0x00, 0x04, 0x00, 0x20, 0x00, 0x00, 0x00,
  0x22, 0x00, 0x00, 0x00, 0x02, 0x00, 0x00, 0x00, 0x47, 0x00, 0x04, 0x00, 0x25, 0x00, 0x00, 0x00,
  0x21, 0x00, 0x00, 0x00, 0x01, 0x00, 0x00, 0x00, 0x47, 0x00, 0x04, 0x00, 0x25, 0x00, 0x00, 0x00,
  0x22, 0x00, 0x00, 0x00, 0x02, 0x00, 0x00, 0x00, 0x47, 0x00, 0x03, 0x00, 0x44, 0x00, 0x00, 0x00,
  0x02, 0x00, 0x00, 0x00, 0x48, 0x00, 0x05, 0x00, 0x44, 0x00, 0x00, 0x00, 0x00, 0x00, 0x00, 0x00,
  0x23, 0x00, 0x00, 0x00, 0x00, 0x00, 0x00, 0x00, 0x47, 0x00, 0x04, 0x00, 0x46, 0x00, 0x00, 0x00,
  0x21, 0x00, 0x00, 0x00, 0x01, 0x00, 0x00, 0x00, 0x47, 0x00, 0x04, 0x00, 0x46, 0x00, 0x00, 0x00,
  0x22, 0x00, 0x00, 0x00, 0x03, 0x00, 0x00, 0x00, 0x47, 0x00, 0x04, 0x00, 0x53, 0x00, 0x00, 0x00,
  0x1E, 0x00, 0x00, 0x00, 0x00, 0x00, 0x00, 0x00, 0x13, 0x00, 0x02, 0x00, 0x02, 0x00, 0x00, 0x00,
  0x21, 0x00, 0x03, 0x00, 0x03, 0x00, 0x00, 0x00, 0x02, 0x00, 0x00, 0x00, 0x16, 0x00, 0x03, 0x00,
  0x06, 0x00, 0x00, 0x00, 0x20, 0x00, 0x00, 0x00, 0x17, 0x00, 0x04, 0x00, 0x07, 0x00, 0x00, 0x00,
  0x06, 0x00, 0x00, 0x00, 0x02, 0x00, 0x00, 0x00, 0x20, 0x00, 0x04, 0x00, 0x08, 0x00, 0x00, 0x00,
  0x07, 0x00, 0x00, 0x00, 0x07, 0x00, 0x00, 0x00, 0x20, 0x00, 0x04, 0x00, 0x0A, 0x00, 0x00, 0x00,
  0x01, 0x00, 0x00, 0x00, 0x07, 0x00, 0x00, 0x00, 0x3B, 0x00, 0x04, 0x00, 0x0A, 0x00, 0x00, 0x00,
  0x0B, 0x00, 0x00, 0x00, 0x01, 0x00, 0x00, 0x00, 0x1E, 0x00, 0x06, 0x00, 0x0D, 0x00, 0x00, 0x00,
  0x07, 0x00, 0x00, 0x00, 0x07, 0x00, 0x00, 0x00, 0x06, 0x00, 0x00, 0x00, 0x06, 0x00, 0x00, 0x00,
  0x20, 0x00, 0x04, 0x00, 0x0E, 0x00, 0x00, 0x00, 0x02, 0x00, 0x00, 0x00, 0x0D, 0x00, 0x00, 0x00,
  0x3B, 0x00, 0x04, 0x00, 0x0E, 0x00, 0x00, 0x00, 0x0F, 0x00, 0x00, 0x00, 0x02, 0x00, 0x00, 0x00,
  0x15, 0x00, 0x04, 0x00, 0x10, 0x00, 0x00, 0x00, 0x20, 0x00, 0x00, 0x00, 0x01, 0x00, 0x00, 0x00,
  0x2B, 0x00, 0x04, 0x00, 0x10, 0x00, 0x00, 0x00, 0x11, 0x00, 0x00, 0x00, 0x01, 0x00, 0x00, 0x00,
  0x20, 0x00, 0x04, 0x00, 0x12, 0x00, 0x00, 0x00, 0x02, 0x00, 0x00, 0x00, 0x07, 0x00, 0x00, 0x00,
  0x2B, 0x00, 0x04, 0x00, 0x10, 0x00, 0x00, 0x00, 0x16, 0x00, 0x00, 0x00, 0x00, 0x00, 0x00, 0x00,
  0x17, 0x00, 0x04, 0x00, 0x1A, 0x00, 0x00, 0x00, 0x06, 0x00, 0x00, 0x00, 0x04, 0x00, 0x00, 0x00,
  0x20, 0x00, 0x04, 0x00, 0x1B, 0x00, 0x00, 0x00, 0x07, 0x00, 0x00, 0x00, 0x1A, 0x00, 0x00, 0x00,
  0x19, 0x00, 0x09, 0x00, 0x1D, 0x00, 0x00, 0x00, 0x06, 0x00, 0x00, 0x00, 0x01, 0x00, 0x00, 0x00,
  0x00, 0x00, 0x00, 0x00, 0x00, 0x00, 0x00, 0x00, 0x00, 0x00, 0x00, 0x00, 0x01, 0x00, 0x00, 0x00,
  0x00, 0x00, 0x00, 0x00, 0x1B, 0x00, 0x03, 0x00, 0x1E, 0x00, 0x00, 0x00, 0x1D, 0x00, 0x00, 0x00,
  0x20, 0x00, 0x04, 0x00, 0x1F, 0x00, 0x00, 0x00, 0x00, 0x00, 0x00, 0x00, 0x1E, 0x00, 0x00, 0x00,
  0x3B, 0x00, 0x04, 0x00, 0x1F, 0x00, 0x00, 0x00, 0x20, 0x00, 0x00, 0x00, 0x00, 0x00, 0x00, 0x00,
  0x3B, 0x00, 0x04, 0x00, 0x1F, 0x00, 0x00, 0x00, 0x25, 0x00, 0x00, 0x00, 0x00, 0x00, 0x00, 0x00,
  0x20, 0x00, 0x04, 0x00, 0x29, 0x00, 0x00, 0x00, 0x07, 0x00, 0x00, 0x00, 0x06, 0x00, 0x00, 0x00,
  0x15, 0x00, 0x04, 0x00, 0x2B, 0x00, 0x00, 0x00, 0x20, 0x00, 0x00, 0x00, 0x00, 0x00, 0x00, 0x00,
  0x2B, 0x00, 0x04, 0x00, 0x2B, 0x00, 0x00, 0x00, 0x2C, 0x00, 0x00, 0x00, 0x00, 0x00, 0x00, 0x00,
  0x2B, 0x00, 0x04, 0x00, 0x10, 0x00, 0x00, 0x00, 0x2F, 0x00, 0x00, 0x00, 0x02, 0x00, 0x00, 0x00,
  0x20, 0x00, 0x04, 0x00, 0x30, 0x00, 0x00, 0x00, 0x02, 0x00, 0x00, 0x00, 0x06, 0x00, 0x00, 0x00,
  0x2B, 0x00, 0x04, 0x00, 0x2B, 0x00, 0x00, 0x00, 0x36, 0x00, 0x00, 0x00, 0x03, 0x00, 0x00, 0x00,
  0x17, 0x00, 0x04, 0x00, 0x3F, 0x00, 0x00, 0x00, 0x06, 0x00, 0x00, 0x00, 0x03, 0x00, 0x00, 0x00,
  0x20, 0x00, 0x04, 0x00, 0x40, 0x00, 0x00, 0x00, 0x07, 0x00, 0x00, 0x00, 0x3F, 0x00, 0x00, 0x00,
  0x1E, 0x00, 0x03, 0x00, 0x44, 0x00, 0x00, 0x00, 0x1A, 0x00, 0x00, 0x00, 0x20, 0x00, 0x04, 0x00,
  0x45, 0x00, 0x00, 0x00, 0x02, 0x00, 0x00, 0x00, 0x44, 0x00, 0x00, 0x00, 0x3B, 0x00, 0x04, 0x00,
  0x45, 0x00, 0x00, 0x00, 0x46, 0x00, 0x00, 0x00, 0x02, 0x00, 0x00, 0x00, 0x20, 0x00, 0x04, 0x00,
  0x47, 0x00, 0x00, 0x00, 0x02, 0x00, 0x00, 0x00, 0x1A, 0x00, 0x00, 0x00, 0x2B, 0x00, 0x04, 0x00,
  0x06, 0x00, 0x00, 0x00, 0x4D, 0x00, 0x00, 0x00, 0x17, 0xB7, 0xD1, 0x38, 0x20, 0x00, 0x04, 0x00,
  0x52, 0x00, 0x00, 0x00, 0x03, 0x00, 0x00, 0x00, 0x1A, 0x00, 0x00, 0x00, 0x3B, 0x00, 0x04, 0x00,
  0x52, 0x00, 0x00, 0x00, 0x53, 0x00, 0x00, 0x00, 0x03, 0x00, 0x00, 0x00, 0x36, 0x00, 0x05, 0x00,
  0x02, 0x00, 0x00, 0x00, 0x04, 0x00, 0x00, 0x00, 0x00, 0x00, 0x00, 0x00, 0x03, 0x00, 0x00, 0x00,
  0xF8, 0x00, 0x02, 0x00, 0x05, 0x00, 0x00, 0x00, 0x3B, 0x00, 0x04, 0x00, 0x08, 0x00, 0x00, 0x00,
  0x09, 0x00, 0x00, 0x00, 0x07, 0x00, 0x00, 0x00, 0x3B, 0x00, 0x04, 0x00, 0x1B, 0x00, 0x00, 0x00,
  0x1C, 0x00, 0x00, 0x00, 0x07, 0x00, 0x00, 0x00, 0x3B, 0x00, 0x04, 0x00, 0x1B, 0x00, 0x00, 0x00,
  0x24, 0x00, 0x00, 0x00, 0x07, 0x00, 0x00, 0x00, 0x3B, 0x00, 0x04, 0x00, 0x29, 0x00, 0x00, 0x00,
  0x2A, 0x00, 0x00, 0x00, 0x07, 0x00, 0x00, 0x00, 0x3B, 0x00, 0x04, 0x00, 0x29, 0x00, 0x00, 0x00,
  0x34, 0x00, 0x00, 0x00, 0x07, 0x00, 0x00, 0x00, 0x3B, 0x00, 0x04, 0x00, 0x40, 0x00, 0x00, 0x00,
  0x41, 0x00, 0x00, 0x00, 0x07, 0x00, 0x00, 0x00, 0x3D, 0x00, 0x04, 0x00, 0x07, 0x00, 0x00, 0x00,
  0x0C, 0x00, 0x00, 0x00, 0x0B, 0x00, 0x00, 0x00, 0x41, 0x00, 0x05, 0x00, 0x12, 0x00, 0x00, 0x00,
  0x13, 0x00, 0x00, 0x00, 0x0F, 0x00, 0x00, 0x00, 0x11, 0x00, 0x00, 0x00, 0x3D, 0x00, 0x04, 0x00,
  0x07, 0x00, 0x00, 0x00, 0x14, 0x00, 0x00, 0x00, 0x13, 0x00, 0x00, 0x00, 0x85, 0x00, 0x05, 0x00,
  0x07, 0x00, 0x00, 0x00, 0x15, 0x00, 0x00, 0x00, 0x0C, 0x00, 0x00, 0x00, 0x14, 0x00, 0x00, 0x00,
  0x41, 0x00, 0x05, 0x00, 0x12, 0x00, 0x00, 0x00, 0x17, 0x00, 0x00, 0x00, 0x0F, 0x00, 0x00, 0x00,
  0x16, 0x00, 0x00, 0x00, 0x3D, 0x00, 0x04, 0x00, 0x07, 0x00, 0x00, 0x00, 0x18, 0x00, 0x00, 0x00,
  0x17, 0x00, 0x00, 0x00, 0x81, 0x00, 0x05, 0x00, 0x07, 0x00, 0x00, 0x00, 0x19, 0x00, 0x00, 0x00,
  0x15, 0x00, 0x00, 0x00, 0x18, 0x00, 0x00, 0x00, 0x3E, 0x00, 0x03, 0x00, 0x09, 0x00, 0x00, 0x00,
  0x19, 0x00, 0x00, 0x00, 0x3D, 0x00, 0x04, 0x00, 0x1E, 0x00, 0x00, 0x00, 0x21, 0x00, 0x00, 0x00,
  0x20, 0x00, 0x00, 0x00, 0x3D, 0x00, 0x04, 0x00, 0x07, 0x00, 0x00, 0x00, 0x22, 0x00, 0x00, 0x00,
  0x09, 0x00, 0x00, 0x00, 0x57, 0x00, 0x05, 0x00, 0x1A, 0x00, 0x00, 0x00, 0x23, 0x00, 0x00, 0x00,
  0x21, 0x00, 0x00, 0x00, 0x22, 0x00, 0x00, 0x00, 0x3E, 0x00, 0x03, 0x00, 0x1C, 0x00, 0x00, 0x00,
  0x23, 0x00, 0x00, 0x00, 0x3D, 0x00, 0x04, 0x00, 0x1E, 0x00, 0x00, 0x00, 0x26, 0x00, 0x00, 0x00,
  0x25, 0x00, 0x00, 0x00, 0x3D, 0x00, 0x04, 0x00, 0x07, 0x00, 0x00, 0x00, 0x27, 0x00, 0x00, 0x00,
  0x09, 0x00, 0x00, 0x00, 0x57, 0x00, 0x05, 0x00, 0x1A, 0x00, 0x00, 0x00, 0x28, 0x00, 0x00, 0x00,
  0x26, 0x00, 0x00, 0x00, 0x27, 0x00, 0x00, 0x00, 0x3E, 0x00, 0x03, 0x00, 0x24, 0x00, 0x00, 0x00,
  0x28, 0x00, 0x00, 0x00, 0x41, 0x00, 0x05, 0x00, 0x29, 0x00, 0x00, 0x00, 0x2D, 0x00, 0x00, 0x00,
  0x1C, 0x00, 0x00, 0x00, 0x2C, 0x00, 0x00, 0x00, 0x3D, 0x00, 0x04, 0x00, 0x06, 0x00, 0x00, 0x00,
  0x2E, 0x00, 0x00, 0x00, 0x2D, 0x00, 0x00, 0x00, 0x41, 0x00, 0x05, 0x00, 0x30, 0x00, 0x00, 0x00,
  0x31, 0x00, 0x00, 0x00, 0x0F, 0x00, 0x00, 0x00, 0x2F, 0x00, 0x00, 0x00, 0x3D, 0x00, 0x04, 0x00,
  0x06, 0x00, 0x00, 0x00, 0x32, 0x00, 0x00, 0x00, 0x31, 0x00, 0x00, 0x00, 0x85, 0x00, 0x05, 0x00,
  0x06, 0x00, 0x00, 0x00, 0x33, 0x00, 0x00, 0x00, 0x2E, 0x00, 0x00, 0x00, 0x32, 0x00, 0x00, 0x00,
  0x3E, 0x00, 0x03, 0x00, 0x2A, 0x00, 0x00, 0x00, 0x33, 0x00, 0x00, 0x00, 0x3D, 0x00, 0x04, 0x00,
  0x06, 0x00, 0x00, 0x00, 0x35, 0x00, 0x00, 0x00, 0x2A, 0x00, 0x00, 0x00, 0x41, 0x00, 0x05, 0x00,
  0x29, 0x00, 0x00, 0x00, 0x37, 0x00, 0x00, 0x00, 0x24, 0x00, 0x00, 0x00, 0x36, 0x00, 0x00, 0x00,
  0x3D, 0x00, 0x04, 0x00, 0x06, 0x00, 0x00, 0x00, 0x38, 0x00, 0x00, 0x00, 0x37, 0x00, 0x00, 0x00,
  0x81, 0x00, 0x05, 0x00, 0x06, 0x00, 0x00, 0x00, 0x39, 0x00, 0x00, 0x00, 0x35, 0x00, 0x00, 0x00,
  0x38, 0x00, 0x00, 0x00, 0x3D, 0x00, 0x04, 0x00, 0x06, 0x00, 0x00, 0x00, 0x3A, 0x00, 0x00, 0x00,
  0x2A, 0x00, 0x00, 0x00, 0x41, 0x00, 0x05, 0x00, 0x29, 0x00, 0x00, 0x00, 0x3B, 0x00, 0x00, 0x00,
  0x24, 0x00, 0x00, 0x00, 0x36, 0x00, 0x00, 0x00, 0x3D, 0x00, 0x04, 0x00, 0x06, 0x00, 0x00, 0x00,
  0x3C, 0x00, 0x00, 0x00, 0x3B, 0x00, 0x00, 0x00, 0x85, 0x00, 0x05, 0x00, 0x06, 0x00, 0x00, 0x00,
  0x3D, 0x00, 0x00, 0x00, 0x3A, 0x00, 0x00, 0x00, 0x3C, 0x00, 0x00, 0x00, 0x83, 0x00, 0x05, 0x00,
  0x06, 0x00, 0x00, 0x00, 0x3E, 0x00, 0x00, 0x00, 0x39, 0x00, 0x00, 0x00, 0x3D, 0x00, 0x00, 0x00,
  0x3E, 0x00, 0x03, 0x00, 0x34, 0x00, 0x00, 0x00, 0x3E, 0x00, 0x00, 0x00, 0x3D, 0x00, 0x04, 0x00,
  0x1A, 0x00, 0x00, 0x00, 0x42, 0x00, 0x00, 0x00, 0x24, 0x00, 0x00, 0x00, 0x4F, 0x00, 0x08, 0x00,
  0x3F, 0x00, 0x00, 0x00, 0x43, 0x00, 0x00, 0x00, 0x42, 0x00, 0x00, 0x00, 0x42, 0x00, 0x00, 0x00,
  0x00, 0x00, 0x00, 0x00, 0x01, 0x00, 0x00, 0x00, 0x02, 0x00, 0x00, 0x00, 0x41, 0x00, 0x05, 0x00,
  0x47, 0x00, 0x00, 0x00, 0x48, 0x00, 0x00, 0x00, 0x46, 0x00, 0x00, 0x00, 0x16, 0x00, 0x00, 0x00,
  0x3D, 0x00, 0x04, 0x00, 0x1A, 0x00, 0x00, 0x00, 0x49, 0x00, 0x00, 0x00, 0x48, 0x00, 0x00, 0x00,
  0x4F, 0x00, 0x08, 0x00, 0x3F, 0x00, 0x00, 0x00, 0x4A, 0x00, 0x00, 0x00, 0x49, 0x00, 0x00, 0x00,
  0x49, 0x00, 0x00, 0x00, 0x00, 0x00, 0x00, 0x00, 0x01, 0x00, 0x00, 0x00, 0x02, 0x00, 0x00, 0x00,
  0x3D, 0x00, 0x04, 0x00, 0x06, 0x00, 0x00, 0x00, 0x4B, 0x00, 0x00, 0x00, 0x2A, 0x00, 0x00, 0x00,
  0x3D, 0x00, 0x04, 0x00, 0x06, 0x00, 0x00, 0x00, 0x4C, 0x00, 0x00, 0x00, 0x34, 0x00, 0x00, 0x00,
  0x0C, 0x00, 0x07, 0x00, 0x06, 0x00, 0x00, 0x00, 0x4E, 0x00, 0x00, 0x00, 0x01, 0x00, 0x00, 0x00,
  0x28, 0x00, 0x00, 0x00, 0x4C, 0x00, 0x00, 0x00, 0x4D, 0x00, 0x00, 0x00, 0x88, 0x00, 0x05, 0x00,
  0x06, 0x00, 0x00, 0x00, 0x4F, 0x00, 0x00, 0x00, 0x4B, 0x00, 0x00, 0x00, 0x4E, 0x00, 0x00, 0x00,
  0x50, 0x00, 0x06, 0x00, 0x3F, 0x00, 0x00, 0x00, 0x50, 0x00, 0x00, 0x00, 0x4F, 0x00, 0x00, 0x00,
  0x4F, 0x00, 0x00, 0x00, 0x4F, 0x00, 0x00, 0x00, 0x0C, 0x00, 0x08, 0x00, 0x3F, 0x00, 0x00, 0x00,
  0x51, 0x00, 0x00, 0x00, 0x01, 0x00, 0x00, 0x00, 0x2E, 0x00, 0x00, 0x00, 0x43, 0x00, 0x00, 0x00,
  0x4A, 0x00, 0x00, 0x00, 0x50, 0x00, 0x00, 0x00, 0x3E, 0x00, 0x03, 0x00, 0x41, 0x00, 0x00, 0x00,
  0x51, 0x00, 0x00, 0x00, 0x3D, 0x00, 0x04, 0x00, 0x3F, 0x00, 0x00, 0x00, 0x54, 0x00, 0x00, 0x00,
  0x41, 0x00, 0x00, 0x00, 0x3D, 0x00, 0x04, 0x00, 0x06, 0x00, 0x00, 0x00, 0x55, 0x00, 0x00, 0x00,
  0x34, 0x00, 0x00, 0x00, 0x51, 0x00, 0x05, 0x00, 0x06, 0x00, 0x00, 0x00, 0x56, 0x00, 0x00, 0x00,
  0x54, 0x00, 0x00, 0x00, 0x00, 0x00, 0x00, 0x00, 0x51, 0x00, 0x05, 0x00, 0x06, 0x00, 0x00, 0x00,
  0x57, 0x00, 0x00, 0x00, 0x54, 0x00, 0x00, 0x00, 0x01, 0x00, 0x00, 0x00, 0x51, 0x00, 0x05, 0x00,
  0x06, 0x00, 0x00, 0x00, 0x58, 0x00, 0x00, 0x00, 0x54, 0x00, 0x00, 0x00, 0x02, 0x00, 0x00, 0x00,
  0x50, 0x00, 0x07, 0x00, 0x1A, 0x00, 0x00, 0x00, 0x59, 0x00, 0x00, 0x00, 0x56, 0x00, 0x00, 0x00,
  0x57, 0x00, 0x00, 0x00, 0x58, 0x00, 0x00, 0x00, 0x55, 0x00, 0x00, 0x00, 0x3E, 0x00, 0x03, 0x00,
  0x53, 0x00, 0x00, 0x00, 0x59, 0x00, 0x00, 0x00, 0xFD, 0x00, 0x01, 0x00, 0x38, 0x00, 0x01, 0x00,
};

static const unsigned int g_apply_colormap_fragSpvSize = 1732;
static const unsigned char g_apply_colormap_fragSpv[] = {
  0x03, 0x02, 0x23, 0x07, 0x00, 0x00, 0x01, 0x00, 0x0B, 0x00, 0x0D, 0x00, 0x3B, 0x00, 0x00, 0x00,
  0x00, 0x00, 0x00, 0x00, 0x11, 0x00, 0x02, 0x00, 0x01, 0x00, 0x00, 0x00, 0x0B, 0x00, 0x06, 0x00,
  0x01, 0x00, 0x00, 0x00, 0x47, 0x4C, 0x53, 0x4C, 0x2E, 0x73, 0x74, 0x64, 0x2E, 0x34, 0x35, 0x30,
  0x00, 0x00, 0x00, 0x00, 0x0E, 0x00, 0x03, 0x00, 0x00, 0x00, 0x00, 0x00, 0x01, 0x00, 0x00, 0x00,
  0x0F, 0x00, 0x07, 0x00, 0x04, 0x00, 0x00, 0x00, 0x04, 0x00, 0x00, 0x00, 0x6D, 0x61, 0x69, 0x6E,
  0x00, 0x00, 0x00, 0x00, 0x0B, 0x00, 0x00, 0x00, 0x28, 0x00, 0x00, 0x00, 0x10, 0x00, 0x03, 0x00,
  0x04, 0x00, 0x00, 0x00, 0x07, 0x00, 0x00, 0x00, 0x03, 0x00, 0x03, 0x00, 0x02, 0x00, 0x00, 0x00,
  0xC2, 0x01, 0x00, 0x00, 0x04, 0x00, 0x0A, 0x00, 0x47, 0x4C, 0x5F, 0x47, 0x4F, 0x4F, 0x47, 0x4C,
  0x45, 0x5F, 0x63, 0x70, 0x70, 0x5F, 0x73, 0x74, 0x79, 0x6C, 0x65, 0x5F, 0x6C, 0x69, 0x6E, 0x65,
  0x5F, 0x64, 0x69, 0x72, 0x65, 0x63, 0x74, 0x69, 0x76, 0x65, 0x00, 0x00, 0x04, 0x00, 0x08, 0x00,
  0x47, 0x4C, 0x5F, 0x47, 0x4F, 0x4F, 0x47, 0x4C, 0x45, 0x5F, 0x69, 0x6E, 0x63, 0x6C, 0x75, 0x64,
  0x65, 0x5F, 0x64, 0x69, 0x72, 0x65, 0x63, 0x74, 0x69, 0x76, 0x65, 0x00, 0x05, 0x00, 0x04, 0x00,
  0x04, 0x00, 0x00, 0x00, 0x6D, 0x61, 0x69, 0x6E, 0x00, 0x00, 0x00, 0x00, 0x05, 0x00, 0x03, 0x00,
  0x09, 0x00, 0x00, 0x00, 0x75, 0x76, 0x00, 0x00, 0x05, 0x00, 0x03, 0x00, 0x0B, 0x00, 0x00, 0x00,
  0x76, 0x55, 0x56, 0x00, 0x05, 0x00, 0x05, 0x00, 0x0D, 0x00, 0x00, 0x00, 0x46, 0x72, 0x61, 0x67,
  0x50, 0x61, 0x72, 0x61, 0x6D, 0x73, 0x00, 0x00, 0x06, 0x00, 0x06, 0x00, 0x0D, 0x00, 0x00, 0x00,
  0x00, 0x00, 0x00, 0x00, 0x75, 0x76, 0x4F, 0x66, 0x66, 0x73, 0x65, 0x74, 0x00, 0x00, 0x00, 0x00,
  0x06, 0x00, 0x05, 0x00, 0x0D, 0x00, 0x00, 0x00, 0x01, 0x00, 0x00, 0x00, 0x75, 0x76, 0x53, 0x63,
  0x61, 0x6C, 0x65, 0x00, 0x06, 0x00, 0x05, 0x00, 0x0D, 0x00, 0x00, 0x00, 0x02, 0x00, 0x00, 0x00,
  0x6F, 0x70, 0x61, 0x63, 0x69, 0x74, 0x79, 0x00, 0x06, 0x00, 0x04, 0x00, 0x0D, 0x00, 0x00, 0x00,
  0x03, 0x00, 0x00, 0x00, 0x70, 0x61, 0x64, 0x00, 0x05, 0x00, 0x03, 0x00, 0x0F, 0x00, 0x00, 0x00,
  0x75, 0x50, 0x00, 0x00, 0x05, 0x00, 0x04, 0x00, 0x1B, 0x00, 0x00, 0x00, 0x6D, 0x61, 0x73, 0x6B,
  0x00, 0x00, 0x00, 0x00, 0x05, 0x00, 0x04, 0x00, 0x1F, 0x00, 0x00, 0x00, 0x75, 0x54, 0x65, 0x78,
  0x00, 0x00, 0x00, 0x00, 0x05, 0x00, 0x05, 0x00, 0x28, 0x00, 0x00, 0x00, 0x46, 0x72, 0x61, 0x67,
  0x43, 0x6F, 0x6C, 0x6F, 0x72, 0x00, 0x00, 0x00, 0x05, 0x00, 0x05, 0x00, 0x29, 0x00, 0x00, 0x00,
  0x43, 0x6F, 0x6C, 0x6F, 0x72, 0x50, 0x61, 0x72, 0x61, 0x6D, 0x73, 0x00, 0x06, 0x00, 0x06, 0x00,
  0x29, 0x00, 0x00, 0x00, 0x00, 0x00, 0x00, 0x00, 0x74, 0x65, 0x78, 0x74, 0x5F, 0x63, 0x6F, 0x6C,
  0x6F, 0x72, 0x00, 0x00, 0x05, 0x00, 0x03, 0x00, 0x2B, 0x00, 0x00, 0x00, 0x75, 0x43, 0x00, 0x00,
  0x47, 0x00, 0x04, 0x00, 0x0B, 0x00, 0x00, 0x00, 0x1E, 0x00, 0x00, 0x00, 0x00, 0x00, 0x00, 0x00,
  0x47, 0x00, 0x03, 0x00, 0x0D, 0x00, 0x00, 0x00, 0x02, 0x00, 0x00, 0x00, 0x48, 0x00, 0x05, 0x00,
  0x0D, 0x00, 0x00, 0x00, 0x00, 0x00, 0x00, 0x00, 0x23, 0x00, 0x00, 0x00, 0x00, 0x00, 0x00, 0x00,
  0x48, 0x00, 0x05, 0x00, 0x0D, 0x00, 0x00, 0x00, 0x01, 0x00, 0x00, 0x00, 0x23, 0x00, 0x00, 0x00,
  0x08, 0x00, 0x00, 0x00, 0x48, 0x00, 0x05, 0x00, 0x0D, 0x00, 0x00, 0x00, 0x02, 0x00, 0x00, 0x00,
  0x23, 0x00, 0x00, 0x00, 0x10, 0x00, 0x00, 0x00, 0x48, 0x00, 0x05, 0x00, 0x0D, 0x00, 0x00, 0x00,
  0x03, 0x00, 0x00, 0x00, 0x23, 0x00, 0x00, 0x00, 0x14, 0x00, 0x00, 0x00, 0x47, 0x00, 0x04, 0x00,
  0x0F, 0x00, 0x00, 0x00, 0x21, 0x00, 0x00, 0x00, 0x00, 0x00, 0x00, 0x00, 0x47, 0x00, 0x04, 0x00,
  0x0F, 0x00, 0x00, 0x00, 0x22, 0x00, 0x00, 0x00, 0x03, 0x00, 0x00, 0x00, 0x47, 0x00, 0x04, 0x00,
  0x1F, 0x00, 0x00, 0x00, 0x21, 0x00, 0x00, 0x00, 0x00, 0x00, 0x00, 0x00, 0x47, 0x00, 0x04, 0x00,
  0x1F, 0x00, 0x00, 0x00, 0x22, 0x00, 0x00, 0x00, 0x02, 0x00, 0x00, 0x00, 0x47, 0x00, 0x04, 0x00,
  0x28, 0x00, 0x00, 0x00, 0x1E, 0x00, 0x00, 0x00, 0x00, 0x00, 0x00, 0x00, 0x47, 0x00, 0x03, 0x00,
  0x29, 0x00, 0x00, 0x00, 0x02, 0x00, 0x00, 0x00, 0x48, 0x00, 0x05, 0x00, 0x29, 0x00, 0x00, 0x00,
  0x00, 0x00, 0x00, 0x00, 0x23, 0x00, 0x00, 0x00, 0x00, 0x00, 0x00, 0x00, 0x47, 0x00, 0x04, 0x00,
  0x2B, 0x00, 0x00, 0x00, 0x21, 0x00, 0x00, 0x00, 0x01, 0x00, 0x00, 0x00, 0x47, 0x00, 0x04, 0x00,
  0x2B, 0x00, 0x00, 0x00, 0x22, 0x00, 0x00, 0x00, 0x03, 0x00, 0x00, 0x00, 0x13, 0x00, 0x02, 0x00,
  0x02, 0x00, 0x00, 0x00, 0x21, 0x00, 0x03, 0x00, 0x03, 0x00, 0x00, 0x00, 0x02, 0x00, 0x00, 0x00,
  0x16, 0x00, 0x03, 0x00, 0x06, 0x00, 0x00, 0x00, 0x20, 0x00, 0x00, 0x00, 0x17, 0x00, 0x04, 0x00,
  0x07, 0x00, 0x00, 0x00, 0x06, 0x00, 0x00, 0x00, 0x02, 0x00, 0x00, 0x00, 0x20, 0x00, 0x04, 0x00,
  0x08, 0x00, 0x00, 0x00, 0x07, 0x00, 0x00, 0x00, 0x07, 0x00, 0x00, 0x00, 0x20, 0x00, 0x04, 0x00,
  0x0A, 0x00, 0x00, 0x00, 0x01, 0x00, 0x00, 0x00, 0x07, 0x00, 0x00, 0x00, 0x3B, 0x00, 0x04, 0x00,
  0x0A, 0x00, 0x00, 0x00, 0x0B, 0x00, 0x00, 0x00, 0x01, 0x00, 0x00, 0x00, 0x1E, 0x00, 0x06, 0x00,
  0x0D, 0x00, 0x00, 0x00, 0x07, 0x00, 0x00, 0x00, 0x07, 0x00, 0x00, 0x00, 0x06, 0x00, 0x00, 0x00,
  0x06, 0x00, 0x00, 0x00, 0x20, 0x00, 0x04, 0x00, 0x0E, 0x00, 0x00, 0x00, 0x02, 0x00, 0x00, 0x00,
  0x0D, 0x00, 0x00, 0x00, 0x3B, 0x00, 0x04, 0x00, 0x0E, 0x00, 0x00, 0x00, 0x0F, 0x00, 0x00, 0x00,
  0x02, 0x00, 0x00, 0x00, 0x15, 0x00, 0x04, 0x00, 0x10, 0x00, 0x00, 0x00, 0x20, 0x00, 0x00, 0x00,
  0x01, 0x00, 0x00, 0x00, 0x2B, 0x00, 0x04, 0x00, 0x10, 0x00, 0x00, 0x00, 0x11, 0x00, 0x00, 0x00,
  0x01, 0x00, 0x00, 0x00, 0x20, 0x00, 0x04, 0x00, 0x12, 0x00, 0x00, 0x00, 0x02, 0x00, 0x00, 0x00,
  0x07, 0x00, 0x00, 0x00, 0x2B, 0x00, 0x04, 0x00, 0x10, 0x00, 0x00, 0x00, 0x16, 0x00, 0x00, 0x00,
  0x00, 0x00, 0x00, 0x00, 0x20, 0x00, 0x04, 0x00, 0x1A, 0x00, 0x00, 0x00, 0x07, 0x00, 0x00, 0x00,
  0x06, 0x00, 0x00, 0x00, 0x19, 0x00, 0x09, 0x00, 0x1C, 0x00, 0x00, 0x00, 0x06, 0x00, 0x00, 0x00,
  0x01, 0x00, 0x00, 0x00, 0x00, 0x00, 0x00, 0x00, 0x00, 0x00, 0x00, 0x00, 0x00, 0x00, 0x00, 0x00,
  0x01, 0x00, 0x00, 0x00, 0x00, 0x00, 0x00, 0x00, 0x1B, 0x00, 0x03, 0x00, 0x1D, 0x00, 0x00, 0x00,
  0x1C, 0x00, 0x00, 0x00, 0x20, 0x00, 0x04, 0x00, 0x1E, 0x00, 0x00, 0x00, 0x00, 0x00, 0x00, 0x00,
  0x1D, 0x00, 0x00, 0x00, 0x3B, 0x00, 0x04, 0x00, 0x1E, 0x00, 0x00, 0x00, 0x1F, 0x00, 0x00, 0x00,
  0x00, 0x00, 0x00, 0x00, 0x17, 0x00, 0x04, 0x00, 0x22, 0x00, 0x00, 0x00, 0x06, 0x00, 0x00, 0x00,
  0x04, 0x00, 0x00, 0x00, 0x15, 0x00, 0x04, 0x00, 0x24, 0x00, 0x00, 0x00, 0x20, 0x00, 0x00, 0x00,
  0x00, 0x00, 0x00, 0x00, 0x2B, 0x00, 0x04, 0x00, 0x24, 0x00, 0x00, 0x00, 0x25, 0x00, 0x00, 0x00,
  0x00, 0x00, 0x00, 0x00, 0x20, 0x00, 0x04, 0x00, 0x27, 0x00, 0x00, 0x00, 0x03, 0x00, 0x00, 0x00,
  0x22, 0x00, 0x00, 0x00, 0x3B, 0x00, 0x04, 0x00, 0x27, 0x00, 0x00, 0x00, 0x28, 0x00, 0x00, 0x00,
  0x03, 0x00, 0x00, 0x00, 0x1E, 0x00, 0x03, 0x00, 0x29, 0x00, 0x00, 0x00, 0x22, 0x00, 0x00, 0x00,
  0x20, 0x00, 0x04, 0x00, 0x2A, 0x00, 0x00, 0x00, 0x02, 0x00, 0x00, 0x00, 0x29, 0x00, 0x00, 0x00,
  0x3B, 0x00, 0x04, 0x00, 0x2A, 0x00, 0x00, 0x00, 0x2B, 0x00, 0x00, 0x00, 0x02, 0x00, 0x00, 0x00,
  0x17, 0x00, 0x04, 0x00, 0x2C, 0x00, 0x00, 0x00, 0x06, 0x00, 0x00, 0x00, 0x03, 0x00, 0x00, 0x00,
  0x20, 0x00, 0x04, 0x00, 0x2D, 0x00, 0x00, 0x00, 0x02, 0x00, 0x00, 0x00, 0x22, 0x00, 0x00, 0x00,
  0x2B, 0x00, 0x04, 0x00, 0x10, 0x00, 0x00, 0x00, 0x32, 0x00, 0x00, 0x00, 0x02, 0x00, 0x00, 0x00,
  0x20, 0x00, 0x04, 0x00, 0x33, 0x00, 0x00, 0x00, 0x02, 0x00, 0x00, 0x00, 0x06, 0x00, 0x00, 0x00,
  0x36, 0x00, 0x05, 0x00, 0x02, 0x00, 0x00, 0x00, 0x04, 0x00, 0x00, 0x00, 0x00, 0x00, 0x00, 0x00,
  0x03, 0x00, 0x00, 0x00, 0xF8, 0x00, 0x02, 0x00, 0x05, 0x00, 0x00, 0x00, 0x3B, 0x00, 0x04, 0x00,
  0x08, 0x00, 0x00, 0x00, 0x09, 0x00, 0x00, 0x00, 0x07, 0x00, 0x00, 0x00, 0x3B, 0x00, 0x04, 0x00,
  0x1A, 0x00, 0x00, 0x00, 0x1B, 0x00, 0x00, 0x00, 0x07, 0x00, 0x00, 0x00, 0x3D, 0x00, 0x04, 0x00,
  0x07, 0x00, 0x00, 0x00, 0x0C, 0x00, 0x00, 0x00, 0x0B, 0x00, 0x00, 0x00, 0x41, 0x00, 0x05, 0x00,
  0x12, 0x00, 0x00, 0x00, 0x13, 0x00, 0x00, 0x00, 0x0F, 0x00, 0x00, 0x00, 0x11, 0x00, 0x00, 0x00,
  0x3D, 0x00, 0x04, 0x00, 0x07, 0x00, 0x00, 0x00, 0x14, 0x00, 0x00, 0x00, 0x13, 0x00, 0x00, 0x00,
  0x85, 0x00, 0x05, 0x00, 0x07, 0x00, 0x00, 0x00, 0x15, 0x00, 0x00, 0x00, 0x0C, 0x00, 0x00, 0x00,
  0x14, 0x00, 0x00, 0x00, 0x41, 0x00, 0x05, 0x00, 0x12, 0x00, 0x00, 0x00, 0x17, 0x00, 0x00, 0x00,
  0x0F, 0x00, 0x00, 0x00, 0x16, 0x00, 0x00, 0x00, 0x3D, 0x00, 0x04, 0x00, 0x07, 0x00, 0x00, 0x00,
  0x18, 0x00, 0x00, 0x00, 0x17, 0x00, 0x00, 0x00, 0x81, 0x00, 0x05, 0x00, 0x07, 0x00, 0x00, 0x00,
  0x19, 0x00, 0x00, 0x00, 0x15, 0x00, 0x00, 0x00, 0x18, 0x00, 0x00, 0x00, 0x3E, 0x00, 0x03, 0x00,
  0x09, 0x00, 0x00, 0x00, 0x19, 0x00, 0x00, 0x00, 0x3D, 0x00, 0x04, 0x00, 0x1D, 0x00, 0x00, 0x00,
  0x20, 0x00, 0x00, 0x00, 0x1F, 0x00, 0x00, 0x00, 0x3D, 0x00, 0x04, 0x00, 0x07, 0x00, 0x00, 0x00,
  0x21, 0x00, 0x00, 0x00, 0x09, 0x00, 0x00, 0x00, 0x57, 0x00, 0x05, 0x00, 0x22, 0x00, 0x00, 0x00,
  0x23, 0x00, 0x00, 0x00, 0x20, 0x00, 0x00, 0x00, 0x21, 0x00, 0x00, 0x00, 0x51, 0x00, 0x05, 0x00,
  0x06, 0x00, 0x00, 0x00, 0x26, 0x00, 0x00, 0x00, 0x23, 0x00, 0x00, 0x00, 0x00, 0x00, 0x00, 0x00,
  0x3E, 0x00, 0x03, 0x00, 0x1B, 0x00, 0x00, 0x00, 0x26, 0x00, 0x00, 0x00, 0x41, 0x00, 0x05, 0x00,
  0x2D, 0x00, 0x00, 0x00, 0x2E, 0x00, 0x00, 0x00, 0x2B, 0x00, 0x00, 0x00, 0x16, 0x00, 0x00, 0x00,
  0x3D, 0x00, 0x04, 0x00, 0x22, 0x00, 0x00, 0x00, 0x2F, 0x00, 0x00, 0x00, 0x2E, 0x00, 0x00, 0x00,
  0x4F, 0x00, 0x08, 0x00, 0x2C, 0x00, 0x00, 0x00, 0x30, 0x00, 0x00, 0x00, 0x2F, 0x00, 0x00, 0x00,
  0x2F, 0x00, 0x00, 0x00, 0x00, 0x00, 0x00, 0x00, 0x01, 0x00, 0x00, 0x00, 0x02, 0x00, 0x00, 0x00,
  0x3D, 0x00, 0x04, 0x00, 0x06, 0x00, 0x00, 0x00, 0x31, 0x00, 0x00, 0x00, 0x1B, 0x00, 0x00, 0x00,
  0x41, 0x00, 0x05, 0x00, 0x33, 0x00, 0x00, 0x00, 0x34, 0x00, 0x00, 0x00, 0x0F, 0x00, 0x00, 0x00,
  0x32, 0x00, 0x00, 0x00, 0x3D, 0x00, 0x04, 0x00, 0x06, 0x00, 0x00, 0x00, 0x35, 0x00, 0x00, 0x00,
  0x34, 0x00, 0x00, 0x00, 0x85, 0x00, 0x05, 0x00, 0x06, 0x00, 0x00, 0x00, 0x36, 0x00, 0x00, 0x00,
  0x31, 0x00, 0x00, 0x00, 0x35, 0x00, 0x00, 0x00, 0x51, 0x00, 0x05, 0x00, 0x06, 0x00, 0x00, 0x00,
  0x37, 0x00, 0x00, 0x00, 0x30, 0x00, 0x00, 0x00, 0x00, 0x00, 0x00, 0x00, 0x51, 0x00, 0x05, 0x00,
  0x06, 0x00, 0x00, 0x00, 0x38, 0x00, 0x00, 0x00, 0x30, 0x00, 0x00, 0x00, 0x01, 0x00, 0x00, 0x00,
  0x51, 0x00, 0x05, 0x00, 0x06, 0x00, 0x00, 0x00, 0x39, 0x00, 0x00, 0x00, 0x30, 0x00, 0x00, 0x00,
  0x02, 0x00, 0x00, 0x00, 0x50, 0x00, 0x07, 0x00, 0x22, 0x00, 0x00, 0x00, 0x3A, 0x00, 0x00, 0x00,
  0x37, 0x00, 0x00, 0x00, 0x38, 0x00, 0x00, 0x00, 0x39, 0x00, 0x00, 0x00, 0x36, 0x00, 0x00, 0x00,
  0x3E, 0x00, 0x03, 0x00, 0x28, 0x00, 0x00, 0x00, 0x3A, 0x00, 0x00, 0x00, 0xFD, 0x00, 0x01, 0x00,
  0x38, 0x00, 0x01, 0x00,
};

static const unsigned int g_blur_fragSpvSize = 2524;
static const unsigned char g_blur_fragSpv[] = {
  0x03, 0x02, 0x23, 0x07, 0x00, 0x00, 0x01, 0x00, 0x0B, 0x00, 0x0D, 0x00, 0x65, 0x00, 0x00, 0x00,
  0x00, 0x00, 0x00, 0x00, 0x11, 0x00, 0x02, 0x00, 0x01, 0x00, 0x00, 0x00, 0x11, 0x00, 0x02, 0x00,
  0x32, 0x00, 0x00, 0x00, 0x0B, 0x00, 0x06, 0x00, 0x01, 0x00, 0x00, 0x00, 0x47, 0x4C, 0x53, 0x4C,
  0x2E, 0x73, 0x74, 0x64, 0x2E, 0x34, 0x35, 0x30, 0x00, 0x00, 0x00, 0x00, 0x0E, 0x00, 0x03, 0x00,
  0x00, 0x00, 0x00, 0x00, 0x01, 0x00, 0x00, 0x00, 0x0F, 0x00, 0x07, 0x00, 0x04, 0x00, 0x00, 0x00,
  0x04, 0x00, 0x00, 0x00, 0x6D, 0x61, 0x69, 0x6E, 0x00, 0x00, 0x00, 0x00, 0x0B, 0x00, 0x00, 0x00,
  0x55, 0x00, 0x00, 0x00, 0x10, 0x00, 0x03, 0x00, 0x04, 0x00, 0x00, 0x00, 0x07, 0x00, 0x00, 0x00,
  0x03, 0x00, 0x03, 0x00, 0x02, 0x00, 0x00, 0x00, 0xC2, 0x01, 0x00, 0x00, 0x04, 0x00, 0x0A, 0x00,
  0x47, 0x4C, 0x5F, 0x47, 0x4F, 0x4F, 0x47, 0x4C, 0x45, 0x5F, 0x63, 0x70, 0x70, 0x5F, 0x73, 0x74,
  0x79, 0x6C, 0x65, 0x5F, 0x6C, 0x69, 0x6E, 0x65, 0x5F, 0x64, 0x69, 0x72, 0x65, 0x63, 0x74, 0x69,
  0x76, 0x65, 0x00, 0x00, 0x04, 0x00, 0x08, 0x00, 0x47, 0x4C, 0x5F, 0x47, 0x4F, 0x4F, 0x47, 0x4C,
  0x45, 0x5F, 0x69, 0x6E, 0x63, 0x6C, 0x75, 0x64, 0x65, 0x5F, 0x64, 0x69, 0x72, 0x65, 0x63, 0x74,
  0x69, 0x76, 0x65, 0x00, 0x05, 0x00, 0x04, 0x00, 0x04, 0x00, 0x00, 0x00, 0x6D, 0x61, 0x69, 0x6E,
  0x00, 0x00, 0x00, 0x00, 0x05, 0x00, 0x03, 0x00, 0x09, 0x00, 0x00, 0x00, 0x75, 0x76, 0x00, 0x00,
  0x05, 0x00, 0x03, 0x00, 0x0B, 0x00, 0x00, 0x00, 0x76, 0x55, 0x56, 0x00, 0x05, 0x00, 0x05, 0x00,
  0x0D, 0x00, 0x00, 0x00, 0x46, 0x72, 0x61, 0x67, 0x50, 0x61, 0x72, 0x61, 0x6D, 0x73, 0x00, 0x00,
  0x06, 0x00, 0x06, 0x00, 0x0D, 0x00, 0x00, 0x00, 0x00, 0x00, 0x00, 0x00, 0x75, 0x76, 0x4F, 0x66,
  0x66, 0x73, 0x65, 0x74, 0x00, 0x00, 0x00, 0x00, 0x06, 0x00, 0x05, 0x00, 0x0D, 0x00, 0x00, 0x00,
  0x01, 0x00, 0x00, 0x00, 0x75, 0x76, 0x53, 0x63, 0x61, 0x6C, 0x65, 0x00, 0x06, 0x00, 0x05, 0x00,
  0x0D, 0x00, 0x00, 0x00, 0x02, 0x00, 0x00, 0x00, 0x6F, 0x70, 0x61, 0x63, 0x69, 0x74, 0x79, 0x00,
  0x06, 0x00, 0x04, 0x00, 0x0D, 0x00, 0x00, 0x00, 0x03, 0x00, 0x00, 0x00, 0x70, 0x61, 0x64, 0x00,
  0x05, 0x00, 0x03, 0x00, 0x0F, 0x00, 0x00, 0x00, 0x75, 0x50, 0x00, 0x00, 0x05, 0x00, 0x03, 0x00,
  0x1A, 0x00, 0x00, 0x00, 0x74, 0x73, 0x00, 0x00, 0x05, 0x00, 0x04, 0x00, 0x1F, 0x00, 0x00, 0x00,
  0x75, 0x54, 0x65, 0x78, 0x00, 0x00, 0x00, 0x00, 0x05, 0x00, 0x03, 0x00, 0x29, 0x00, 0x00, 0x00,
  0x72, 0x00, 0x00, 0x00, 0x05, 0x00, 0x03, 0x00, 0x2D, 0x00, 0x00, 0x00, 0x77, 0x00, 0x00, 0x00,
  0x05, 0x00, 0x03, 0x00, 0x2F, 0x00, 0x00, 0x00, 0x79, 0x00, 0x00, 0x00, 0x05, 0x00, 0x03, 0x00,
  0x39, 0x00, 0x00, 0x00, 0x78, 0x00, 0x00, 0x00, 0x05, 0x00, 0x05, 0x00, 0x55, 0x00, 0x00, 0x00,
  0x46, 0x72, 0x61, 0x67, 0x43, 0x6F, 0x6C, 0x6F, 0x72, 0x00, 0x00, 0x00, 0x47, 0x00, 0x04, 0x00,
  0x0B, 0x00, 0x00, 0x00, 0x1E, 0x00, 0x00, 0x00, 0x00, 0x00, 0x00, 0x00, 0x47, 0x00, 0x03, 0x00,
  0x0D, 0x00, 0x00, 0x00, 0x02, 0x00, 0x00, 0x00, 0x48, 0x00, 0x05, 0x00, 0x0D, 0x00, 0x00, 0x00,
  0x00, 0x00, 0x00, 0x00, 0x23, 0x00, 0x00, 0x00, 0x00, 0x00, 0x00, 0x00, 0x48, 0x00, 0x05, 0x00,
  0x0D, 0x00, 0x00, 0x00, 0x01, 0x00, 0x00, 0x00, 0x23, 0x00, 0x00, 0x00, 0x08, 0x00, 0x00, 0x00,
  0x48, 0x00, 0x05, 0x00, 0x0D, 0x00, 0x00, 0x00, 0x02, 0x00, 0x00, 0x00, 0x23, 0x00, 0x00, 0x00,
  0x10, 0x00, 0x00, 0x00, 0x48, 0x00, 0x05, 0x00, 0x0D, 0x00, 0x00, 0x00, 0x03, 0x00, 0x00, 0x00,
  0x23, 0x00, 0x00, 0x00, 0x14, 0x00, 0x00, 0x00, 0x47, 0x00, 0x04, 0x00, 0x0F, 0x00, 0x00, 0x00,
  0x21, 0x00, 0x00, 0x00, 0x00, 0x00, 0x00, 0x00, 0x47, 0x00, 0x04, 0x00, 0x0F, 0x00, 0x00, 0x00,
  0x22, 0x00, 0x00, 0x00, 0x03, 0x00, 0x00, 0x00, 0x47, 0x00, 0x04, 0x00, 0x1F, 0x00, 0x00, 0x00,
  0x21, 0x00, 0x00, 0x00, 0x00, 0x00, 0x00, 0x00, 0x47, 0x00, 0x04, 0x00, 0x1F, 0x00, 0x00, 0x00,
  0x22, 0x00, 0x00, 0x00, 0x02, 0x00, 0x00, 0x00, 0x47, 0x00, 0x04, 0x00, 0x55, 0x00, 0x00, 0x00,
  0x1E, 0x00, 0x00, 0x00, 0x00, 0x00, 0x00, 0x00, 0x13, 0x00, 0x02, 0x00, 0x02, 0x00, 0x00, 0x00,
  0x21, 0x00, 0x03, 0x00, 0x03, 0x00, 0x00, 0x00, 0x02, 0x00, 0x00, 0x00, 0x16, 0x00, 0x03, 0x00,
  0x06, 0x00, 0x00, 0x00, 0x20, 0x00, 0x00, 0x00, 0x17, 0x00, 0x04, 0x00, 0x07, 0x00, 0x00, 0x00,
  0x06, 0x00, 0x00, 0x00, 0x02, 0x00, 0x00, 0x00, 0x20, 0x00, 0x04, 0x00, 0x08, 0x00, 0x00, 0x00,
  0x07, 0x00, 0x00, 0x00, 0x07, 0x00, 0x00, 0x00, 0x20, 0x00, 0x04, 0x00, 0x0A, 0x00, 0x00, 0x00,
  0x01, 0x00, 0x00, 0x00, 0x07, 0x00, 0x00, 0x00, 0x3B, 0x00, 0x04, 0x00, 0x0A, 0x00, 0x00, 0x00,
  0x0B, 0x00, 0x00, 0x00, 0x01, 0x00, 0x00, 0x00, 0x1E, 0x00, 0x06, 0x00, 0x0D, 0x00, 0x00, 0x00,
  0x07, 0x00, 0x00, 0x00, 0x07, 0x00, 0x00, 0x00, 0x06, 0x00, 0x00, 0x00, 0x06, 0x00, 0x00, 0x00,
  0x20, 0x00, 0x04, 0x00, 0x0E, 0x00, 0x00, 0x00, 0x02, 0x00, 0x00, 0x00, 0x0D, 0x00, 0x00, 0x00,
  0x3B, 0x00, 0x04, 0x00, 0x0E, 0x00, 0x00, 0x00, 0x0F, 0x00, 0x00, 0x00, 0x02, 0x00, 0x00, 0x00,
  0x15, 0x00, 0x04, 0x00, 0x10, 0x00, 0x00, 0x00, 0x20, 0x00, 0x00, 0x00, 0x01, 0x00, 0x00, 0x00,
  0x2B, 0x00, 0x04, 0x00, 0x10, 0x00, 0x00, 0x00, 0x11, 0x00, 0x00, 0x00, 0x01, 0x00, 0x00, 0x00,
  0x20, 0x00, 0x04, 0x00, 0x12, 0x00, 0x00, 0x00, 0x02, 0x00, 0x00, 0x00, 0x07, 0x00, 0x00, 0x00,
  0x2B, 0x00, 0x04, 0x00, 0x10, 0x00, 0x00, 0x00, 0x16, 0x00, 0x00, 0x00, 0x00, 0x00, 0x00, 0x00,
  0x2B, 0x00, 0x04, 0x00, 0x06, 0x00, 0x00, 0x00, 0x1B, 0x00, 0x00, 0x00, 0x00, 0x00, 0x80, 0x3F,
  0x19, 0x00, 0x09, 0x00, 0x1C, 0x00, 0x00, 0x00, 0x06, 0x00, 0x00, 0x00, 0x01, 0x00, 0x00, 0x00,
  0x00, 0x00, 0x00, 0x00, 0x00, 0x00, 0x00, 0x00, 0x00, 0x00, 0x00, 0x00, 0x01, 0x00, 0x00, 0x00,
  0x00, 0x00, 0x00, 0x00, 0x1B, 0x00, 0x03, 0x00, 0x1D, 0x00, 0x00, 0x00, 0x1C, 0x00, 0x00, 0x00,
  0x20, 0x00, 0x04, 0x00, 0x1E, 0x00, 0x00, 0x00, 0x00, 0x00, 0x00, 0x00, 0x1D, 0x00, 0x00, 0x00,
  0x3B, 0x00, 0x04, 0x00, 0x1E, 0x00, 0x00, 0x00, 0x1F, 0x00, 0x00, 0x00, 0x00, 0x00, 0x00, 0x00,
  0x17, 0x00, 0x04, 0x00, 0x22, 0x00, 0x00, 0x00, 0x10, 0x00, 0x00, 0x00, 0x02, 0x00, 0x00, 0x00,
  0x17, 0x00, 0x04, 0x00, 0x27, 0x00, 0x00, 0x00, 0x06, 0x00, 0x00, 0x00, 0x04, 0x00, 0x00, 0x00,
  0x20, 0x00, 0x04, 0x00, 0x28, 0x00, 0x00, 0x00, 0x07, 0x00, 0x00, 0x00, 0x27, 0x00, 0x00, 0x00,
  0x2B, 0x00, 0x04, 0x00, 0x06, 0x00, 0x00, 0x00, 0x2A, 0x00, 0x00, 0x00, 0x00, 0x00, 0x00, 0x00,
  0x2C, 0x00, 0x07, 0x00, 0x27, 0x00, 0x00, 0x00, 0x2B, 0x00, 0x00, 0x00, 0x2A, 0x00, 0x00, 0x00,
  0x2A, 0x00, 0x00, 0x00, 0x2A, 0x00, 0x00, 0x00, 0x2A, 0x00, 0x00, 0x00, 0x20, 0x00, 0x04, 0x00,
  0x2C, 0x00, 0x00, 0x00, 0x07, 0x00, 0x00, 0x00, 0x06, 0x00, 0x00, 0x00, 0x20, 0x00, 0x04, 0x00,
  0x2E, 0x00, 0x00, 0x00, 0x07, 0x00, 0x00, 0x00, 0x10, 0x00, 0x00, 0x00, 0x2B, 0x00, 0x04, 0x00,
  0x10, 0x00, 0x00, 0x00, 0x30, 0x00, 0x00, 0x00, 0xFF, 0xFF, 0xFF, 0xFF, 0x14, 0x00, 0x02, 0x00,
  0x37, 0x00, 0x00, 0x00, 0x20, 0x00, 0x04, 0x00, 0x54, 0x00, 0x00, 0x00, 0x03, 0x00, 0x00, 0x00,
  0x27, 0x00, 0x00, 0x00, 0x3B, 0x00, 0x04, 0x00, 0x54, 0x00, 0x00, 0x00, 0x55, 0x00, 0x00, 0x00,
  0x03, 0x00, 0x00, 0x00, 0x2B, 0x00, 0x04, 0x00, 0x10, 0x00, 0x00, 0x00, 0x5A, 0x00, 0x00, 0x00,
  0x02, 0x00, 0x00, 0x00, 0x20, 0x00, 0x04, 0x00, 0x5B, 0x00, 0x00, 0x00, 0x02, 0x00, 0x00, 0x00,
  0x06, 0x00, 0x00, 0x00, 0x15, 0x00, 0x04, 0x00, 0x5E, 0x00, 0x00, 0x00, 0x20, 0x00, 0x00, 0x00,
  0x00, 0x00, 0x00, 0x00, 0x2B, 0x00, 0x04, 0x00, 0x5E, 0x00, 0x00, 0x00, 0x5F, 0x00, 0x00, 0x00,
  0x03, 0x00, 0x00, 0x00, 0x20, 0x00, 0x04, 0x00, 0x60, 0x00, 0x00, 0x00, 0x03, 0x00, 0x00, 0x00,
  0x06, 0x00, 0x00, 0x00, 0x36, 0x00, 0x05, 0x00, 0x02, 0x00, 0x00, 0x00, 0x04, 0x00, 0x00, 0x00,
  0x00, 0x00, 0x00, 0x00, 0x03, 0x00, 0x00, 0x00, 0xF8, 0x00, 0x02, 0x00, 0x05, 0x00, 0x00, 0x00,
  0x3B, 0x00, 0x04, 0x00, 0x08, 0x00, 0x00, 0x00, 0x09, 0x00, 0x00, 0x00, 0x07, 0x00, 0x00, 0x00,
  0x3B, 0x00, 0x04, 0x00, 0x08, 0x00, 0x00, 0x00, 0x1A, 0x00, 0x00, 0x00, 0x07, 0x00, 0x00, 0x00,
  0x3B, 0x00, 0x04, 0x00, 0x28, 0x00, 0x00, 0x00, 0x29, 0x00, 0x00, 0x00, 0x07, 0x00, 0x00, 0x00,
  0x3B, 0x00, 0x04, 0x00, 0x2C, 0x00, 0x00, 0x00, 0x2D, 0x00, 0x00, 0x00, 0x07, 0x00, 0x00, 0x00,
  0x3B, 0x00, 0x04, 0x00, 0x2E, 0x00, 0x00, 0x00, 0x2F, 0x00, 0x00, 0x00, 0x07, 0x00, 0x00, 0x00,
  0x3B, 0x00, 0x04, 0x00, 0x2E, 0x00, 0x00, 0x00, 0x39, 0x00, 0x00, 0x00, 0x07, 0x00, 0x00, 0x00,
  0x3D, 0x00, 0x04, 0x00, 0x07, 0x00, 0x00, 0x00, 0x0C, 0x00, 0x00, 0x00, 0x0B, 0x00, 0x00, 0x00,
  0x41, 0x00, 0x05, 0x00, 0x12, 0x00, 0x00, 0x00, 0x13, 0x00, 0x00, 0x00, 0x0F, 0x00, 0x00, 0x00,
  0x11, 0x00, 0x00, 0x00, 0x3D, 0x00, 0x04, 0x00, 0x07, 0x00, 0x00, 0x00, 0x14, 0x00, 0x00, 0x00,
  0x13, 0x00, 0x00, 0x00, 0x85, 0x00, 0x05, 0x00, 0x07, 0x00, 0x00, 0x00, 0x15, 0x00, 0x00, 0x00,
  0x0C, 0x00, 0x00, 0x00, 0x14, 0x00, 0x00, 0x00, 0x41, 0x00, 0x05, 0x00, 0x12, 0x00, 0x00, 0x00,
  0x17, 0x00, 0x00, 0x00, 0x0F, 0x00, 0x00, 0x00, 0x16, 0x00, 0x00, 0x00, 0x3D, 0x00, 0x04, 0x00,
  0x07, 0x00, 0x00, 0x00, 0x18, 0x00, 0x00, 0x00, 0x17, 0x00, 0x00, 0x00, 0x81, 0x00, 0x05, 0x00,
  0x07, 0x00, 0x00, 0x00, 0x19, 0x00, 0x00, 0x00, 0x15, 0x00, 0x00, 0x00, 0x18, 0x00, 0x00, 0x00,
  0x3E, 0x00, 0x03, 0x00, 0x09, 0x00, 0x00, 0x00, 0x19, 0x00, 0x00, 0x00, 0x3D, 0x00, 0x04, 0x00,
  0x1D, 0x00, 0x00, 0x00, 0x20, 0x00, 0x00, 0x00, 0x1F, 0x00, 0x00, 0x00, 0x64, 0x00, 0x04, 0x00,
  0x1C, 0x00, 0x00, 0x00, 0x21, 0x00, 0x00, 0x00, 0x20, 0x00, 0x00, 0x00, 0x67, 0x00, 0x05, 0x00,
  0x22, 0x00, 0x00, 0x00, 0x23, 0x00, 0x00, 0x00, 0x21, 0x00, 0x00, 0x00, 0x16, 0x00, 0x00, 0x00,
  0x6F, 0x00, 0x04, 0x00, 0x07, 0x00, 0x00, 0x00, 0x24, 0x00, 0x00, 0x00, 0x23, 0x00, 0x00, 0x00,
  0x50, 0x00, 0x05, 0x00, 0x07, 0x00, 0x00, 0x00, 0x25, 0x00, 0x00, 0x00, 0x1B, 0x00, 0x00, 0x00,
  0x1B, 0x00, 0x00, 0x00, 0x88, 0x00, 0x05, 0x00, 0x07, 0x00, 0x00, 0x00, 0x26, 0x00, 0x00, 0x00,
  0x25, 0x00, 0x00, 0x00, 0x24, 0x00, 0x00, 0x00, 0x3E, 0x00, 0x03, 0x00, 0x1A, 0x00, 0x00, 0x00,
  0x26, 0x00, 0x00, 0x00, 0x3E, 0x00, 0x03, 0x00, 0x29, 0x00, 0x00, 0x00, 0x2B, 0x00, 0x00, 0x00,
  0x3E, 0x00, 0x03, 0x00, 0x2D, 0x00, 0x00, 0x00, 0x2A, 0x00, 0x00, 0x00, 0x3E, 0x00, 0x03, 0x00,
  0x2F, 0x00, 0x00, 0x00, 0x30, 0x00, 0x00, 0x00, 0xF9, 0x00, 0x02, 0x00, 0x31, 0x00, 0x00, 0x00,
  0xF8, 0x00, 0x02, 0x00, 0x31, 0x00, 0x00, 0x00, 0xF6, 0x00, 0x04, 0x00, 0x33, 0x00, 0x00, 0x00,
  0x34, 0x00, 0x00, 0x00, 0x00, 0x00, 0x00, 0x00, 0xF9, 0x00, 0x02, 0x00, 0x35, 0x00, 0x00, 0x00,
  0xF8, 0x00, 0x02, 0x00, 0x35, 0x00, 0x00, 0x00, 0x3D, 0x00, 0x04, 0x00, 0x10, 0x00, 0x00, 0x00,
  0x36, 0x00, 0x00, 0x00, 0x2F, 0x00, 0x00, 0x00, 0xB3, 0x00, 0x05, 0x00, 0x37, 0x00, 0x00, 0x00,
  0x38, 0x00, 0x00, 0x00, 0x36, 0x00, 0x00, 0x00, 0x11, 0x00, 0x00, 0x00, 0xFA, 0x00, 0x04, 0x00,
  0x38, 0x00, 0x00, 0x00, 0x32, 0x00, 0x00, 0x00, 0x33, 0x00, 0x00, 0x00, 0xF8, 0x00, 0x02, 0x00,
  0x32, 0x00, 0x00, 0x00, 0x3E, 0x00, 0x03, 0x00, 0x39, 0x00, 0x00, 0x00, 0x30, 0x00, 0x00, 0x00,
  0xF9, 0x00, 0x02, 0x00, 0x3A, 0x00, 0x00, 0x00, 0xF8, 0x00, 0x02, 0x00, 0x3A, 0x00, 0x00, 0x00,
  0xF6, 0x00, 0x04, 0x00, 0x3C, 0x00, 0x00, 0x00, 0x3D, 0x00, 0x00, 0x00, 0x00, 0x00, 0x00, 0x00,
  0xF9, 0x00, 0x02, 0x00, 0x3E, 0x00, 0x00, 0x00, 0xF8, 0x00, 0x02, 0x00, 0x3E, 0x00, 0x00, 0x00,
  0x3D, 0x00, 0x04, 0x00, 0x10, 0x00, 0x00, 0x00, 0x3F, 0x00, 0x00, 0x00, 0x39, 0x00, 0x00, 0x00,
  0xB3, 0x00, 0x05, 0x00, 0x37, 0x00, 0x00, 0x00, 0x40, 0x00, 0x00, 0x00, 0x3F, 0x00, 0x00, 0x00,
  0x11, 0x00, 0x00, 0x00, 0xFA, 0x00, 0x04, 0x00, 0x40, 0x00, 0x00, 0x00, 0x3B, 0x00, 0x00, 0x00,
  0x3C, 0x00, 0x00, 0x00, 0xF8, 0x00, 0x02, 0x00, 0x3B, 0x00, 0x00, 0x00, 0x3D, 0x00, 0x04, 0x00,
  0x1D, 0x00, 0x00, 0x00, 0x41, 0x00, 0x00, 0x00, 0x1F, 0x00, 0x00, 0x00, 0x3D, 0x00, 0x04, 0x00,
  0x07, 0x00, 0x00, 0x00, 0x42, 0x00, 0x00, 0x00, 0x09, 0x00, 0x00, 0x00, 0x3D, 0x00, 0x04, 0x00,
  0x10, 0x00, 0x00, 0x00, 0x43, 0x00, 0x00, 0x00, 0x39, 0x00, 0x00, 0x00, 0x6F, 0x00, 0x04, 0x00,
  0x06, 0x00, 0x00, 0x00, 0x44, 0x00, 0x00, 0x00, 0x43, 0x00, 0x00, 0x00, 0x3D, 0x00, 0x04, 0x00,
  0x10, 0x00, 0x00, 0x00, 0x45, 0x00, 0x00, 0x00, 0x2F, 0x00, 0x00, 0x00, 0x6F, 0x00, 0x04, 0x00,
  0x06, 0x00, 0x00, 0x00, 0x46, 0x00, 0x00, 0x00, 0x45, 0x00, 0x00, 0x00, 0x50, 0x00, 0x05, 0x00,
  0x07, 0x00, 0x00, 0x00, 0x47, 0x00, 0x00, 0x00, 0x44, 0x00, 0x00, 0x00, 0x46, 0x00, 0x00, 0x00,
  0x3D, 0x00, 0x04, 0x00, 0x07, 0x00, 0x00, 0x00, 0x48, 0x00, 0x00, 0x00, 0x1A, 0x00, 0x00, 0x00,
  0x85, 0x00, 0x05, 0x00, 0x07, 0x00, 0x00, 0x00, 0x49, 0x00, 0x00, 0x00, 0x47, 0x00, 0x00, 0x00,
  0x48, 0x00, 0x00, 0x00, 0x81, 0x00, 0x05, 0x00, 0x07, 0x00, 0x00, 0x00, 0x4A, 0x00, 0x00, 0x00,
  0x42, 0x00, 0x00, 0x00, 0x49, 0x00, 0x00, 0x00, 0x57, 0x00, 0x05, 0x00, 0x27, 0x00, 0x00, 0x00,
  0x4B, 0x00, 0x00, 0x00, 0x41, 0x00, 0x00, 0x00, 0x4A, 0x00, 0x00, 0x00, 0x3D, 0x00, 0x04, 0x00,
  0x27, 0x00, 0x00, 0x00, 0x4C, 0x00, 0x00, 0x00, 0x29, 0x00, 0x00, 0x00, 0x81, 0x00, 0x05, 0x00,
  0x27, 0x00, 0x00, 0x00, 0x4D, 0x00, 0x00, 0x00, 0x4C, 0x00, 0x00, 0x00, 0x4B, 0x00, 0x00, 0x00,
  0x3E, 0x00, 0x03, 0x00, 0x29, 0x00, 0x00, 0x00, 0x4D, 0x00, 0x00, 0x00, 0x3D, 0x00, 0x04, 0x00,
  0x06, 0x00, 0x00, 0x00, 0x4E, 0x00, 0x00, 0x00, 0x2D, 0x00, 0x00, 0x00, 0x81, 0x00, 0x05, 0x00,
  0x06, 0x00, 0x00, 0x00, 0x4F, 0x00, 0x00, 0x00, 0x4E, 0x00, 0x00, 0x00, 0x1B, 0x00, 0x00, 0x00,
  0x3E, 0x00, 0x03, 0x00, 0x2D, 0x00, 0x00, 0x00, 0x4F, 0x00, 0x00, 0x00, 0xF9, 0x00, 0x02, 0x00,
  0x3D, 0x00, 0x00, 0x00, 0xF8, 0x00, 0x02, 0x00, 0x3D, 0x00, 0x00, 0x00, 0x3D, 0x00, 0x04, 0x00,
  0x10, 0x00, 0x00, 0x00, 0x50, 0x00, 0x00, 0x00, 0x39, 0x00, 0x00, 0x00, 0x80, 0x00, 0x05, 0x00,
  0x10, 0x00, 0x00, 0x00, 0x51, 0x00, 0x00, 0x00, 0x50, 0x00, 0x00, 0x00, 0x11, 0x00, 0x00, 0x00,
  0x3E, 0x00, 0x03, 0x00, 0x39, 0x00, 0x00, 0x00, 0x51, 0x00, 0x00, 0x00, 0xF9, 0x00, 0x02, 0x00,
  0x3A, 0x00, 0x00, 0x00, 0xF8, 0x00, 0x02, 0x00, 0x3C, 0x00, 0x00, 0x00, 0xF9, 0x00, 0x02, 0x00,
  0x34, 0x00, 0x00, 0x00, 0xF8, 0x00, 0x02, 0x00, 0x34, 0x00, 0x00, 0x00, 0x3D, 0x00, 0x04, 0x00,
  0x10, 0x00, 0x00, 0x00, 0x52, 0x00, 0x00, 0x00, 0x2F, 0x00, 0x00, 0x00, 0x80, 0x00, 0x05, 0x00,
  0x10, 0x00, 0x00, 0x00, 0x53, 0x00, 0x00, 0x00, 0x52, 0x00, 0x00, 0x00, 0x11, 0x00, 0x00, 0x00,
  0x3E, 0x00, 0x03, 0x00, 0x2F, 0x00, 0x00, 0x00, 0x53, 0x00, 0x00, 0x00, 0xF9, 0x00, 0x02, 0x00,
  0x31, 0x00, 0x00, 0x00, 0xF8, 0x00, 0x02, 0x00, 0x33, 0x00, 0x00, 0x00, 0x3D, 0x00, 0x04, 0x00,
  0x27, 0x00, 0x00, 0x00, 0x56, 0x00, 0x00, 0x00, 0x29, 0x00, 0x00, 0x00, 0x3D, 0x00, 0x04, 0x00,
  0x06, 0x00, 0x00, 0x00, 0x57, 0x00, 0x00, 0x00, 0x2D, 0x00, 0x00, 0x00, 0x50, 0x00, 0x07, 0x00,
  0x27, 0x00, 0x00, 0x00, 0x58, 0x00, 0x00, 0x00, 0x57, 0x00, 0x00, 0x00, 0x57, 0x00, 0x00, 0x00,
  0x57, 0x00, 0x00, 0x00, 0x57, 0x00, 0x00, 0x00, 0x88, 0x00, 0x05, 0x00, 0x27, 0x00, 0x00, 0x00,
  0x59, 0x00, 0x00, 0x00, 0x56, 0x00, 0x00, 0x00, 0x58, 0x00, 0x00, 0x00, 0x3E, 0x00, 0x03, 0x00,
  0x55, 0x00, 0x00, 0x00, 0x59, 0x00, 0x00, 0x00, 0x41, 0x00, 0x05, 0x00, 0x5B, 0x00, 0x00, 0x00,
  0x5C, 0x00, 0x00, 0x00, 0x0F, 0x00, 0x00, 0x00, 0x5A, 0x00, 0x00, 0x00, 0x3D, 0x00, 0x04, 0x00,
  0x06, 0x00, 0x00, 0x00, 0x5D, 0x00, 0x00, 0x00, 0x5C, 0x00, 0x00, 0x00, 0x41, 0x00, 0x05, 0x00,
  0x60, 0x00, 0x00, 0x00, 0x61, 0x00, 0x00, 0x00, 0x55, 0x00, 0x00, 0x00, 0x5F, 0x00, 0x00, 0x00,
  0x3D, 0x00, 0x04, 0x00, 0x06, 0x00, 0x00, 0x00, 0x62, 0x00, 0x00, 0x00, 0x61, 0x00, 0x00, 0x00,
  0x85, 0x00, 0x05, 0x00, 0x06, 0x00, 0x00, 0x00, 0x63, 0x00, 0x00, 0x00, 0x62, 0x00, 0x00, 0x00,
  0x5D, 0x00, 0x00, 0x00, 0x41, 0x00, 0x05, 0x00, 0x60, 0x00, 0x00, 0x00, 0x64, 0x00, 0x00, 0x00,
  0x55, 0x00, 0x00, 0x00, 0x5F, 0x00, 0x00, 0x00, 0x3E, 0x00, 0x03, 0x00, 0x64, 0x00, 0x00, 0x00,
  0x63, 0x00, 0x00, 0x00, 0xFD, 0x00, 0x01, 0x00, 0x38, 0x00, 0x01, 0x00,
};

static const unsigned int g_const_alpha_blend_d_fragSpvSize = 2188;
static const unsigned char g_const_alpha_blend_d_fragSpv[] = {
  0x03, 0x02, 0x23, 0x07, 0x00, 0x00, 0x01, 0x00, 0x0B, 0x00, 0x0D, 0x00, 0x51, 0x00, 0x00, 0x00,
  0x00, 0x00, 0x00, 0x00, 0x11, 0x00, 0x02, 0x00, 0x01, 0x00, 0x00, 0x00, 0x0B, 0x00, 0x06, 0x00,
  0x01, 0x00, 0x00, 0x00, 0x47, 0x4C, 0x53, 0x4C, 0x2E, 0x73, 0x74, 0x64, 0x2E, 0x34, 0x35, 0x30,
  0x00, 0x00, 0x00, 0x00, 0x0E, 0x00, 0x03, 0x00, 0x00, 0x00, 0x00, 0x00, 0x01, 0x00, 0x00, 0x00,
  0x0F, 0x00, 0x07, 0x00, 0x04, 0x00, 0x00, 0x00, 0x04, 0x00, 0x00, 0x00, 0x6D, 0x61, 0x69, 0x6E,
  0x00, 0x00, 0x00, 0x00, 0x0B, 0x00, 0x00, 0x00, 0x4A, 0x00, 0x00, 0x00, 0x10, 0x00, 0x03, 0x00,
  0x04, 0x00, 0x00, 0x00, 0x07, 0x00, 0x00, 0x00, 0x03, 0x00, 0x03, 0x00, 0x02, 0x00, 0x00, 0x00,
  0xC2, 0x01, 0x00, 0x00, 0x04, 0x00, 0x0A, 0x00, 0x47, 0x4C, 0x5F, 0x47, 0x4F, 0x4F, 0x47, 0x4C,
  0x45, 0x5F, 0x63, 0x70, 0x70, 0x5F, 0x73, 0x74, 0x79, 0x6C, 0x65, 0x5F, 0x6C, 0x69, 0x6E, 0x65,
  0x5F, 0x64, 0x69, 0x72, 0x65, 0x63, 0x74, 0x69, 0x76, 0x65, 0x00, 0x00, 0x04, 0x00, 0x08, 0x00,
  0x47, 0x4C, 0x5F, 0x47, 0x4F, 0x4F, 0x47, 0x4C, 0x45, 0x5F, 0x69, 0x6E, 0x63, 0x6C, 0x75, 0x64,
  0x65, 0x5F, 0x64, 0x69, 0x72, 0x65, 0x63, 0x74, 0x69, 0x76, 0x65, 0x00, 0x05, 0x00, 0x04, 0x00,
  0x04, 0x00, 0x00, 0x00, 0x6D, 0x61, 0x69, 0x6E, 0x00, 0x00, 0x00, 0x00, 0x05, 0x00, 0x03, 0x00,
  0x09, 0x00, 0x00, 0x00, 0x75, 0x76, 0x00, 0x00, 0x05, 0x00, 0x03, 0x00, 0x0B, 0x00, 0x00, 0x00,
  0x76, 0x55, 0x56, 0x00, 0x05, 0x00, 0x05, 0x00, 0x0D, 0x00, 0x00, 0x00, 0x46, 0x72, 0x61, 0x67,
  0x50, 0x61, 0x72, 0x61, 0x6D, 0x73, 0x00, 0x00, 0x06, 0x00, 0x06, 0x00, 0x0D, 0x00, 0x00, 0x00,
  0x00, 0x00, 0x00, 0x00, 0x75, 0x76, 0x4F, 0x66, 0x66, 0x73, 0x65, 0x74, 0x00, 0x00, 0x00, 0x00,
  0x06, 0x00, 0x05, 0x00, 0x0D, 0x00, 0x00, 0x00, 0x01, 0x00, 0x00, 0x00, 0x75, 0x76, 0x53, 0x63,
  0x61, 0x6C, 0x65, 0x00, 0x06, 0x00, 0x05, 0x00, 0x0D, 0x00, 0x00, 0x00, 0x02, 0x00, 0x00, 0x00,
  0x6F, 0x70, 0x61, 0x63, 0x69, 0x74, 0x79, 0x00, 0x06, 0x00, 0x04, 0x00, 0x0D, 0x00, 0x00, 0x00,
  0x03, 0x00, 0x00, 0x00, 0x70, 0x61, 0x64, 0x00, 0x05, 0x00, 0x03, 0x00, 0x0F, 0x00, 0x00, 0x00,
  0x75, 0x50, 0x00, 0x00, 0x05, 0x00, 0x03, 0x00, 0x1C, 0x00, 0x00, 0x00, 0x73, 0x72, 0x63, 0x00,
  0x05, 0x00, 0x04, 0x00, 0x20, 0x00, 0x00, 0x00, 0x75, 0x53, 0x72, 0x63, 0x00, 0x00, 0x00, 0x00,
  0x05, 0x00, 0x03, 0x00, 0x24, 0x00, 0x00, 0x00, 0x64, 0x73, 0x74, 0x00, 0x05, 0x00, 0x04, 0x00,
  0x25, 0x00, 0x00, 0x00, 0x75, 0x44, 0x73, 0x74, 0x00, 0x00, 0x00, 0x00, 0x05, 0x00, 0x03, 0x00,
  0x2A, 0x00, 0x00, 0x00, 0x6F, 0x70, 0x61, 0x00, 0x05, 0x00, 0x05, 0x00, 0x2F, 0x00, 0x00, 0x00,
  0x6E, 0x65, 0x77, 0x41, 0x6C, 0x70, 0x68, 0x61, 0x00, 0x00, 0x00, 0x00, 0x05, 0x00, 0x04, 0x00,
  0x3D, 0x00, 0x00, 0x00, 0x72, 0x65, 0x73, 0x75, 0x6C, 0x74, 0x00, 0x00, 0x05, 0x00, 0x05, 0x00,
  0x4A, 0x00, 0x00, 0x00, 0x46, 0x72, 0x61, 0x67, 0x43, 0x6F, 0x6C, 0x6F, 0x72, 0x00, 0x00, 0x00,
  0x47, 0x00, 0x04, 0x00, 0x0B, 0x00, 0x00, 0x00, 0x1E, 0x00, 0x00, 0x00, 0x00, 0x00, 0x00, 0x00,
  0x47, 0x00, 0x03, 0x00, 0x0D, 0x00, 0x00, 0x00, 0x02, 0x00, 0x00, 0x00, 0x48, 0x00, 0x05, 0x00,
  0x0D, 0x00, 0x00, 0x00, 0x00, 0x00, 0x00, 0x00, 0x23, 0x00, 0x00, 0x00, 0x00, 0x00, 0x00, 0x00,
  0x48, 0x00, 0x05, 0x00, 0x0D, 0x00, 0x00, 0x00, 0x01, 0x00, 0x00, 0x00, 0x23, 0x00, 0x00, 0x00,
  0x08, 0x00, 0x00, 0x00, 0x48, 0x00, 0x05, 0x00, 0x0D, 0x00, 0x00, 0x00, 0x02, 0x00, 0x00, 0x00,
  0x23, 0x00, 0x00, 0x00, 0x10, 0x00, 0x00, 0x00, 0x48, 0x00, 0x05, 0x00, 0x0D, 0x00, 0x00, 0x00,
  0x03, 0x00, 0x00, 0x00, 0x23, 0x00, 0x00, 0x00, 0x14, 0x00, 0x00, 0x00, 0x47, 0x00, 0x04, 0x00,
  0x0F, 0x00, 0x00, 0x00, 0x21, 0x00, 0x00, 0x00, 0x00, 0x00, 0x00, 0x00, 0x47, 0x00, 0x04, 0x00,
  0x0F, 0x00, 0x00, 0x00, 0x22, 0x00, 0x00, 0x00, 0x03, 0x00, 0x00, 0x00, 0x47, 0x00, 0x04, 0x00,
  0x20, 0x00, 0x00, 0x00, 0x21, 0x00, 0x00, 0x00, 0x00, 0x00, 0x00, 0x00, 0x47, 0x00, 0x04, 0x00,
  0x20, 0x00, 0x00, 0x00, 0x22, 0x00, 0x00, 0x00, 0x02, 0x00, 0x00, 0x00, 0x47, 0x00, 0x04, 0x00,
  0x25, 0x00, 0x00, 0x00, 0x21, 0x00, 0x00, 0x00, 0x01, 0x00, 0x00, 0x00, 0x47, 0x00, 0x04, 0x00,
  0x25, 0x00, 0x00, 0x00, 0x22, 0x00, 0x00, 0x00, 0x02, 0x00, 0x00, 0x00, 0x47, 0x00, 0x04, 0x00,
  0x4A, 0x00, 0x00, 0x00, 0x1E, 0x00, 0x00, 0x00, 0x00, 0x00, 0x00, 0x00, 0x13, 0x00, 0x02, 0x00,
  0x02, 0x00, 0x00, 0x00, 0x21, 0x00, 0x03, 0x00, 0x03, 0x00, 0x00, 0x00, 0x02, 0x00, 0x00, 0x00,
  0x16, 0x00, 0x03, 0x00, 0x06, 0x00, 0x00, 0x00, 0x20, 0x00, 0x00, 0x00, 0x17, 0x00, 0x04, 0x00,
  0x07, 0x00, 0x00, 0x00, 0x06, 0x00, 0x00, 0x00, 0x02, 0x00, 0x00, 0x00, 0x20, 0x00, 0x04, 0x00,
  0x08, 0x00, 0x00, 0x00, 0x07, 0x00, 0x00, 0x00, 0x07, 0x00, 0x00, 0x00, 0x20, 0x00, 0x04, 0x00,
  0x0A, 0x00, 0x00, 0x00, 0x01, 0x00, 0x00, 0x00, 0x07, 0x00, 0x00, 0x00, 0x3B, 0x00, 0x04, 0x00,
  0x0A, 0x00, 0x00, 0x00, 0x0B, 0x00, 0x00, 0x00, 0x01, 0x00, 0x00, 0x00, 0x1E, 0x00, 0x06, 0x00,
  0x0D, 0x00, 0x00, 0x00, 0x07, 0x00, 0x00, 0x00, 0x07, 0x00, 0x00, 0x00, 0x06, 0x00, 0x00, 0x00,
  0x06, 0x00, 0x00, 0x00, 0x20, 0x00, 0x04, 0x00, 0x0E, 0x00, 0x00, 0x00, 0x02, 0x00, 0x00, 0x00,
  0x0D, 0x00, 0x00, 0x00, 0x3B, 0x00, 0x04, 0x00, 0x0E, 0x00, 0x00, 0x00, 0x0F, 0x00, 0x00, 0x00,
  0x02, 0x00, 0x00, 0x00, 0x15, 0x00, 0x04, 0x00, 0x10, 0x00, 0x00, 0x00, 0x20, 0x00, 0x00, 0x00,
  0x01, 0x00, 0x00, 0x00, 0x2B, 0x00, 0x04, 0x00, 0x10, 0x00, 0x00, 0x00, 0x11, 0x00, 0x00, 0x00,
  0x01, 0x00, 0x00, 0x00, 0x20, 0x00, 0x04, 0x00, 0x12, 0x00, 0x00, 0x00, 0x02, 0x00, 0x00, 0x00,
  0x07, 0x00, 0x00, 0x00, 0x2B, 0x00, 0x04, 0x00, 0x10, 0x00, 0x00, 0x00, 0x16, 0x00, 0x00, 0x00,
  0x00, 0x00, 0x00, 0x00, 0x17, 0x00, 0x04, 0x00, 0x1A, 0x00, 0x00, 0x00, 0x06, 0x00, 0x00, 0x00,
  0x04, 0x00, 0x00, 0x00, 0x20, 0x00, 0x04, 0x00, 0x1B, 0x00, 0x00, 0x00, 0x07, 0x00, 0x00, 0x00,
  0x1A, 0x00, 0x00, 0x00, 0x19, 0x00, 0x09, 0x00, 0x1D, 0x00, 0x00, 0x00, 0x06, 0x00, 0x00, 0x00,
  0x01, 0x00, 0x00, 0x00, 0x00, 0x00, 0x00, 0x00, 0x00, 0x00, 0x00, 0x00, 0x00, 0x00, 0x00, 0x00,
  0x01, 0x00, 0x00, 0x00, 0x00, 0x00, 0x00, 0x00, 0x1B, 0x00, 0x03, 0x00, 0x1E, 0x00, 0x00, 0x00,
  0x1D, 0x00, 0x00, 0x00, 0x20, 0x00, 0x04, 0x00, 0x1F, 0x00, 0x00, 0x00, 0x00, 0x00, 0x00, 0x00,
  0x1E, 0x00, 0x00, 0x00, 0x3B, 0x00, 0x04, 0x00, 0x1F, 0x00, 0x00, 0x00, 0x20, 0x00, 0x00, 0x00,
  0x00, 0x00, 0x00, 0x00, 0x3B, 0x00, 0x04, 0x00, 0x1F, 0x00, 0x00, 0x00, 0x25, 0x00, 0x00, 0x00,
  0x00, 0x00, 0x00, 0x00, 0x20, 0x00, 0x04, 0x00, 0x29, 0x00, 0x00, 0x00, 0x07, 0x00, 0x00, 0x00,
  0x06, 0x00, 0x00, 0x00, 0x2B, 0x00, 0x04, 0x00, 0x10, 0x00, 0x00, 0x00, 0x2B, 0x00, 0x00, 0x00,
  0x02, 0x00, 0x00, 0x00, 0x20, 0x00, 0x04, 0x00, 0x2C, 0x00, 0x00, 0x00, 0x02, 0x00, 0x00, 0x00,
  0x06, 0x00, 0x00, 0x00, 0x15, 0x00, 0x04, 0x00, 0x31, 0x00, 0x00, 0x00, 0x20, 0x00, 0x00, 0x00,
  0x00, 0x00, 0x00, 0x00, 0x2B, 0x00, 0x04, 0x00, 0x31, 0x00, 0x00, 0x00, 0x32, 0x00, 0x00, 0x00,
  0x03, 0x00, 0x00, 0x00, 0x17, 0x00, 0x04, 0x00, 0x3B, 0x00, 0x00, 0x00, 0x06, 0x00, 0x00, 0x00,
  0x03, 0x00, 0x00, 0x00, 0x20, 0x00, 0x04, 0x00, 0x3C, 0x00, 0x00, 0x00, 0x07, 0x00, 0x00, 0x00,
  0x3B, 0x00, 0x00, 0x00, 0x2B, 0x00, 0x04, 0x00, 0x06, 0x00, 0x00, 0x00, 0x44, 0x00, 0x00, 0x00,
  0x17, 0xB7, 0xD1, 0x38, 0x20, 0x00, 0x04, 0x00, 0x49, 0x00, 0x00, 0x00, 0x03, 0x00, 0x00, 0x00,
  0x1A, 0x00, 0x00, 0x00, 0x3B, 0x00, 0x04, 0x00, 0x49, 0x00, 0x00, 0x00, 0x4A, 0x00, 0x00, 0x00,
  0x03, 0x00, 0x00, 0x00, 0x36, 0x00, 0x05, 0x00, 0x02, 0x00, 0x00, 0x00, 0x04, 0x00, 0x00, 0x00,
  0x00, 0x00, 0x00, 0x00, 0x03, 0x00, 0x00, 0x00, 0xF8, 0x00, 0x02, 0x00, 0x05, 0x00, 0x00, 0x00,
  0x3B, 0x00, 0x04, 0x00, 0x08, 0x00, 0x00, 0x00, 0x09, 0x00, 0x00, 0x00, 0x07, 0x00, 0x00, 0x00,
  0x3B, 0x00, 0x04, 0x00, 0x1B, 0x00, 0x00, 0x00, 0x1C, 0x00, 0x00, 0x00, 0x07, 0x00, 0x00, 0x00,
  0x3B, 0x00, 0x04, 0x00, 0x1B, 0x00, 0x00, 0x00, 0x24, 0x00, 0x00, 0x00, 0x07, 0x00, 0x00, 0x00,
  0x3B, 0x00, 0x04, 0x00, 0x29, 0x00, 0x00, 0x00, 0x2A, 0x00, 0x00, 0x00, 0x07, 0x00, 0x00, 0x00,
  0x3B, 0x00, 0x04, 0x00, 0x29, 0x00, 0x00, 0x00, 0x2F, 0x00, 0x00, 0x00, 0x07, 0x00, 0x00, 0x00,
  0x3B, 0x00, 0x04, 0x00, 0x3C, 0x00, 0x00, 0x00, 0x3D, 0x00, 0x00, 0x00, 0x07, 0x00, 0x00, 0x00,
  0x3D, 0x00, 0x04, 0x00, 0x07, 0x00, 0x00, 0x00, 0x0C, 0x00, 0x00, 0x00, 0x0B, 0x00, 0x00, 0x00,
  0x41, 0x00, 0x05, 0x00, 0x12, 0x00, 0x00, 0x00, 0x13, 0x00, 0x00, 0x00, 0x0F, 0x00, 0x00, 0x00,
  0x11, 0x00, 0x00, 0x00, 0x3D, 0x00, 0x04, 0x00, 0x07, 0x00, 0x00, 0x00, 0x14, 0x00, 0x00, 0x00,
  0x13, 0x00, 0x00, 0x00, 0x85, 0x00, 0x05, 0x00, 0x07, 0x00, 0x00, 0x00, 0x15, 0x00, 0x00, 0x00,
  0x0C, 0x00, 0x00, 0x00, 0x14, 0x00, 0x00, 0x00, 0x41, 0x00, 0x05, 0x00, 0x12, 0x00, 0x00, 0x00,
  0x17, 0x00, 0x00, 0x00, 0x0F, 0x00, 0x00, 0x00, 0x16, 0x00, 0x00, 0x00, 0x3D, 0x00, 0x04, 0x00,
  0x07, 0x00, 0x00, 0x00, 0x18, 0x00, 0x00, 0x00, 0x17, 0x00, 0x00, 0x00, 0x81, 0x00, 0x05, 0x00,
  0x07, 0x00, 0x00, 0x00, 0x19, 0x00, 0x00, 0x00, 0x15, 0x00, 0x00, 0x00, 0x18, 0x00, 0x00, 0x00,
  0x3E, 0x00, 0x03, 0x00, 0x09, 0x00, 0x00, 0x00, 0x19, 0x00, 0x00, 0x00, 0x3D, 0x00, 0x04, 0x00,
  0x1E, 0x00, 0x00, 0x00, 0x21, 0x00, 0x00, 0x00, 0x20, 0x00, 0x00, 0x00, 0x3D, 0x00, 0x04, 0x00,
  0x07, 0x00, 0x00, 0x00, 0x22, 0x00, 0x00, 0x00, 0x09, 0x00, 0x00, 0x00, 0x57, 0x00, 0x05, 0x00,
  0x1A, 0x00, 0x00, 0x00, 0x23, 0x00, 0x00, 0x00, 0x21, 0x00, 0x00, 0x00, 0x22, 0x00, 0x00, 0x00,
  0x3E, 0x00, 0x03, 0x00, 0x1C, 0x00, 0x00, 0x00, 0x23, 0x00, 0x00, 0x00, 0x3D, 0x00, 0x04, 0x00,
  0x1E, 0x00, 0x00, 0x00, 0x26, 0x00, 0x00, 0x00, 0x25, 0x00, 0x00, 0x00, 0x3D, 0x00, 0x04, 0x00,
  0x07, 0x00, 0x00, 0x00, 0x27, 0x00, 0x00, 0x00, 0x09, 0x00, 0x00, 0x00, 0x57, 0x00, 0x05, 0x00,
  0x1A, 0x00, 0x00, 0x00, 0x28, 0x00, 0x00, 0x00, 0x26, 0x00, 0x00, 0x00, 0x27, 0x00, 0x00, 0x00,
  0x3E, 0x00, 0x03, 0x00, 0x24, 0x00, 0x00, 0x00, 0x28, 0x00, 0x00, 0x00, 0x41, 0x00, 0x05, 0x00,
  0x2C, 0x00, 0x00, 0x00, 0x2D, 0x00, 0x00, 0x00, 0x0F, 0x00, 0x00, 0x00, 0x2B, 0x00, 0x00, 0x00,
  0x3D, 0x00, 0x04, 0x00, 0x06, 0x00, 0x00, 0x00, 0x2E, 0x00, 0x00, 0x00, 0x2D, 0x00, 0x00, 0x00,
  0x3E, 0x00, 0x03, 0x00, 0x2A, 0x00, 0x00, 0x00, 0x2E, 0x00, 0x00, 0x00, 0x3D, 0x00, 0x04, 0x00,
  0x06, 0x00, 0x00, 0x00, 0x30, 0x00, 0x00, 0x00, 0x2A, 0x00, 0x00, 0x00, 0x41, 0x00, 0x05, 0x00,
  0x29, 0x00, 0x00, 0x00, 0x33, 0x00, 0x00, 0x00, 0x24, 0x00, 0x00, 0x00, 0x32, 0x00, 0x00, 0x00,
  0x3D, 0x00, 0x04, 0x00, 0x06, 0x00, 0x00, 0x00, 0x34, 0x00, 0x00, 0x00, 0x33, 0x00, 0x00, 0x00,
  0x81, 0x00, 0x05, 0x00, 0x06, 0x00, 0x00, 0x00, 0x35, 0x00, 0x00, 0x00, 0x30, 0x00, 0x00, 0x00,
  0x34, 0x00, 0x00, 0x00, 0x3D, 0x00, 0x04, 0x00, 0x06, 0x00, 0x00, 0x00, 0x36, 0x00, 0x00, 0x00,
  0x2A, 0x00, 0x00, 0x00, 0x41, 0x00, 0x05, 0x00, 0x29, 0x00, 0x00, 0x00, 0x37, 0x00, 0x00, 0x00,
  0x24, 0x00, 0x00, 0x00, 0x32, 0x00, 0x00, 0x00, 0x3D, 0x00, 0x04, 0x00, 0x06, 0x00, 0x00, 0x00,
  0x38, 0x00, 0x00, 0x00, 0x37, 0x00, 0x00, 0x00, 0x85, 0x00, 0x05, 0x00, 0x06, 0x00, 0x00, 0x00,
  0x39, 0x00, 0x00, 0x00, 0x36, 0x00, 0x00, 0x00, 0x38, 0x00, 0x00, 0x00, 0x83, 0x00, 0x05, 0x00,
  0x06, 0x00, 0x00, 0x00, 0x3A, 0x00, 0x00, 0x00, 0x35, 0x00, 0x00, 0x00, 0x39, 0x00, 0x00, 0x00,
  0x3E, 0x00, 0x03, 0x00, 0x2F, 0x00, 0x00, 0x00, 0x3A, 0x00, 0x00, 0x00, 0x3D, 0x00, 0x04, 0x00,
  0x1A, 0x00, 0x00, 0x00, 0x3E, 0x00, 0x00, 0x00, 0x24, 0x00, 0x00, 0x00, 0x4F, 0x00, 0x08, 0x00,
  0x3B, 0x00, 0x00, 0x00, 0x3F, 0x00, 0x00, 0x00, 0x3E, 0x00, 0x00, 0x00, 0x3E, 0x00, 0x00, 0x00,
  0x00, 0x00, 0x00, 0x00, 0x01, 0x00, 0x00, 0x00, 0x02, 0x00, 0x00, 0x00, 0x3D, 0x00, 0x04, 0x00,
  0x1A, 0x00, 0x00, 0x00, 0x40, 0x00, 0x00, 0x00, 0x1C, 0x00, 0x00, 0x00, 0x4F, 0x00, 0x08, 0x00,
  0x3B, 0x00, 0x00, 0x00, 0x41, 0x00, 0x00, 0x00, 0x40, 0x00, 0x00, 0x00, 0x40, 0x00, 0x00, 0x00,
  0x00, 0x00, 0x00, 0x00, 0x01, 0x00, 0x00, 0x00, 0x02, 0x00, 0x00, 0x00, 0x3D, 0x00, 0x04, 0x00,
  0x06, 0x00, 0x00, 0x00, 0x42, 0x00, 0x00, 0x00, 0x2A, 0x00, 0x00, 0x00, 0x3D, 0x00, 0x04, 0x00,
  0x06, 0x00, 0x00, 0x00, 0x43, 0x00, 0x00, 0x00, 0x2F, 0x00, 0x00, 0x00, 0x0C, 0x00, 0x07, 0x00,
  0x06, 0x00, 0x00, 0x00, 0x45, 0x00, 0x00, 0x00, 0x01, 0x00, 0x00, 0x00, 0x28, 0x00, 0x00, 0x00,
  0x43, 0x00, 0x00, 0x00, 0x44, 0x00, 0x00, 0x00, 0x88, 0x00, 0x05, 0x00, 0x06, 0x00, 0x00, 0x00,
  0x46, 0x00, 0x00, 0x00, 0x42, 0x00, 0x00, 0x00, 0x45, 0x00, 0x00, 0x00, 0x50, 0x00, 0x06, 0x00,
  0x3B, 0x00, 0x00, 0x00, 0x47, 0x00, 0x00, 0x00, 0x46, 0x00, 0x00, 0x00, 0x46, 0x00, 0x00, 0x00,
  0x46, 0x00, 0x00, 0x00, 0x0C, 0x00, 0x08, 0x00, 0x3B, 0x00, 0x00, 0x00, 0x48, 0x00, 0x00, 0x00,
  0x01, 0x00, 0x00, 0x00, 0x2E, 0x00, 0x00, 0x00, 0x3F, 0x00, 0x00, 0x00, 0x41, 0x00, 0x00, 0x00,
  0x47, 0x00, 0x00, 0x00, 0x3E, 0x00, 0x03, 0x00, 0x3D, 0x00, 0x00, 0x00, 0x48, 0x00, 0x00, 0x00,
  0x3D, 0x00, 0x04, 0x00, 0x3B, 0x00, 0x00, 0x00, 0x4B, 0x00, 0x00, 0x00, 0x3D, 0x00, 0x00, 0x00,
  0x3D, 0x00, 0x04, 0x00, 0x06, 0x00, 0x00, 0x00, 0x4C, 0x00, 0x00, 0x00, 0x2F, 0x00, 0x00, 0x00,
  0x51, 0x00, 0x05, 0x00, 0x06, 0x00, 0x00, 0x00, 0x4D, 0x00, 0x00, 0x00, 0x4B, 0x00, 0x00, 0x00,
  0x00, 0x00, 0x00, 0x00, 0x51, 0x00, 0x05, 0x00, 0x06, 0x00, 0x00, 0x00, 0x4E, 0x00, 0x00, 0x00,
  0x4B, 0x00, 0x00, 0x00, 0x01, 0x00, 0x00, 0x00, 0x51, 0x00, 0x05, 0x00, 0x06, 0x00, 0x00, 0x00,
  0x4F, 0x00, 0x00, 0x00, 0x4B, 0x00, 0x00, 0x00, 0x02, 0x00, 0x00, 0x00, 0x50, 0x00, 0x07, 0x00,
  0x1A, 0x00, 0x00, 0x00, 0x50, 0x00, 0x00, 0x00, 0x4D, 0x00, 0x00, 0x00, 0x4E, 0x00, 0x00, 0x00,
  0x4F, 0x00, 0x00, 0x00, 0x4C, 0x00, 0x00, 0x00, 0x3E, 0x00, 0x03, 0x00, 0x4A, 0x00, 0x00, 0x00,
  0x50, 0x00, 0x00, 0x00, 0xFD, 0x00, 0x01, 0x00, 0x38, 0x00, 0x01, 0x00,
};

static const unsigned int g_const_color_alpha_blend_d_fragSpvSize = 2388;
static const unsigned char g_const_color_alpha_blend_d_fragSpv[] = {
  0x03, 0x02, 0x23, 0x07, 0x00, 0x00, 0x01, 0x00, 0x0B, 0x00, 0x0D, 0x00, 0x56, 0x00, 0x00, 0x00,
  0x00, 0x00, 0x00, 0x00, 0x11, 0x00, 0x02, 0x00, 0x01, 0x00, 0x00, 0x00, 0x0B, 0x00, 0x06, 0x00,
  0x01, 0x00, 0x00, 0x00, 0x47, 0x4C, 0x53, 0x4C, 0x2E, 0x73, 0x74, 0x64, 0x2E, 0x34, 0x35, 0x30,
  0x00, 0x00, 0x00, 0x00, 0x0E, 0x00, 0x03, 0x00, 0x00, 0x00, 0x00, 0x00, 0x01, 0x00, 0x00, 0x00,
  0x0F, 0x00, 0x07, 0x00, 0x04, 0x00, 0x00, 0x00, 0x04, 0x00, 0x00, 0x00, 0x6D, 0x61, 0x69, 0x6E,
  0x00, 0x00, 0x00, 0x00, 0x0B, 0x00, 0x00, 0x00, 0x4F, 0x00, 0x00, 0x00, 0x10, 0x00, 0x03, 0x00,
  0x04, 0x00, 0x00, 0x00, 0x07, 0x00, 0x00, 0x00, 0x03, 0x00, 0x03, 0x00, 0x02, 0x00, 0x00, 0x00,
  0xC2, 0x01, 0x00, 0x00, 0x04, 0x00, 0x0A, 0x00, 0x47, 0x4C, 0x5F, 0x47, 0x4F, 0x4F, 0x47, 0x4C,
  0x45, 0x5F, 0x63, 0x70, 0x70, 0x5F, 0x73, 0x74, 0x79, 0x6C, 0x65, 0x5F, 0x6C, 0x69, 0x6E, 0x65,
  0x5F, 0x64, 0x69, 0x72, 0x65, 0x63, 0x74, 0x69, 0x76, 0x65, 0x00, 0x00, 0x04, 0x00, 0x08, 0x00,
  0x47, 0x4C, 0x5F, 0x47, 0x4F, 0x4F, 0x47, 0x4C, 0x45, 0x5F, 0x69, 0x6E, 0x63, 0x6C, 0x75, 0x64,
  0x65, 0x5F, 0x64, 0x69, 0x72, 0x65, 0x63, 0x74, 0x69, 0x76, 0x65, 0x00, 0x05, 0x00, 0x04, 0x00,
  0x04, 0x00, 0x00, 0x00, 0x6D, 0x61, 0x69, 0x6E, 0x00, 0x00, 0x00, 0x00, 0x05, 0x00, 0x03, 0x00,
  0x09, 0x00, 0x00, 0x00, 0x75, 0x76, 0x00, 0x00, 0x05, 0x00, 0x03, 0x00, 0x0B, 0x00, 0x00, 0x00,
  0x76, 0x55, 0x56, 0x00, 0x05, 0x00, 0x05, 0x00, 0x0D, 0x00, 0x00, 0x00, 0x46, 0x72, 0x61, 0x67,
  0x50, 0x61, 0x72, 0x61, 0x6D, 0x73, 0x00, 0x00, 0x06, 0x00, 0x06, 0x00, 0x0D, 0x00, 0x00, 0x00,
  0x00, 0x00, 0x00, 0x00, 0x75, 0x76, 0x4F, 0x66, 0x66, 0x73, 0x65, 0x74, 0x00, 0x00, 0x00, 0x00,
  0x06, 0x00, 0x05, 0x00, 0x0D, 0x00, 0x00, 0x00, 0x01, 0x00, 0x00, 0x00, 0x75, 0x76, 0x53, 0x63,
  0x61, 0x6C, 0x65, 0x00, 0x06, 0x00, 0x05, 0x00, 0x0D, 0x00, 0x00, 0x00, 0x02, 0x00, 0x00, 0x00,
  0x6F, 0x70, 0x61, 0x63, 0x69, 0x74, 0x79, 0x00, 0x06, 0x00, 0x04, 0x00, 0x0D, 0x00, 0x00, 0x00,
  0x03, 0x00, 0x00, 0x00, 0x70, 0x61, 0x64, 0x00, 0x05, 0x00, 0x03, 0x00, 0x0F, 0x00, 0x00, 0x00,
  0x75, 0x50, 0x00, 0x00, 0x05, 0x00, 0x03, 0x00, 0x1C, 0x00, 0x00, 0x00, 0x73, 0x72, 0x63, 0x00,
  0x05, 0x00, 0x04, 0x00, 0x20, 0x00, 0x00, 0x00, 0x75, 0x53, 0x72, 0x63, 0x00, 0x00, 0x00, 0x00,
  0x05, 0x00, 0x03, 0x00, 0x24, 0x00, 0x00, 0x00, 0x64, 0x73, 0x74, 0x00, 0x05, 0x00, 0x04, 0x00,
  0x25, 0x00, 0x00, 0x00, 0x75, 0x44, 0x73, 0x74, 0x00, 0x00, 0x00, 0x00, 0x05, 0x00, 0x03, 0x00,
  0x2A, 0x00, 0x00, 0x00, 0x6F, 0x70, 0x61, 0x00, 0x05, 0x00, 0x05, 0x00, 0x2F, 0x00, 0x00, 0x00,
  0x6E, 0x65, 0x77, 0x41, 0x6C, 0x70, 0x68, 0x61, 0x00, 0x00, 0x00, 0x00, 0x05, 0x00, 0x04, 0x00,
  0x3D, 0x00, 0x00, 0x00, 0x72, 0x65, 0x73, 0x75, 0x6C, 0x74, 0x00, 0x00, 0x05, 0x00, 0x05, 0x00,
  0x40, 0x00, 0x00, 0x00, 0x43, 0x6F, 0x6C, 0x6F, 0x72, 0x50, 0x61, 0x72, 0x61, 0x6D, 0x73, 0x00,
  0x06, 0x00, 0x06, 0x00, 0x40, 0x00, 0x00, 0x00, 0x00, 0x00, 0x00, 0x00, 0x74, 0x65, 0x78, 0x74,
  0x5F, 0x63, 0x6F, 0x6C, 0x6F, 0x72, 0x00, 0x00, 0x05, 0x00, 0x03, 0x00, 0x42, 0x00, 0x00, 0x00,
  0x00, 0x00, 0x00, 0x00, 0x05, 0x00, 0x05, 0x00, 0x4F, 0x00, 0x00, 0x00, 0x46, 0x72, 0x61, 0x67,
  0x43, 0x6F, 0x6C, 0x6F, 0x72, 0x00, 0x00, 0x00, 0x47, 0x00, 0x04, 0x00, 0x0B, 0x00, 0x00, 0x00,
  0x1E, 0x00, 0x00, 0x00, 0x00, 0x00, 0x00, 0x00, 0x47, 0x00, 0x03, 0x00, 0x0D, 0x00, 0x00, 0x00,
  0x02, 0x00, 0x00, 0x00, 0x48, 0x00, 0x05, 0x00, 0x0D, 0x00, 0x00, 0x00, 0x00, 0x00, 0x00, 0x00,
  0x23, 0x00, 0x00, 0x00, 0x00, 0x00, 0x00, 0x00, 0x48, 0x00, 0x05, 0x00, 0x0D, 0x00, 0x00, 0x00,
  0x01, 0x00, 0x00, 0x00, 0x23, 0x00, 0x00, 0x00, 0x08, 0x00, 0x00, 0x00, 0x48, 0x00, 0x05, 0x00,
  0x0D, 0x00, 0x00, 0x00, 0x02, 0x00, 0x00, 0x00, 0x23, 0x00, 0x00, 0x00, 0x10, 0x00, 0x00, 0x00,
  0x48, 0x00, 0x05, 0x00, 0x0D, 0x00, 0x00, 0x00, 0x03, 0x00, 0x00, 0x00, 0x23, 0x00, 0x00, 0x00,
  0x14, 0x00, 0x00, 0x00, 0x47, 0x00, 0x04, 0x00, 0x0F, 0x00, 0x00, 0x00, 0x21, 0x00, 0x00, 0x00,
  0x00, 0x00, 0x00, 0x00, 0x47, 0x00, 0x04, 0x00, 0x0F, 0x00, 0x00, 0x00, 0x22, 0x00, 0x00, 0x00,
  0x03, 0x00, 0x00, 0x00, 0x47, 0x00, 0x04, 0x00, 0x20, 0x00, 0x00, 0x00, 0x21, 0x00, 0x00, 0x00,
  0x00, 0x00, 0x00, 0x00, 0x47, 0x00, 0x04, 0x00, 0x20, 0x00, 0x00, 0x00, 0x22, 0x00, 0x00, 0x00,
  0x02, 0x00, 0x00, 0x00, 0x47, 0x00, 0x04, 0x00, 0x25, 0x00, 0x00, 0x00, 0x21, 0x00, 0x00, 0x00,
  0x01, 0x00, 0x00, 0x00, 0x47, 0x00, 0x04, 0x00, 0x25, 0x00, 0x00, 0x00, 0x22, 0x00, 0x00, 0x00,
  0x02, 0x00, 0x00, 0x00, 0x47, 0x00, 0x03, 0x00, 0x40, 0x00, 0x00, 0x00, 0x02, 0x00, 0x00, 0x00,
  0x48, 0x00, 0x05, 0x00, 0x40, 0x00, 0x00, 0x00, 0x00, 0x00, 0x00, 0x00, 0x23, 0x00, 0x00, 0x00,
  0x00, 0x00, 0x00, 0x00, 0x47, 0x00, 0x04, 0x00, 0x42, 0x00, 0x00, 0x00, 0x21, 0x00, 0x00, 0x00,
  0x01, 0x00, 0x00, 0x00, 0x47, 0x00, 0x04, 0x00, 0x42, 0x00, 0x00, 0x00, 0x22, 0x00, 0x00, 0x00,
  0x03, 0x00, 0x00, 0x00, 0x47, 0x00, 0x04, 0x00, 0x4F, 0x00, 0x00, 0x00, 0x1E, 0x00, 0x00, 0x00,
  0x00, 0x00, 0x00, 0x00, 0x13, 0x00, 0x02, 0x00, 0x02, 0x00, 0x00, 0x00, 0x21, 0x00, 0x03, 0x00,
  0x03, 0x00, 0x00, 0x00, 0x02, 0x00, 0x00, 0x00, 0x16, 0x00, 0x03, 0x00, 0x06, 0x00, 0x00, 0x00,
  0x20, 0x00, 0x00, 0x00, 0x17, 0x00, 0x04, 0x00, 0x07, 0x00, 0x00, 0x00, 0x06, 0x00, 0x00, 0x00,
  0x02, 0x00, 0x00, 0x00, 0x20, 0x00, 0x04, 0x00, 0x08, 0x00, 0x00, 0x00, 0x07, 0x00, 0x00, 0x00,
  0x07, 0x00, 0x00, 0x00, 0x20, 0x00, 0x04, 0x00, 0x0A, 0x00, 0x00, 0x00, 0x01, 0x00, 0x00, 0x00,
  0x07, 0x00, 0x00, 0x00, 0x3B, 0x00, 0x04, 0x00, 0x0A, 0x00, 0x00, 0x00, 0x0B, 0x00, 0x00, 0x00,
  0x01, 0x00, 0x00, 0x00, 0x1E, 0x00, 0x06, 0x00, 0x0D, 0x00, 0x00, 0x00, 0x07, 0x00, 0x00, 0x00,
  0x07, 0x00, 0x00, 0x00, 0x06, 0x00, 0x00, 0x00, 0x06, 0x00, 0x00, 0x00, 0x20, 0x00, 0x04, 0x00,
  0x0E, 0x00, 0x00, 0x00, 0x02, 0x00, 0x00, 0x00, 0x0D, 0x00, 0x00, 0x00, 0x3B, 0x00, 0x04, 0x00,
  0x0E, 0x00, 0x00, 0x00, 0x0F, 0x00, 0x00, 0x00, 0x02, 0x00, 0x00, 0x00, 0x15, 0x00, 0x04, 0x00,
  0x10, 0x00, 0x00, 0x00, 0x20, 0x00, 0x00, 0x00, 0x01, 0x00, 0x00, 0x00, 0x2B, 0x00, 0x04, 0x00,
  0x10, 0x00, 0x00, 0x00, 0x11, 0x00, 0x00, 0x00, 0x01, 0x00, 0x00, 0x00, 0x20, 0x00, 0x04, 0x00,
  0x12, 0x00, 0x00, 0x00, 0x02, 0x00, 0x00, 0x00, 0x07, 0x00, 0x00, 0x00, 0x2B, 0x00, 0x04, 0x00,
  0x10, 0x00, 0x00, 0x00, 0x16, 0x00, 0x00, 0x00, 0x00, 0x00, 0x00, 0x00, 0x17, 0x00, 0x04, 0x00,
  0x1A, 0x00, 0x00, 0x00, 0x06, 0x00, 0x00, 0x00, 0x04, 0x00, 0x00, 0x00, 0x20, 0x00, 0x04, 0x00,
  0x1B, 0x00, 0x00, 0x00, 0x07, 0x00, 0x00, 0x00, 0x1A, 0x00, 0x00, 0x00, 0x19, 0x00, 0x09, 0x00,
  0x1D, 0x00, 0x00, 0x00, 0x06, 0x00, 0x00, 0x00, 0x01, 0x00, 0x00, 0x00, 0x00, 0x00, 0x00, 0x00,
  0x00, 0x00, 0x00, 0x00, 0x00, 0x00, 0x00, 0x00, 0x01, 0x00, 0x00, 0x00, 0x00, 0x00, 0x00, 0x00,
  0x1B, 0x00, 0x03, 0x00, 0x1E, 0x00, 0x00, 0x00, 0x1D, 0x00, 0x00, 0x00, 0x20, 0x00, 0x04, 0x00,
  0x1F, 0x00, 0x00, 0x00, 0x00, 0x00, 0x00, 0x00, 0x1E, 0x00, 0x00, 0x00, 0x3B, 0x00, 0x04, 0x00,
  0x1F, 0x00, 0x00, 0x00, 0x20, 0x00, 0x00, 0x00, 0x00, 0x00, 0x00, 0x00, 0x3B, 0x00, 0x04, 0x00,
  0x1F, 0x00, 0x00, 0x00, 0x25, 0x00, 0x00, 0x00, 0x00, 0x00, 0x00, 0x00, 0x20, 0x00, 0x04, 0x00,
  0x29, 0x00, 0x00, 0x00, 0x07, 0x00, 0x00, 0x00, 0x06, 0x00, 0x00, 0x00, 0x2B, 0x00, 0x04, 0x00,
  0x10, 0x00, 0x00, 0x00, 0x2B, 0x00, 0x00, 0x00, 0x02, 0x00, 0x00, 0x00, 0x20, 0x00, 0x04, 0x00,
  0x2C, 0x00, 0x00, 0x00, 0x02, 0x00, 0x00, 0x00, 0x06, 0x00, 0x00, 0x00, 0x15, 0x00, 0x04, 0x00,
  0x31, 0x00, 0x00, 0x00, 0x20, 0x00, 0x00, 0x00, 0x00, 0x00, 0x00, 0x00, 0x2B, 0x00, 0x04, 0x00,
  0x31, 0x00, 0x00, 0x00, 0x32, 0x00, 0x00, 0x00, 0x03, 0x00, 0x00, 0x00, 0x17, 0x00, 0x04, 0x00,
  0x3B, 0x00, 0x00, 0x00, 0x06, 0x00, 0x00, 0x00, 0x03, 0x00, 0x00, 0x00, 0x20, 0x00, 0x04, 0x00,
  0x3C, 0x00, 0x00, 0x00, 0x07, 0x00, 0x00, 0x00, 0x3B, 0x00, 0x00, 0x00, 0x1E, 0x00, 0x03, 0x00,
  0x40, 0x00, 0x00, 0x00, 0x1A, 0x00, 0x00, 0x00, 0x20, 0x00, 0x04, 0x00, 0x41, 0x00, 0x00, 0x00,
  0x02, 0x00, 0x00, 0x00, 0x40, 0x00, 0x00, 0x00, 0x3B, 0x00, 0x04, 0x00, 0x41, 0x00, 0x00, 0x00,
  0x42, 0x00, 0x00, 0x00, 0x02, 0x00, 0x00, 0x00, 0x20, 0x00, 0x04, 0x00, 0x43, 0x00, 0x00, 0x00,
  0x02, 0x00, 0x00, 0x00, 0x1A, 0x00, 0x00, 0x00, 0x2B, 0x00, 0x04, 0x00, 0x06, 0x00, 0x00, 0x00,
  0x49, 0x00, 0x00, 0x00, 0x17, 0xB7, 0xD1, 0x38, 0x20, 0x00, 0x04, 0x00, 0x4E, 0x00, 0x00, 0x00,
  0x03, 0x00, 0x00, 0x00, 0x1A, 0x00, 0x00, 0x00, 0x3B, 0x00, 0x04, 0x00, 0x4E, 0x00, 0x00, 0x00,
  0x4F, 0x00, 0x00, 0x00, 0x03, 0x00, 0x00, 0x00, 0x36, 0x00, 0x05, 0x00, 0x02, 0x00, 0x00, 0x00,
  0x04, 0x00, 0x00, 0x00, 0x00, 0x00, 0x00, 0x00, 0x03, 0x00, 0x00, 0x00, 0xF8, 0x00, 0x02, 0x00,
  0x05, 0x00, 0x00, 0x00, 0x3B, 0x00, 0x04, 0x00, 0x08, 0x00, 0x00, 0x00, 0x09, 0x00, 0x00, 0x00,
  0x07, 0x00, 0x00, 0x00, 0x3B, 0x00, 0x04, 0x00, 0x1B, 0x00, 0x00, 0x00, 0x1C, 0x00, 0x00, 0x00,
  0x07, 0x00, 0x00, 0x00, 0x3B, 0x00, 0x04, 0x00, 0x1B, 0x00, 0x00, 0x00, 0x24, 0x00, 0x00, 0x00,
  0x07, 0x00, 0x00, 0x00, 0x3B, 0x00, 0x04, 0x00, 0x29, 0x00, 0x00, 0x00, 0x2A, 0x00, 0x00, 0x00,
  0x07, 0x00, 0x00, 0x00, 0x3B, 0x00, 0x04, 0x00, 0x29, 0x00, 0x00, 0x00, 0x2F, 0x00, 0x00, 0x00,
  0x07, 0x00, 0x00, 0x00, 0x3B, 0x00, 0x04, 0x00, 0x3C, 0x00, 0x00, 0x00, 0x3D, 0x00, 0x00, 0x00,
  0x07, 0x00, 0x00, 0x00, 0x3D, 0x00, 0x04, 0x00, 0x07, 0x00, 0x00, 0x00, 0x0C, 0x00, 0x00, 0x00,
  0x0B, 0x00, 0x00, 0x00, 0x41, 0x00, 0x05, 0x00, 0x12, 0x00, 0x00, 0x00, 0x13, 0x00, 0x00, 0x00,
  0x0F, 0x00, 0x00, 0x00, 0x11, 0x00, 0x00, 0x00, 0x3D, 0x00, 0x04, 0x00, 0x07, 0x00, 0x00, 0x00,
  0x14, 0x00, 0x00, 0x00, 0x13, 0x00, 0x00, 0x00, 0x85, 0x00, 0x05, 0x00, 0x07, 0x00, 0x00, 0x00,
  0x15, 0x00, 0x00, 0x00, 0x0C, 0x00, 0x00, 0x00, 0x14, 0x00, 0x00, 0x00, 0x41, 0x00, 0x05, 0x00,
  0x12, 0x00, 0x00, 0x00, 0x17, 0x00, 0x00, 0x00, 0x0F, 0x00, 0x00, 0x00, 0x16, 0x00, 0x00, 0x00,
  0x3D, 0x00, 0x04, 0x00, 0x07, 0x00, 0x00, 0x00, 0x18, 0x00, 0x00, 0x00, 0x17, 0x00, 0x00, 0x00,
  0x81, 0x00, 0x05, 0x00, 0x07, 0x00, 0x00, 0x00, 0x19, 0x00, 0x00, 0x00, 0x15, 0x00, 0x00, 0x00,
  0x18, 0x00, 0x00, 0x00, 0x3E, 0x00, 0x03, 0x00, 0x09, 0x00, 0x00, 0x00, 0x19, 0x00, 0x00, 0x00,
  0x3D, 0x00, 0x04, 0x00, 0x1E, 0x00, 0x00, 0x00, 0x21, 0x00, 0x00, 0x00, 0x20, 0x00, 0x00, 0x00,
  0x3D, 0x00, 0x04, 0x00, 0x07, 0x00, 0x00, 0x00, 0x22, 0x00, 0x00, 0x00, 0x09, 0x00, 0x00, 0x00,
  0x57, 0x00, 0x05, 0x00, 0x1A, 0x00, 0x00, 0x00, 0x23, 0x00, 0x00, 0x00, 0x21, 0x00, 0x00, 0x00,
  0x22, 0x00, 0x00, 0x00, 0x3E, 0x00, 0x03, 0x00, 0x1C, 0x00, 0x00, 0x00, 0x23, 0x00, 0x00, 0x00,
  0x3D, 0x00, 0x04, 0x00, 0x1E, 0x00, 0x00, 0x00, 0x26, 0x00, 0x00, 0x00, 0x25, 0x00, 0x00, 0x00,
  0x3D, 0x00, 0x04, 0x00, 0x07, 0x00, 0x00, 0x00, 0x27, 0x00, 0x00, 0x00, 0x09, 0x00, 0x00, 0x00,
  0x57, 0x00, 0x05, 0x00, 0x1A, 0x00, 0x00, 0x00, 0x28, 0x00, 0x00, 0x00, 0x26, 0x00, 0x00, 0x00,
  0x27, 0x00, 0x00, 0x00, 0x3E, 0x00, 0x03, 0x00, 0x24, 0x00, 0x00, 0x00, 0x28, 0x00, 0x00, 0x00,
  0x41, 0x00, 0x05, 0x00, 0x2C, 0x00, 0x00, 0x00, 0x2D, 0x00, 0x00, 0x00, 0x0F, 0x00, 0x00, 0x00,
  0x2B, 0x00, 0x00, 0x00, 0x3D, 0x00, 0x04, 0x00, 0x06, 0x00, 0x00, 0x00, 0x2E, 0x00, 0x00, 0x00,
  0x2D, 0x00, 0x00, 0x00, 0x3E, 0x00, 0x03, 0x00, 0x2A, 0x00, 0x00, 0x00, 0x2E, 0x00, 0x00, 0x00,
  0x3D, 0x00, 0x04, 0x00, 0x06, 0x00, 0x00, 0x00, 0x30, 0x00, 0x00, 0x00, 0x2A, 0x00, 0x00, 0x00,
  0x41, 0x00, 0x05, 0x00, 0x29, 0x00, 0x00, 0x00, 0x33, 0x00, 0x00, 0x00, 0x24, 0x00, 0x00, 0x00,
  0x32, 0x00, 0x00, 0x00, 0x3D, 0x00, 0x04, 0x00, 0x06, 0x00, 0x00, 0x00, 0x34, 0x00, 0x00, 0x00,
  0x33, 0x00, 0x00, 0x00, 0x81, 0x00, 0x05, 0x00, 0x06, 0x00, 0x00, 0x00, 0x35, 0x00, 0x00, 0x00,
  0x30, 0x00, 0x00, 0x00, 0x34, 0x00, 0x00, 0x00, 0x3D, 0x00, 0x04, 0x00, 0x06, 0x00, 0x00, 0x00,
  0x36, 0x00, 0x00, 0x00, 0x2A, 0x00, 0x00, 0x00, 0x41, 0x00, 0x05, 0x00, 0x29, 0x00, 0x00, 0x00,
  0x37, 0x00, 0x00, 0x00, 0x24, 0x00, 0x00, 0x00, 0x32, 0x00, 0x00, 0x00, 0x3D, 0x00, 0x04, 0x00,
  0x06, 0x00, 0x00, 0x00, 0x38, 0x00, 0x00, 0x00, 0x37, 0x00, 0x00, 0x00, 0x85, 0x00, 0x05, 0x00,
  0x06, 0x00, 0x00, 0x00, 0x39, 0x00, 0x00, 0x00, 0x36, 0x00, 0x00, 0x00, 0x38, 0x00, 0x00, 0x00,
  0x83, 0x00, 0x05, 0x00, 0x06, 0x00, 0x00, 0x00, 0x3A, 0x00, 0x00, 0x00, 0x35, 0x00, 0x00, 0x00,
  0x39, 0x00, 0x00, 0x00, 0x3E, 0x00, 0x03, 0x00, 0x2F, 0x00, 0x00, 0x00, 0x3A, 0x00, 0x00, 0x00,
  0x3D, 0x00, 0x04, 0x00, 0x1A, 0x00, 0x00, 0x00, 0x3E, 0x00, 0x00, 0x00, 0x24, 0x00, 0x00, 0x00,
  0x4F, 0x00, 0x08, 0x00, 0x3B, 0x00, 0x00, 0x00, 0x3F, 0x00, 0x00, 0x00, 0x3E, 0x00, 0x00, 0x00,
  0x3E, 0x00, 0x00, 0x00, 0x00, 0x00, 0x00, 0x00, 0x01, 0x00, 0x00, 0x00, 0x02, 0x00, 0x00, 0x00,
  0x41, 0x00, 0x05, 0x00, 0x43, 0x00, 0x00, 0x00, 0x44, 0x00, 0x00, 0x00, 0x42, 0x00, 0x00, 0x00,
  0x16, 0x00, 0x00, 0x00, 0x3D, 0x00, 0x04, 0x00, 0x1A, 0x00, 0x00, 0x00, 0x45, 0x00, 0x00, 0x00,
  0x44, 0x00, 0x00, 0x00, 0x4F, 0x00, 0x08, 0x00, 0x3B, 0x00, 0x00, 0x00, 0x46, 0x00, 0x00, 0x00,
  0x45, 0x00, 0x00, 0x00, 0x45, 0x00, 0x00, 0x00, 0x00, 0x00, 0x00, 0x00, 0x01, 0x00, 0x00, 0x00,
  0x02, 0x00, 0x00, 0x00, 0x3D, 0x00, 0x04, 0x00, 0x06, 0x00, 0x00, 0x00, 0x47, 0x00, 0x00, 0x00,
  0x2A, 0x00, 0x00, 0x00, 0x3D, 0x00, 0x04, 0x00, 0x06, 0x00, 0x00, 0x00, 0x48, 0x00, 0x00, 0x00,
  0x2F, 0x00, 0x00, 0x00, 0x0C, 0x00, 0x07, 0x00, 0x06, 0x00, 0x00, 0x00, 0x4A, 0x00, 0x00, 0x00,
  0x01, 0x00, 0x00, 0x00, 0x28, 0x00, 0x00, 0x00, 0x48, 0x00, 0x00, 0x00, 0x49, 0x00, 0x00, 0x00,
  0x88, 0x00, 0x05, 0x00, 0x06, 0x00, 0x00, 0x00, 0x4B, 0x00, 0x00, 0x00, 0x47, 0x00, 0x00, 0x00,
  0x4A, 0x00, 0x00, 0x00, 0x50, 0x00, 0x06, 0x00, 0x3B, 0x00, 0x00, 0x00, 0x4C, 0x00, 0x00, 0x00,
  0x4B, 0x00, 0x00, 0x00, 0x4B, 0x00, 0x00, 0x00, 0x4B, 0x00, 0x00, 0x00, 0x0C, 0x00, 0x08, 0x00,
  0x3B, 0x00, 0x00, 0x00, 0x4D, 0x00, 0x00, 0x00, 0x01, 0x00, 0x00, 0x00, 0x2E, 0x00, 0x00, 0x00,
  0x3F, 0x00, 0x00, 0x00, 0x46, 0x00, 0x00, 0x00, 0x4C, 0x00, 0x00, 0x00, 0x3E, 0x00, 0x03, 0x00,
  0x3D, 0x00, 0x00, 0x00, 0x4D, 0x00, 0x00, 0x00, 0x3D, 0x00, 0x04, 0x00, 0x3B, 0x00, 0x00, 0x00,
  0x50, 0x00, 0x00, 0x00, 0x3D, 0x00, 0x00, 0x00, 0x3D, 0x00, 0x04, 0x00, 0x06, 0x00, 0x00, 0x00,
  0x51, 0x00, 0x00, 0x00, 0x2F, 0x00, 0x00, 0x00, 0x51, 0x00, 0x05, 0x00, 0x06, 0x00, 0x00, 0x00,
  0x52, 0x00, 0x00, 0x00, 0x50, 0x00, 0x00, 0x00, 0x00, 0x00, 0x00, 0x00, 0x51, 0x00, 0x05, 0x00,
  0x06, 0x00, 0x00, 0x00, 0x53, 0x00, 0x00, 0x00, 0x50, 0x00, 0x00, 0x00, 0x01, 0x00, 0x00, 0x00,
  0x51, 0x00, 0x05, 0x00, 0x06, 0x00, 0x00, 0x00, 0x54, 0x00, 0x00, 0x00, 0x50, 0x00, 0x00, 0x00,
  0x02, 0x00, 0x00, 0x00, 0x50, 0x00, 0x07, 0x00, 0x1A, 0x00, 0x00, 0x00, 0x55, 0x00, 0x00, 0x00,
  0x52, 0x00, 0x00, 0x00, 0x53, 0x00, 0x00, 0x00, 0x54, 0x00, 0x00, 0x00, 0x51, 0x00, 0x00, 0x00,
  0x3E, 0x00, 0x03, 0x00, 0x4F, 0x00, 0x00, 0x00, 0x55, 0x00, 0x00, 0x00, 0xFD, 0x00, 0x01, 0x00,
  0x38, 0x00, 0x01, 0x00,
};

static const unsigned int g_copy_color_fragSpvSize = 1332;
static const unsigned char g_copy_color_fragSpv[] = {
  0x03, 0x02, 0x23, 0x07, 0x00, 0x00, 0x01, 0x00, 0x0B, 0x00, 0x0D, 0x00, 0x2C, 0x00, 0x00, 0x00,
  0x00, 0x00, 0x00, 0x00, 0x11, 0x00, 0x02, 0x00, 0x01, 0x00, 0x00, 0x00, 0x0B, 0x00, 0x06, 0x00,
  0x01, 0x00, 0x00, 0x00, 0x47, 0x4C, 0x53, 0x4C, 0x2E, 0x73, 0x74, 0x64, 0x2E, 0x34, 0x35, 0x30,
  0x00, 0x00, 0x00, 0x00, 0x0E, 0x00, 0x03, 0x00, 0x00, 0x00, 0x00, 0x00, 0x01, 0x00, 0x00, 0x00,
  0x0F, 0x00, 0x07, 0x00, 0x04, 0x00, 0x00, 0x00, 0x04, 0x00, 0x00, 0x00, 0x6D, 0x61, 0x69, 0x6E,
  0x00, 0x00, 0x00, 0x00, 0x0B, 0x00, 0x00, 0x00, 0x2A, 0x00, 0x00, 0x00, 0x10, 0x00, 0x03, 0x00,
  0x04, 0x00, 0x00, 0x00, 0x07, 0x00, 0x00, 0x00, 0x03, 0x00, 0x03, 0x00, 0x02, 0x00, 0x00, 0x00,
  0xC2, 0x01, 0x00, 0x00, 0x04, 0x00, 0x0A, 0x00, 0x47, 0x4C, 0x5F, 0x47, 0x4F, 0x4F, 0x47, 0x4C,
  0x45, 0x5F, 0x63, 0x70, 0x70, 0x5F, 0x73, 0x74, 0x79, 0x6C, 0x65, 0x5F, 0x6C, 0x69, 0x6E, 0x65,
  0x5F, 0x64, 0x69, 0x72, 0x65, 0x63, 0x74, 0x69, 0x76, 0x65, 0x00, 0x00, 0x04, 0x00, 0x08, 0x00,
  0x47, 0x4C, 0x5F, 0x47, 0x4F, 0x4F, 0x47, 0x4C, 0x45, 0x5F, 0x69, 0x6E, 0x63, 0x6C, 0x75, 0x64,
  0x65, 0x5F, 0x64, 0x69, 0x72, 0x65, 0x63, 0x74, 0x69, 0x76, 0x65, 0x00, 0x05, 0x00, 0x04, 0x00,
  0x04, 0x00, 0x00, 0x00, 0x6D, 0x61, 0x69, 0x6E, 0x00, 0x00, 0x00, 0x00, 0x05, 0x00, 0x03, 0x00,
  0x09, 0x00, 0x00, 0x00, 0x75, 0x76, 0x00, 0x00, 0x05, 0x00, 0x03, 0x00, 0x0B, 0x00, 0x00, 0x00,
  0x76, 0x55, 0x56, 0x00, 0x05, 0x00, 0x05, 0x00, 0x0D, 0x00, 0x00, 0x00, 0x46, 0x72, 0x61, 0x67,
  0x50, 0x61, 0x72, 0x61, 0x6D, 0x73, 0x00, 0x00, 0x06, 0x00, 0x06, 0x00, 0x0D, 0x00, 0x00, 0x00,
  0x00, 0x00, 0x00, 0x00, 0x75, 0x76, 0x4F, 0x66, 0x66, 0x73, 0x65, 0x74, 0x00, 0x00, 0x00, 0x00,
  0x06, 0x00, 0x05, 0x00, 0x0D, 0x00, 0x00, 0x00, 0x01, 0x00, 0x00, 0x00, 0x75, 0x76, 0x53, 0x63,
  0x61, 0x6C, 0x65, 0x00, 0x06, 0x00, 0x05, 0x00, 0x0D, 0x00, 0x00, 0x00, 0x02, 0x00, 0x00, 0x00,
  0x6F, 0x70, 0x61, 0x63, 0x69, 0x74, 0x79, 0x00, 0x06, 0x00, 0x04, 0x00, 0x0D, 0x00, 0x00, 0x00,
  0x03, 0x00, 0x00, 0x00, 0x70, 0x61, 0x64, 0x00, 0x05, 0x00, 0x03, 0x00, 0x0F, 0x00, 0x00, 0x00,
  0x75, 0x50, 0x00, 0x00, 0x05, 0x00, 0x03, 0x00, 0x1C, 0x00, 0x00, 0x00, 0x63, 0x00, 0x00, 0x00,
  0x05, 0x00, 0x04, 0x00, 0x20, 0x00, 0x00, 0x00, 0x75, 0x54, 0x65, 0x78, 0x00, 0x00, 0x00, 0x00,
  0x05, 0x00, 0x05, 0x00, 0x2A, 0x00, 0x00, 0x00, 0x46, 0x72, 0x61, 0x67, 0x43, 0x6F, 0x6C, 0x6F,
  0x72, 0x00, 0x00, 0x00, 0x47, 0x00, 0x04, 0x00, 0x0B, 0x00, 0x00, 0x00, 0x1E, 0x00, 0x00, 0x00,
  0x00, 0x00, 0x00, 0x00, 0x47, 0x00, 0x03, 0x00, 0x0D, 0x00, 0x00, 0x00, 0x02, 0x00, 0x00, 0x00,
  0x48, 0x00, 0x05, 0x00, 0x0D, 0x00, 0x00, 0x00, 0x00, 0x00, 0x00, 0x00, 0x23, 0x00, 0x00, 0x00,
  0x00, 0x00, 0x00, 0x00, 0x48, 0x00, 0x05, 0x00, 0x0D, 0x00, 0x00, 0x00, 0x01, 0x00, 0x00, 0x00,
  0x23, 0x00, 0x00, 0x00, 0x08, 0x00, 0x00, 0x00, 0x48, 0x00, 0x05, 0x00, 0x0D, 0x00, 0x00, 0x00,
  0x02, 0x00, 0x00, 0x00, 0x23, 0x00, 0x00, 0x00, 0x10, 0x00, 0x00, 0x00, 0x48, 0x00, 0x05, 0x00,
  0x0D, 0x00, 0x00, 0x00, 0x03, 0x00, 0x00, 0x00, 0x23, 0x00, 0x00, 0x00, 0x14, 0x00, 0x00, 0x00,
  0x47, 0x00, 0x04, 0x00, 0x0F, 0x00, 0x00, 0x00, 0x21, 0x00, 0x00, 0x00, 0x00, 0x00, 0x00, 0x00,
  0x47, 0x00, 0x04, 0x00, 0x0F, 0x00, 0x00, 0x00, 0x22, 0x00, 0x00, 0x00, 0x03, 0x00, 0x00, 0x00,
  0x47, 0x00, 0x04, 0x00, 0x20, 0x00, 0x00, 0x00, 0x21, 0x00, 0x00, 0x00, 0x00, 0x00, 0x00, 0x00,
  0x47, 0x00, 0x04, 0x00, 0x20, 0x00, 0x00, 0x00, 0x22, 0x00, 0x00, 0x00, 0x02, 0x00, 0x00, 0x00,
  0x47, 0x00, 0x04, 0x00, 0x2A, 0x00, 0x00, 0x00, 0x1E, 0x00, 0x00, 0x00, 0x00, 0x00, 0x00, 0x00,
  0x13, 0x00, 0x02, 0x00, 0x02, 0x00, 0x00, 0x00, 0x21, 0x00, 0x03, 0x00, 0x03, 0x00, 0x00, 0x00,
  0x02, 0x00, 0x00, 0x00, 0x16, 0x00, 0x03, 0x00, 0x06, 0x00, 0x00, 0x00, 0x20, 0x00, 0x00, 0x00,
  0x17, 0x00, 0x04, 0x00, 0x07, 0x00, 0x00, 0x00, 0x06, 0x00, 0x00, 0x00, 0x02, 0x00, 0x00, 0x00,
  0x20, 0x00, 0x04, 0x00, 0x08, 0x00, 0x00, 0x00, 0x07, 0x00, 0x00, 0x00, 0x07, 0x00, 0x00, 0x00,
  0x20, 0x00, 0x04, 0x00, 0x0A, 0x00, 0x00, 0x00, 0x01, 0x00, 0x00, 0x00, 0x07, 0x00, 0x00, 0x00,
  0x3B, 0x00, 0x04, 0x00, 0x0A, 0x00, 0x00, 0x00, 0x0B, 0x00, 0x00, 0x00, 0x01, 0x00, 0x00, 0x00,
  0x1E, 0x00, 0x06, 0x00, 0x0D, 0x00, 0x00, 0x00, 0x07, 0x00, 0x00, 0x00, 0x07, 0x00, 0x00, 0x00,
  0x06, 0x00, 0x00, 0x00, 0x06, 0x00, 0x00, 0x00, 0x20, 0x00, 0x04, 0x00, 0x0E, 0x00, 0x00, 0x00,
  0x02, 0x00, 0x00, 0x00, 0x0D, 0x00, 0x00, 0x00, 0x3B, 0x00, 0x04, 0x00, 0x0E, 0x00, 0x00, 0x00,
  0x0F, 0x00, 0x00, 0x00, 0x02, 0x00, 0x00, 0x00, 0x15, 0x00, 0x04, 0x00, 0x10, 0x00, 0x00, 0x00,
  0x20, 0x00, 0x00, 0x00, 0x01, 0x00, 0x00, 0x00, 0x2B, 0x00, 0x04, 0x00, 0x10, 0x00, 0x00, 0x00,
  0x11, 0x00, 0x00, 0x00, 0x01, 0x00, 0x00, 0x00, 0x20, 0x00, 0x04, 0x00, 0x12, 0x00, 0x00, 0x00,
  0x02, 0x00, 0x00, 0x00, 0x07, 0x00, 0x00, 0x00, 0x2B, 0x00, 0x04, 0x00, 0x10, 0x00, 0x00, 0x00,
  0x16, 0x00, 0x00, 0x00, 0x00, 0x00, 0x00, 0x00, 0x17, 0x00, 0x04, 0x00, 0x1A, 0x00, 0x00, 0x00,
  0x06, 0x00, 0x00, 0x00, 0x04, 0x00, 0x00, 0x00, 0x20, 0x00, 0x04, 0x00, 0x1B, 0x00, 0x00, 0x00,
  0x07, 0x00, 0x00, 0x00, 0x1A, 0x00, 0x00, 0x00, 0x19, 0x00, 0x09, 0x00, 0x1D, 0x00, 0x00, 0x00,
  0x06, 0x00, 0x00, 0x00, 0x01, 0x00, 0x00, 0x00, 0x00, 0x00, 0x00, 0x00, 0x00, 0x00, 0x00, 0x00,
  0x00, 0x00, 0x00, 0x00, 0x01, 0x00, 0x00, 0x00, 0x00, 0x00, 0x00, 0x00, 0x1B, 0x00, 0x03, 0x00,
  0x1E, 0x00, 0x00, 0x00, 0x1D, 0x00, 0x00, 0x00, 0x20, 0x00, 0x04, 0x00, 0x1F, 0x00, 0x00, 0x00,
  0x00, 0x00, 0x00, 0x00, 0x1E, 0x00, 0x00, 0x00, 0x3B, 0x00, 0x04, 0x00, 0x1F, 0x00, 0x00, 0x00,
  0x20, 0x00, 0x00, 0x00, 0x00, 0x00, 0x00, 0x00, 0x2B, 0x00, 0x04, 0x00, 0x06, 0x00, 0x00, 0x00,
  0x24, 0x00, 0x00, 0x00, 0x00, 0x00, 0x00, 0x00, 0x15, 0x00, 0x04, 0x00, 0x25, 0x00, 0x00, 0x00,
  0x20, 0x00, 0x00, 0x00, 0x00, 0x00, 0x00, 0x00, 0x2B, 0x00, 0x04, 0x00, 0x25, 0x00, 0x00, 0x00,
  0x26, 0x00, 0x00, 0x00, 0x03, 0x00, 0x00, 0x00, 0x20, 0x00, 0x04, 0x00, 0x27, 0x00, 0x00, 0x00,
  0x07, 0x00, 0x00, 0x00, 0x06, 0x00, 0x00, 0x00, 0x20, 0x00, 0x04, 0x00, 0x29, 0x00, 0x00, 0x00,
  0x03, 0x00, 0x00, 0x00, 0x1A, 0x00, 0x00, 0x00, 0x3B, 0x00, 0x04, 0x00, 0x29, 0x00, 0x00, 0x00,
  0x2A, 0x00, 0x00, 0x00, 0x03, 0x00, 0x00, 0x00, 0x36, 0x00, 0x05, 0x00, 0x02, 0x00, 0x00, 0x00,
  0x04, 0x00, 0x00, 0x00, 0x00, 0x00, 0x00, 0x00, 0x03, 0x00, 0x00, 0x00, 0xF8, 0x00, 0x02, 0x00,
  0x05, 0x00, 0x00, 0x00, 0x3B, 0x00, 0x04, 0x00, 0x08, 0x00, 0x00, 0x00, 0x09, 0x00, 0x00, 0x00,
  0x07, 0x00, 0x00, 0x00, 0x3B, 0x00, 0x04, 0x00, 0x1B, 0x00, 0x00, 0x00, 0x1C, 0x00, 0x00, 0x00,
  0x07, 0x00, 0x00, 0x00, 0x3D, 0x00, 0x04, 0x00, 0x07, 0x00, 0x00, 0x00, 0x0C, 0x00, 0x00, 0x00,
  0x0B, 0x00, 0x00, 0x00, 0x41, 0x00, 0x05, 0x00, 0x12, 0x00, 0x00, 0x00, 0x13, 0x00, 0x00, 0x00,
  0x0F, 0x00, 0x00, 0x00, 0x11, 0x00, 0x00, 0x00, 0x3D, 0x00, 0x04, 0x00, 0x07, 0x00, 0x00, 0x00,
  0x14, 0x00, 0x00, 0x00, 0x13, 0x00, 0x00, 0x00, 0x85, 0x00, 0x05, 0x00, 0x07, 0x00, 0x00, 0x00,
  0x15, 0x00, 0x00, 0x00, 0x0C, 0x00, 0x00, 0x00, 0x14, 0x00, 0x00, 0x00, 0x41, 0x00, 0x05, 0x00,
  0x12, 0x00, 0x00, 0x00, 0x17, 0x00, 0x00, 0x00, 0x0F, 0x00, 0x00, 0x00, 0x16, 0x00, 0x00, 0x00,
  0x3D, 0x00, 0x04, 0x00, 0x07, 0x00, 0x00, 0x00, 0x18, 0x00, 0x00, 0x00, 0x17, 0x00, 0x00, 0x00,
  0x81, 0x00, 0x05, 0x00, 0x07, 0x00, 0x00, 0x00, 0x19, 0x00, 0x00, 0x00, 0x15, 0x00, 0x00, 0x00,
  0x18, 0x00, 0x00, 0x00, 0x3E, 0x00, 0x03, 0x00, 0x09, 0x00, 0x00, 0x00, 0x19, 0x00, 0x00, 0x00,
  0x3D, 0x00, 0x04, 0x00, 0x1E, 0x00, 0x00, 0x00, 0x21, 0x00, 0x00, 0x00, 0x20, 0x00, 0x00, 0x00,
  0x3D, 0x00, 0x04, 0x00, 0x07, 0x00, 0x00, 0x00, 0x22, 0x00, 0x00, 0x00, 0x09, 0x00, 0x00, 0x00,
  0x57, 0x00, 0x05, 0x00, 0x1A, 0x00, 0x00, 0x00, 0x23, 0x00, 0x00, 0x00, 0x21, 0x00, 0x00, 0x00,
  0x22, 0x00, 0x00, 0x00, 0x3E, 0x00, 0x03, 0x00, 0x1C, 0x00, 0x00, 0x00, 0x23, 0x00, 0x00, 0x00,
  0x41, 0x00, 0x05, 0x00, 0x27, 0x00, 0x00, 0x00, 0x28, 0x00, 0x00, 0x00, 0x1C, 0x00, 0x00, 0x00,
  0x26, 0x00, 0x00, 0x00, 0x3E, 0x00, 0x03, 0x00, 0x28, 0x00, 0x00, 0x00, 0x24, 0x00, 0x00, 0x00,
  0x3D, 0x00, 0x04, 0x00, 0x1A, 0x00, 0x00, 0x00, 0x2B, 0x00, 0x00, 0x00, 0x1C, 0x00, 0x00, 0x00,
  0x3E, 0x00, 0x03, 0x00, 0x2A, 0x00, 0x00, 0x00, 0x2B, 0x00, 0x00, 0x00, 0xFD, 0x00, 0x01, 0x00,
  0x38, 0x00, 0x01, 0x00,
};

static const unsigned int g_copy_mask_fragSpvSize = 1528;
static const unsigned char g_copy_mask_fragSpv[] = {
  0x03, 0x02, 0x23, 0x07, 0x00, 0x00, 0x01, 0x00, 0x0B, 0x00, 0x0D, 0x00, 0x35, 0x00, 0x00, 0x00,
  0x00, 0x00, 0x00, 0x00, 0x11, 0x00, 0x02, 0x00, 0x01, 0x00, 0x00, 0x00, 0x0B, 0x00, 0x06, 0x00,
  0x01, 0x00, 0x00, 0x00, 0x47, 0x4C, 0x53, 0x4C, 0x2E, 0x73, 0x74, 0x64, 0x2E, 0x34, 0x35, 0x30,
  0x00, 0x00, 0x00, 0x00, 0x0E, 0x00, 0x03, 0x00, 0x00, 0x00, 0x00, 0x00, 0x01, 0x00, 0x00, 0x00,
  0x0F, 0x00, 0x07, 0x00, 0x04, 0x00, 0x00, 0x00, 0x04, 0x00, 0x00, 0x00, 0x6D, 0x61, 0x69, 0x6E,
  0x00, 0x00, 0x00, 0x00, 0x0B, 0x00, 0x00, 0x00, 0x33, 0x00, 0x00, 0x00, 0x10, 0x00, 0x03, 0x00,
  0x04, 0x00, 0x00, 0x00, 0x07, 0x00, 0x00, 0x00, 0x03, 0x00, 0x03, 0x00, 0x02, 0x00, 0x00, 0x00,
  0xC2, 0x01, 0x00, 0x00, 0x04, 0x00, 0x0A, 0x00, 0x47, 0x4C, 0x5F, 0x47, 0x4F, 0x4F, 0x47, 0x4C,
  0x45, 0x5F, 0x63, 0x70, 0x70, 0x5F, 0x73, 0x74, 0x79, 0x6C, 0x65, 0x5F, 0x6C, 0x69, 0x6E, 0x65,
  0x5F, 0x64, 0x69, 0x72, 0x65, 0x63, 0x74, 0x69, 0x76, 0x65, 0x00, 0x00, 0x04, 0x00, 0x08, 0x00,
  0x47, 0x4C, 0x5F, 0x47, 0x4F, 0x4F, 0x47, 0x4C, 0x45, 0x5F, 0x69, 0x6E, 0x63, 0x6C, 0x75, 0x64,
  0x65, 0x5F, 0x64, 0x69, 0x72, 0x65, 0x63, 0x74, 0x69, 0x76, 0x65, 0x00, 0x05, 0x00, 0x04, 0x00,
  0x04, 0x00, 0x00, 0x00, 0x6D, 0x61, 0x69, 0x6E, 0x00, 0x00, 0x00, 0x00, 0x05, 0x00, 0x03, 0x00,
  0x09, 0x00, 0x00, 0x00, 0x75, 0x76, 0x00, 0x00, 0x05, 0x00, 0x03, 0x00, 0x0B, 0x00, 0x00, 0x00,
  0x76, 0x55, 0x56, 0x00, 0x05, 0x00, 0x05, 0x00, 0x0D, 0x00, 0x00, 0x00, 0x46, 0x72, 0x61, 0x67,
  0x50, 0x61, 0x72, 0x61, 0x6D, 0x73, 0x00, 0x00, 0x06, 0x00, 0x06, 0x00, 0x0D, 0x00, 0x00, 0x00,
  0x00, 0x00, 0x00, 0x00, 0x75, 0x76, 0x4F, 0x66, 0x66, 0x73, 0x65, 0x74, 0x00, 0x00, 0x00, 0x00,
  0x06, 0x00, 0x05, 0x00, 0x0D, 0x00, 0x00, 0x00, 0x01, 0x00, 0x00, 0x00, 0x75, 0x76, 0x53, 0x63,
  0x61, 0x6C, 0x65, 0x00, 0x06, 0x00, 0x05, 0x00, 0x0D, 0x00, 0x00, 0x00, 0x02, 0x00, 0x00, 0x00,
  0x6F, 0x70, 0x61, 0x63, 0x69, 0x74, 0x79, 0x00, 0x06, 0x00, 0x04, 0x00, 0x0D, 0x00, 0x00, 0x00,
  0x03, 0x00, 0x00, 0x00, 0x70, 0x61, 0x64, 0x00, 0x05, 0x00, 0x03, 0x00, 0x0F, 0x00, 0x00, 0x00,
  0x75, 0x50, 0x00, 0x00, 0x05, 0x00, 0x03, 0x00, 0x1C, 0x00, 0x00, 0x00, 0x63, 0x00, 0x00, 0x00,
  0x05, 0x00, 0x04, 0x00, 0x20, 0x00, 0x00, 0x00, 0x75, 0x54, 0x65, 0x78, 0x00, 0x00, 0x00, 0x00,
  0x05, 0x00, 0x05, 0x00, 0x33, 0x00, 0x00, 0x00, 0x46, 0x72, 0x61, 0x67, 0x43, 0x6F, 0x6C, 0x6F,
  0x72, 0x00, 0x00, 0x00, 0x47, 0x00, 0x04, 0x00, 0x0B, 0x00, 0x00, 0x00, 0x1E, 0x00, 0x00, 0x00,
  0x00, 0x00, 0x00, 0x00, 0x47, 0x00, 0x03, 0x00, 0x0D, 0x00, 0x00, 0x00, 0x02, 0x00, 0x00, 0x00,
  0x48, 0x00, 0x05, 0x00, 0x0D, 0x00, 0x00, 0x00, 0x00, 0x00, 0x00, 0x00, 0x23, 0x00, 0x00, 0x00,
  0x00, 0x00, 0x00, 0x00, 0x48, 0x00, 0x05, 0x00, 0x0D, 0x00, 0x00, 0x00, 0x01, 0x00, 0x00, 0x00,
  0x23, 0x00, 0x00, 0x00, 0x08, 0x00, 0x00, 0x00, 0x48, 0x00, 0x05, 0x00, 0x0D, 0x00, 0x00, 0x00,
  0x02, 0x00, 0x00, 0x00, 0x23, 0x00, 0x00, 0x00, 0x10, 0x00, 0x00, 0x00, 0x48, 0x00, 0x05, 0x00,
  0x0D, 0x00, 0x00, 0x00, 0x03, 0x00, 0x00, 0x00, 0x23, 0x00, 0x00, 0x00, 0x14, 0x00, 0x00, 0x00,
  0x47, 0x00, 0x04, 0x00, 0x0F, 0x00, 0x00, 0x00, 0x21, 0x00, 0x00, 0x00, 0x00, 0x00, 0x00, 0x00,
  0x47, 0x00, 0x04, 0x00, 0x0F, 0x00, 0x00, 0x00, 0x22, 0x00, 0x00, 0x00, 0x03, 0x00, 0x00, 0x00,
  0x47, 0x00, 0x04, 0x00, 0x20, 0x00, 0x00, 0x00, 0x21, 0x00, 0x00, 0x00, 0x00, 0x00, 0x00, 0x00,
  0x47, 0x00, 0x04, 0x00, 0x20, 0x00, 0x00, 0x00, 0x22, 0x00, 0x00, 0x00, 0x02, 0x00, 0x00, 0x00,
  0x47, 0x00, 0x04, 0x00, 0x33, 0x00, 0x00, 0x00, 0x1E, 0x00, 0x00, 0x00, 0x00, 0x00, 0x00, 0x00,
  0x13, 0x00, 0x02, 0x00, 0x02, 0x00, 0x00, 0x00, 0x21, 0x00, 0x03, 0x00, 0x03, 0x00, 0x00, 0x00,
  0x02, 0x00, 0x00, 0x00, 0x16, 0x00, 0x03, 0x00, 0x06, 0x00, 0x00, 0x00, 0x20, 0x00, 0x00, 0x00,
  0x17, 0x00, 0x04, 0x00, 0x07, 0x00, 0x00, 0x00, 0x06, 0x00, 0x00, 0x00, 0x02, 0x00, 0x00, 0x00,
  0x20, 0x00, 0x04, 0x00, 0x08, 0x00, 0x00, 0x00, 0x07, 0x00, 0x00, 0x00, 0x07, 0x00, 0x00, 0x00,
  0x20, 0x00, 0x04, 0x00, 0x0A, 0x00, 0x00, 0x00, 0x01, 0x00, 0x00, 0x00, 0x07, 0x00, 0x00, 0x00,
  0x3B, 0x00, 0x04, 0x00, 0x0A, 0x00, 0x00, 0x00, 0x0B, 0x00, 0x00, 0x00, 0x01, 0x00, 0x00, 0x00,
  0x1E, 0x00, 0x06, 0x00, 0x0D, 0x00, 0x00, 0x00, 0x07, 0x00, 0x00, 0x00, 0x07, 0x00, 0x00, 0x00,
  0x06, 0x00, 0x00, 0x00, 0x06, 0x00, 0x00, 0x00, 0x20, 0x00, 0x04, 0x00, 0x0E, 0x00, 0x00, 0x00,
  0x02, 0x00, 0x00, 0x00, 0x0D, 0x00, 0x00, 0x00, 0x3B, 0x00, 0x04, 0x00, 0x0E, 0x00, 0x00, 0x00,
  0x0F, 0x00, 0x00, 0x00, 0x02, 0x00, 0x00, 0x00, 0x15, 0x00, 0x04, 0x00, 0x10, 0x00, 0x00, 0x00,
  0x20, 0x00, 0x00, 0x00, 0x01, 0x00, 0x00, 0x00, 0x2B, 0x00, 0x04, 0x00, 0x10, 0x00, 0x00, 0x00,
  0x11, 0x00, 0x00, 0x00, 0x01, 0x00, 0x00, 0x00, 0x20, 0x00, 0x04, 0x00, 0x12, 0x00, 0x00, 0x00,
  0x02, 0x00, 0x00, 0x00, 0x07, 0x00, 0x00, 0x00, 0x2B, 0x00, 0x04, 0x00, 0x10, 0x00, 0x00, 0x00,
  0x16, 0x00, 0x00, 0x00, 0x00, 0x00, 0x00, 0x00, 0x17, 0x00, 0x04, 0x00, 0x1A, 0x00, 0x00, 0x00,
  0x06, 0x00, 0x00, 0x00, 0x04, 0x00, 0x00, 0x00, 0x20, 0x00, 0x04, 0x00, 0x1B, 0x00, 0x00, 0x00,
  0x07, 0x00, 0x00, 0x00, 0x1A, 0x00, 0x00, 0x00, 0x19, 0x00, 0x09, 0x00, 0x1D, 0x00, 0x00, 0x00,
  0x06, 0x00, 0x00, 0x00, 0x01, 0x00, 0x00, 0x00, 0x00, 0x00, 0x00, 0x00, 0x00, 0x00, 0x00, 0x00,
  0x00, 0x00, 0x00, 0x00, 0x01, 0x00, 0x00, 0x00, 0x00, 0x00, 0x00, 0x00, 0x1B, 0x00, 0x03, 0x00,
  0x1E, 0x00, 0x00, 0x00, 0x1D, 0x00, 0x00, 0x00, 0x20, 0x00, 0x04, 0x00, 0x1F, 0x00, 0x00, 0x00,
  0x00, 0x00, 0x00, 0x00, 0x1E, 0x00, 0x00, 0x00, 0x3B, 0x00, 0x04, 0x00, 0x1F, 0x00, 0x00, 0x00,
  0x20, 0x00, 0x00, 0x00, 0x00, 0x00, 0x00, 0x00, 0x17, 0x00, 0x04, 0x00, 0x24, 0x00, 0x00, 0x00,
  0x06, 0x00, 0x00, 0x00, 0x03, 0x00, 0x00, 0x00, 0x2B, 0x00, 0x04, 0x00, 0x06, 0x00, 0x00, 0x00,
  0x25, 0x00, 0x00, 0x00, 0x00, 0x00, 0x00, 0x00, 0x2C, 0x00, 0x06, 0x00, 0x24, 0x00, 0x00, 0x00,
  0x26, 0x00, 0x00, 0x00, 0x25, 0x00, 0x00, 0x00, 0x25, 0x00, 0x00, 0x00, 0x25, 0x00, 0x00, 0x00,
  0x15, 0x00, 0x04, 0x00, 0x27, 0x00, 0x00, 0x00, 0x20, 0x00, 0x00, 0x00, 0x00, 0x00, 0x00, 0x00,
  0x2B, 0x00, 0x04, 0x00, 0x27, 0x00, 0x00, 0x00, 0x28, 0x00, 0x00, 0x00, 0x00, 0x00, 0x00, 0x00,
  0x20, 0x00, 0x04, 0x00, 0x29, 0x00, 0x00, 0x00, 0x07, 0x00, 0x00, 0x00, 0x06, 0x00, 0x00, 0x00,
  0x2B, 0x00, 0x04, 0x00, 0x27, 0x00, 0x00, 0x00, 0x2C, 0x00, 0x00, 0x00, 0x01, 0x00, 0x00, 0x00,
  0x2B, 0x00, 0x04, 0x00, 0x27, 0x00, 0x00, 0x00, 0x2F, 0x00, 0x00, 0x00, 0x02, 0x00, 0x00, 0x00,
  0x20, 0x00, 0x04, 0x00, 0x32, 0x00, 0x00, 0x00, 0x03, 0x00, 0x00, 0x00, 0x1A, 0x00, 0x00, 0x00,
  0x3B, 0x00, 0x04, 0x00, 0x32, 0x00, 0x00, 0x00, 0x33, 0x00, 0x00, 0x00, 0x03, 0x00, 0x00, 0x00,
  0x36, 0x00, 0x05, 0x00, 0x02, 0x00, 0x00, 0x00, 0x04, 0x00, 0x00, 0x00, 0x00, 0x00, 0x00, 0x00,
  0x03, 0x00, 0x00, 0x00, 0xF8, 0x00, 0x02, 0x00, 0x05, 0x00, 0x00, 0x00, 0x3B, 0x00, 0x04, 0x00,
  0x08, 0x00, 0x00, 0x00, 0x09, 0x00, 0x00, 0x00, 0x07, 0x00, 0x00, 0x00, 0x3B, 0x00, 0x04, 0x00,
  0x1B, 0x00, 0x00, 0x00, 0x1C, 0x00, 0x00, 0x00, 0x07, 0x00, 0x00, 0x00, 0x3D, 0x00, 0x04, 0x00,
  0x07, 0x00, 0x00, 0x00, 0x0C, 0x00, 0x00, 0x00, 0x0B, 0x00, 0x00, 0x00, 0x41, 0x00, 0x05, 0x00,
  0x12, 0x00, 0x00, 0x00, 0x13, 0x00, 0x00, 0x00, 0x0F, 0x00, 0x00, 0x00, 0x11, 0x00, 0x00, 0x00,
  0x3D, 0x00, 0x04, 0x00, 0x07, 0x00, 0x00, 0x00, 0x14, 0x00, 0x00, 0x00, 0x13, 0x00, 0x00, 0x00,
  0x85, 0x00, 0x05, 0x00, 0x07, 0x00, 0x00, 0x00, 0x15, 0x00, 0x00, 0x00, 0x0C, 0x00, 0x00, 0x00,
  0x14, 0x00, 0x00, 0x00, 0x41, 0x00, 0x05, 0x00, 0x12, 0x00, 0x00, 0x00, 0x17, 0x00, 0x00, 0x00,
  0x0F, 0x00, 0x00, 0x00, 0x16, 0x00, 0x00, 0x00, 0x3D, 0x00, 0x04, 0x00, 0x07, 0x00, 0x00, 0x00,
  0x18, 0x00, 0x00, 0x00, 0x17, 0x00, 0x00, 0x00, 0x81, 0x00, 0x05, 0x00, 0x07, 0x00, 0x00, 0x00,
  0x19, 0x00, 0x00, 0x00, 0x15, 0x00, 0x00, 0x00, 0x18, 0x00, 0x00, 0x00, 0x3E, 0x00, 0x03, 0x00,
  0x09, 0x00, 0x00, 0x00, 0x19, 0x00, 0x00, 0x00, 0x3D, 0x00, 0x04, 0x00, 0x1E, 0x00, 0x00, 0x00,
  0x21, 0x00, 0x00, 0x00, 0x20, 0x00, 0x00, 0x00, 0x3D, 0x00, 0x04, 0x00, 0x07, 0x00, 0x00, 0x00,
  0x22, 0x00, 0x00, 0x00, 0x09, 0x00, 0x00, 0x00, 0x57, 0x00, 0x05, 0x00, 0x1A, 0x00, 0x00, 0x00,
  0x23, 0x00, 0x00, 0x00, 0x21, 0x00, 0x00, 0x00, 0x22, 0x00, 0x00, 0x00, 0x3E, 0x00, 0x03, 0x00,
  0x1C, 0x00, 0x00, 0x00, 0x23, 0x00, 0x00, 0x00, 0x41, 0x00, 0x05, 0x00, 0x29, 0x00, 0x00, 0x00,
  0x2A, 0x00, 0x00, 0x00, 0x1C, 0x00, 0x00, 0x00, 0x28, 0x00, 0x00, 0x00, 0x51, 0x00, 0x05, 0x00,
  0x06, 0x00, 0x00, 0x00, 0x2B, 0x00, 0x00, 0x00, 0x26, 0x00, 0x00, 0x00, 0x00, 0x00, 0x00, 0x00,
  0x3E, 0x00, 0x03, 0x00, 0x2A, 0x00, 0x00, 0x00, 0x2B, 0x00, 0x00, 0x00, 0x41, 0x00, 0x05, 0x00,
  0x29, 0x00, 0x00, 0x00, 0x2D, 0x00, 0x00, 0x00, 0x1C, 0x00, 0x00, 0x00, 0x2C, 0x00, 0x00, 0x00,
  0x51, 0x00, 0x05, 0x00, 0x06, 0x00, 0x00, 0x00, 0x2E, 0x00, 0x00, 0x00, 0x26, 0x00, 0x00, 0x00,
  0x01, 0x00, 0x00, 0x00, 0x3E, 0x00, 0x03, 0x00, 0x2D, 0x00, 0x00, 0x00, 0x2E, 0x00, 0x00, 0x00,
  0x41, 0x00, 0x05, 0x00, 0x29, 0x00, 0x00, 0x00, 0x30, 0x00, 0x00, 0x00, 0x1C, 0x00, 0x00, 0x00,
  0x2F, 0x00, 0x00, 0x00, 0x51, 0x00, 0x05, 0x00, 0x06, 0x00, 0x00, 0x00, 0x31, 0x00, 0x00, 0x00,
  0x26, 0x00, 0x00, 0x00, 0x02, 0x00, 0x00, 0x00, 0x3E, 0x00, 0x03, 0x00, 0x30, 0x00, 0x00, 0x00,
  0x31, 0x00, 0x00, 0x00, 0x3D, 0x00, 0x04, 0x00, 0x1A, 0x00, 0x00, 0x00, 0x34, 0x00, 0x00, 0x00,
  0x1C, 0x00, 0x00, 0x00, 0x3E, 0x00, 0x03, 0x00, 0x33, 0x00, 0x00, 0x00, 0x34, 0x00, 0x00, 0x00,
  0xFD, 0x00, 0x01, 0x00, 0x38, 0x00, 0x01, 0x00,
};

static const unsigned int g_copy_opaque_fragSpvSize = 1620;
static const unsigned char g_copy_opaque_fragSpv[] = {
  0x03, 0x02, 0x23, 0x07, 0x00, 0x00, 0x01, 0x00, 0x0B, 0x00, 0x0D, 0x00, 0x38, 0x00, 0x00, 0x00,
  0x00, 0x00, 0x00, 0x00, 0x11, 0x00, 0x02, 0x00, 0x01, 0x00, 0x00, 0x00, 0x0B, 0x00, 0x06, 0x00,
  0x01, 0x00, 0x00, 0x00, 0x47, 0x4C, 0x53, 0x4C, 0x2E, 0x73, 0x74, 0x64, 0x2E, 0x34, 0x35, 0x30,
  0x00, 0x00, 0x00, 0x00, 0x0E, 0x00, 0x03, 0x00, 0x00, 0x00, 0x00, 0x00, 0x01, 0x00, 0x00, 0x00,
  0x0F, 0x00, 0x07, 0x00, 0x04, 0x00, 0x00, 0x00, 0x04, 0x00, 0x00, 0x00, 0x6D, 0x61, 0x69, 0x6E,
  0x00, 0x00, 0x00, 0x00, 0x0B, 0x00, 0x00, 0x00, 0x34, 0x00, 0x00, 0x00, 0x10, 0x00, 0x03, 0x00,
  0x04, 0x00, 0x00, 0x00, 0x07, 0x00, 0x00, 0x00, 0x03, 0x00, 0x03, 0x00, 0x02, 0x00, 0x00, 0x00,
  0xC2, 0x01, 0x00, 0x00, 0x04, 0x00, 0x0A, 0x00, 0x47, 0x4C, 0x5F, 0x47, 0x4F, 0x4F, 0x47, 0x4C,
  0x45, 0x5F, 0x63, 0x70, 0x70, 0x5F, 0x73, 0x74, 0x79, 0x6C, 0x65, 0x5F, 0x6C, 0x69, 0x6E, 0x65,
  0x5F, 0x64, 0x69, 0x72, 0x65, 0x63, 0x74, 0x69, 0x76, 0x65, 0x00, 0x00, 0x04, 0x00, 0x08, 0x00,
  0x47, 0x4C, 0x5F, 0x47, 0x4F, 0x4F, 0x47, 0x4C, 0x45, 0x5F, 0x69, 0x6E, 0x63, 0x6C, 0x75, 0x64,
  0x65, 0x5F, 0x64, 0x69, 0x72, 0x65, 0x63, 0x74, 0x69, 0x76, 0x65, 0x00, 0x05, 0x00, 0x04, 0x00,
  0x04, 0x00, 0x00, 0x00, 0x6D, 0x61, 0x69, 0x6E, 0x00, 0x00, 0x00, 0x00, 0x05, 0x00, 0x03, 0x00,
  0x09, 0x00, 0x00, 0x00, 0x75, 0x76, 0x00, 0x00, 0x05, 0x00, 0x03, 0x00, 0x0B, 0x00, 0x00, 0x00,
  0x76, 0x55, 0x56, 0x00, 0x05, 0x00, 0x05, 0x00, 0x0D, 0x00, 0x00, 0x00, 0x46, 0x72, 0x61, 0x67,
  0x50, 0x61, 0x72, 0x61, 0x6D, 0x73, 0x00, 0x00, 0x06, 0x00, 0x06, 0x00, 0x0D, 0x00, 0x00, 0x00,
  0x00, 0x00, 0x00, 0x00, 0x75, 0x76, 0x4F, 0x66, 0x66, 0x73, 0x65, 0x74, 0x00, 0x00, 0x00, 0x00,
  0x06, 0x00, 0x05, 0x00, 0x0D, 0x00, 0x00, 0x00, 0x01, 0x00, 0x00, 0x00, 0x75, 0x76, 0x53, 0x63,
  0x61, 0x6C, 0x65, 0x00, 0x06, 0x00, 0x05, 0x00, 0x0D, 0x00, 0x00, 0x00, 0x02, 0x00, 0x00, 0x00,
  0x6F, 0x70, 0x61, 0x63, 0x69, 0x74, 0x79, 0x00, 0x06, 0x00, 0x04, 0x00, 0x0D, 0x00, 0x00, 0x00,
  0x03, 0x00, 0x00, 0x00, 0x70, 0x61, 0x64, 0x00, 0x05, 0x00, 0x03, 0x00, 0x0F, 0x00, 0x00, 0x00,
  0x75, 0x50, 0x00, 0x00, 0x05, 0x00, 0x03, 0x00, 0x1C, 0x00, 0x00, 0x00, 0x73, 0x72, 0x63, 0x00,
  0x05, 0x00, 0x04, 0x00, 0x20, 0x00, 0x00, 0x00, 0x75, 0x54, 0x65, 0x78, 0x00, 0x00, 0x00, 0x00,
  0x05, 0x00, 0x03, 0x00, 0x24, 0x00, 0x00, 0x00, 0x64, 0x73, 0x74, 0x00, 0x05, 0x00, 0x05, 0x00,
  0x25, 0x00, 0x00, 0x00, 0x75, 0x44, 0x65, 0x73, 0x74, 0x54, 0x65, 0x78, 0x00, 0x00, 0x00, 0x00,
  0x05, 0x00, 0x05, 0x00, 0x34, 0x00, 0x00, 0x00, 0x46, 0x72, 0x61, 0x67, 0x43, 0x6F, 0x6C, 0x6F,
  0x72, 0x00, 0x00, 0x00, 0x47, 0x00, 0x04, 0x00, 0x0B, 0x00, 0x00, 0x00, 0x1E, 0x00, 0x00, 0x00,
  0x00, 0x00, 0x00, 0x00, 0x47, 0x00, 0x03, 0x00, 0x0D, 0x00, 0x00, 0x00, 0x02, 0x00, 0x00, 0x00,
  0x48, 0x00, 0x05, 0x00, 0x0D, 0x00, 0x00, 0x00, 0x00, 0x00, 0x00, 0x00, 0x23, 0x00, 0x00, 0x00,
  0x00, 0x00, 0x00, 0x00, 0x48, 0x00, 0x05, 0x00, 0x0D, 0x00, 0x00, 0x00, 0x01, 0x00, 0x00, 0x00,
  0x23, 0x00, 0x00, 0x00, 0x08, 0x00, 0x00, 0x00, 0x48, 0x00, 0x05, 0x00, 0x0D, 0x00, 0x00, 0x00,
  0x02, 0x00, 0x00, 0x00, 0x23, 0x00, 0x00, 0x00, 0x10, 0x00, 0x00, 0x00, 0x48, 0x00, 0x05, 0x00,
  0x0D, 0x00, 0x00, 0x00, 0x03, 0x00, 0x00, 0x00, 0x23, 0x00, 0x00, 0x00, 0x14, 0x00, 0x00, 0x00,
  0x47, 0x00, 0x04, 0x00, 0x0F, 0x00, 0x00, 0x00, 0x21, 0x00, 0x00, 0x00, 0x00, 0x00, 0x00, 0x00,
  0x47, 0x00, 0x04, 0x00, 0x0F, 0x00, 0x00, 0x00, 0x22, 0x00, 0x00, 0x00, 0x04, 0x00, 0x00, 0x00,
  0x47, 0x00, 0x04, 0x00, 0x20, 0x00, 0x00, 0x00, 0x21, 0x00, 0x00, 0x00, 0x00, 0x00, 0x00, 0x00,
  0x47, 0x00, 0x04, 0x00, 0x20, 0x00, 0x00, 0x00, 0x22, 0x00, 0x00, 0x00, 0x02, 0x00, 0x00, 0x00,
  0x47, 0x00, 0x04, 0x00, 0x25, 0x00, 0x00, 0x00, 0x21, 0x00, 0x00, 0x00, 0x00, 0x00, 0x00, 0x00,
  0x47, 0x00, 0x04, 0x00, 0x25, 0x00, 0x00, 0x00, 0x22, 0x00, 0x00, 0x00, 0x03, 0x00, 0x00, 0x00,
  0x47, 0x00, 0x04, 0x00, 0x34, 0x00, 0x00, 0x00, 0x1E, 0x00, 0x00, 0x00, 0x00, 0x00, 0x00, 0x00,
  0x13, 0x00, 0x02, 0x00, 0x02, 0x00, 0x00, 0x00, 0x21, 0x00, 0x03, 0x00, 0x03, 0x00, 0x00, 0x00,
  0x02, 0x00, 0x00, 0x00, 0x16, 0x00, 0x03, 0x00, 0x06, 0x00, 0x00, 0x00, 0x20, 0x00, 0x00, 0x00,
  0x17, 0x00, 0x04, 0x00, 0x07, 0x00, 0x00, 0x00, 0x06, 0x00, 0x00, 0x00, 0x02, 0x00, 0x00, 0x00,
  0x20, 0x00, 0x04, 0x00, 0x08, 0x00, 0x00, 0x00, 0x07, 0x00, 0x00, 0x00, 0x07, 0x00, 0x00, 0x00,
  0x20, 0x00, 0x04, 0x00, 0x0A, 0x00, 0x00, 0x00, 0x01, 0x00, 0x00, 0x00, 0x07, 0x00, 0x00, 0x00,
  0x3B, 0x00, 0x04, 0x00, 0x0A, 0x00, 0x00, 0x00, 0x0B, 0x00, 0x00, 0x00, 0x01, 0x00, 0x00, 0x00,
  0x1E, 0x00, 0x06, 0x00, 0x0D, 0x00, 0x00, 0x00, 0x07, 0x00, 0x00, 0x00, 0x07, 0x00, 0x00, 0x00,
  0x06, 0x00, 0x00, 0x00, 0x06, 0x00, 0x00, 0x00, 0x20, 0x00, 0x04, 0x00, 0x0E, 0x00, 0x00, 0x00,
  0x02, 0x00, 0x00, 0x00, 0x0D, 0x00, 0x00, 0x00, 0x3B, 0x00, 0x04, 0x00, 0x0E, 0x00, 0x00, 0x00,
  0x0F, 0x00, 0x00, 0x00, 0x02, 0x00, 0x00, 0x00, 0x15, 0x00, 0x04, 0x00, 0x10, 0x00, 0x00, 0x00,
  0x20, 0x00, 0x00, 0x00, 0x01, 0x00, 0x00, 0x00, 0x2B, 0x00, 0x04, 0x00, 0x10, 0x00, 0x00, 0x00,
  0x11, 0x00, 0x00, 0x00, 0x01, 0x00, 0x00, 0x00, 0x20, 0x00, 0x04, 0x00, 0x12, 0x00, 0x00, 0x00,
  0x02, 0x00, 0x00, 0x00, 0x07, 0x00, 0x00, 0x00, 0x2B, 0x00, 0x04, 0x00, 0x10, 0x00, 0x00, 0x00,
  0x16, 0x00, 0x00, 0x00, 0x00, 0x00, 0x00, 0x00, 0x17, 0x00, 0x04, 0x00, 0x1A, 0x00, 0x00, 0x00,
  0x06, 0x00, 0x00, 0x00, 0x04, 0x00, 0x00, 0x00, 0x20, 0x00, 0x04, 0x00, 0x1B, 0x00, 0x00, 0x00,
  0x07, 0x00, 0x00, 0x00, 0x1A, 0x00, 0x00, 0x00, 0x19, 0x00, 0x09, 0x00, 0x1D, 0x00, 0x00, 0x00,
  0x06, 0x00, 0x00, 0x00, 0x01, 0x00, 0x00, 0x00, 0x00, 0x00, 0x00, 0x00, 0x00, 0x00, 0x00, 0x00,
  0x00, 0x00, 0x00, 0x00, 0x01, 0x00, 0x00, 0x00, 0x00, 0x00, 0x00, 0x00, 0x1B, 0x00, 0x03, 0x00,
  0x1E, 0x00, 0x00, 0x00, 0x1D, 0x00, 0x00, 0x00, 0x20, 0x00, 0x04, 0x00, 0x1F, 0x00, 0x00, 0x00,
  0x00, 0x00, 0x00, 0x00, 0x1E, 0x00, 0x00, 0x00, 0x3B, 0x00, 0x04, 0x00, 0x1F, 0x00, 0x00, 0x00,
  0x20, 0x00, 0x00, 0x00, 0x00, 0x00, 0x00, 0x00, 0x3B, 0x00, 0x04, 0x00, 0x1F, 0x00, 0x00, 0x00,
  0x25, 0x00, 0x00, 0x00, 0x00, 0x00, 0x00, 0x00, 0x15, 0x00, 0x04, 0x00, 0x29, 0x00, 0x00, 0x00,
  0x20, 0x00, 0x00, 0x00, 0x00, 0x00, 0x00, 0x00, 0x2B, 0x00, 0x04, 0x00, 0x29, 0x00, 0x00, 0x00,
  0x2A, 0x00, 0x00, 0x00, 0x03, 0x00, 0x00, 0x00, 0x20, 0x00, 0x04, 0x00, 0x2B, 0x00, 0x00, 0x00,
  0x07, 0x00, 0x00, 0x00, 0x06, 0x00, 0x00, 0x00, 0x2B, 0x00, 0x04, 0x00, 0x06, 0x00, 0x00, 0x00,
  0x2E, 0x00, 0x00, 0x00, 0x6F, 0x12, 0x83, 0x3A, 0x14, 0x00, 0x02, 0x00, 0x2F, 0x00, 0x00, 0x00,
  0x20, 0x00, 0x04, 0x00, 0x33, 0x00, 0x00, 0x00, 0x03, 0x00, 0x00, 0x00, 0x1A, 0x00, 0x00, 0x00,
  0x3B, 0x00, 0x04, 0x00, 0x33, 0x00, 0x00, 0x00, 0x34, 0x00, 0x00, 0x00, 0x03, 0x00, 0x00, 0x00,
  0x36, 0x00, 0x05, 0x00, 0x02, 0x00, 0x00, 0x00, 0x04, 0x00, 0x00, 0x00, 0x00, 0x00, 0x00, 0x00,
  0x03, 0x00, 0x00, 0x00, 0xF8, 0x00, 0x02, 0x00, 0x05, 0x00, 0x00, 0x00, 0x3B, 0x00, 0x04, 0x00,
  0x08, 0x00, 0x00, 0x00, 0x09, 0x00, 0x00, 0x00, 0x07, 0x00, 0x00, 0x00, 0x3B, 0x00, 0x04, 0x00,
  0x1B, 0x00, 0x00, 0x00, 0x1C, 0x00, 0x00, 0x00, 0x07, 0x00, 0x00, 0x00, 0x3B, 0x00, 0x04, 0x00,
  0x1B, 0x00, 0x00, 0x00, 0x24, 0x00, 0x00, 0x00, 0x07, 0x00, 0x00, 0x00, 0x3D, 0x00, 0x04, 0x00,
  0x07, 0x00, 0x00, 0x00, 0x0C, 0x00, 0x00, 0x00, 0x0B, 0x00, 0x00, 0x00, 0x41, 0x00, 0x05, 0x00,
  0x12, 0x00, 0x00, 0x00, 0x13, 0x00, 0x00, 0x00, 0x0F, 0x00, 0x00, 0x00, 0x11, 0x00, 0x00, 0x00,
  0x3D, 0x00, 0x04, 0x00, 0x07, 0x00, 0x00, 0x00, 0x14, 0x00, 0x00, 0x00, 0x13, 0x00, 0x00, 0x00,
  0x85, 0x00, 0x05, 0x00, 0x07, 0x00, 0x00, 0x00, 0x15, 0x00, 0x00, 0x00, 0x0C, 0x00, 0x00, 0x00,
  0x14, 0x00, 0x00, 0x00, 0x41, 0x00, 0x05, 0x00, 0x12, 0x00, 0x00, 0x00, 0x17, 0x00, 0x00, 0x00,
  0x0F, 0x00, 0x00, 0x00, 0x16, 0x00, 0x00, 0x00, 0x3D, 0x00, 0x04, 0x00, 0x07, 0x00, 0x00, 0x00,
  0x18, 0x00, 0x00, 0x00, 0x17, 0x00, 0x00, 0x00, 0x81, 0x00, 0x05, 0x00, 0x07, 0x00, 0x00, 0x00,
  0x19, 0x00, 0x00, 0x00, 0x15, 0x00, 0x00, 0x00, 0x18, 0x00, 0x00, 0x00, 0x3E, 0x00, 0x03, 0x00,
  0x09, 0x00, 0x00, 0x00, 0x19, 0x00, 0x00, 0x00, 0x3D, 0x00, 0x04, 0x00, 0x1E, 0x00, 0x00, 0x00,
  0x21, 0x00, 0x00, 0x00, 0x20, 0x00, 0x00, 0x00, 0x3D, 0x00, 0x04, 0x00, 0x07, 0x00, 0x00, 0x00,
  0x22, 0x00, 0x00, 0x00, 0x09, 0x00, 0x00, 0x00, 0x57, 0x00, 0x05, 0x00, 0x1A, 0x00, 0x00, 0x00,
  0x23, 0x00, 0x00, 0x00, 0x21, 0x00, 0x00, 0x00, 0x22, 0x00, 0x00, 0x00, 0x3E, 0x00, 0x03, 0x00,
  0x1C, 0x00, 0x00, 0x00, 0x23, 0x00, 0x00, 0x00, 0x3D, 0x00, 0x04, 0x00, 0x1E, 0x00, 0x00, 0x00,
  0x26, 0x00, 0x00, 0x00, 0x25, 0x00, 0x00, 0x00, 0x3D, 0x00, 0x04, 0x00, 0x07, 0x00, 0x00, 0x00,
  0x27, 0x00, 0x00, 0x00, 0x0B, 0x00, 0x00, 0x00, 0x57, 0x00, 0x05, 0x00, 0x1A, 0x00, 0x00, 0x00,
  0x28, 0x00, 0x00, 0x00, 0x26, 0x00, 0x00, 0x00, 0x27, 0x00, 0x00, 0x00, 0x3E, 0x00, 0x03, 0x00,
  0x24, 0x00, 0x00, 0x00, 0x28, 0x00, 0x00, 0x00, 0x41, 0x00, 0x05, 0x00, 0x2B, 0x00, 0x00, 0x00,
  0x2C, 0x00, 0x00, 0x00, 0x1C, 0x00, 0x00, 0x00, 0x2A, 0x00, 0x00, 0x00, 0x3D, 0x00, 0x04, 0x00,
  0x06, 0x00, 0x00, 0x00, 0x2D, 0x00, 0x00, 0x00, 0x2C, 0x00, 0x00, 0x00, 0xBA, 0x00, 0x05, 0x00,
  0x2F, 0x00, 0x00, 0x00, 0x30, 0x00, 0x00, 0x00, 0x2D, 0x00, 0x00, 0x00, 0x2E, 0x00, 0x00, 0x00,
  0xF7, 0x00, 0x03, 0x00, 0x32, 0x00, 0x00, 0x00, 0x00, 0x00, 0x00, 0x00, 0xFA, 0x00, 0x04, 0x00,
  0x30, 0x00, 0x00, 0x00, 0x31, 0x00, 0x00, 0x00, 0x36, 0x00, 0x00, 0x00, 0xF8, 0x00, 0x02, 0x00,
  0x31, 0x00, 0x00, 0x00, 0x3D, 0x00, 0x04, 0x00, 0x1A, 0x00, 0x00, 0x00, 0x35, 0x00, 0x00, 0x00,
  0x1C, 0x00, 0x00, 0x00, 0x3E, 0x00, 0x03, 0x00, 0x34, 0x00, 0x00, 0x00, 0x35, 0x00, 0x00, 0x00,
  0xF9, 0x00, 0x02, 0x00, 0x32, 0x00, 0x00, 0x00, 0xF8, 0x00, 0x02, 0x00, 0x36, 0x00, 0x00, 0x00,
  0x3D, 0x00, 0x04, 0x00, 0x1A, 0x00, 0x00, 0x00, 0x37, 0x00, 0x00, 0x00, 0x24, 0x00, 0x00, 0x00,
  0x3E, 0x00, 0x03, 0x00, 0x34, 0x00, 0x00, 0x00, 0x37, 0x00, 0x00, 0x00, 0xF9, 0x00, 0x02, 0x00,
  0x32, 0x00, 0x00, 0x00, 0xF8, 0x00, 0x02, 0x00, 0x32, 0x00, 0x00, 0x00, 0xFD, 0x00, 0x01, 0x00,
  0x38, 0x00, 0x01, 0x00,
};

static const unsigned int g_crossfade_fragSpvSize = 1832;
static const unsigned char g_crossfade_fragSpv[] = {
  0x03, 0x02, 0x23, 0x07, 0x00, 0x00, 0x01, 0x00, 0x0B, 0x00, 0x0D, 0x00, 0x3D, 0x00, 0x00, 0x00,
  0x00, 0x00, 0x00, 0x00, 0x11, 0x00, 0x02, 0x00, 0x01, 0x00, 0x00, 0x00, 0x0B, 0x00, 0x06, 0x00,
  0x01, 0x00, 0x00, 0x00, 0x47, 0x4C, 0x53, 0x4C, 0x2E, 0x73, 0x74, 0x64, 0x2E, 0x34, 0x35, 0x30,
  0x00, 0x00, 0x00, 0x00, 0x0E, 0x00, 0x03, 0x00, 0x00, 0x00, 0x00, 0x00, 0x01, 0x00, 0x00, 0x00,
  0x0F, 0x00, 0x07, 0x00, 0x04, 0x00, 0x00, 0x00, 0x04, 0x00, 0x00, 0x00, 0x6D, 0x61, 0x69, 0x6E,
  0x00, 0x00, 0x00, 0x00, 0x0B, 0x00, 0x00, 0x00, 0x34, 0x00, 0x00, 0x00, 0x10, 0x00, 0x03, 0x00,
  0x04, 0x00, 0x00, 0x00, 0x07, 0x00, 0x00, 0x00, 0x03, 0x00, 0x03, 0x00, 0x02, 0x00, 0x00, 0x00,
  0xC2, 0x01, 0x00, 0x00, 0x04, 0x00, 0x0A, 0x00, 0x47, 0x4C, 0x5F, 0x47, 0x4F, 0x4F, 0x47, 0x4C,
  0x45, 0x5F, 0x63, 0x70, 0x70, 0x5F, 0x73, 0x74, 0x79, 0x6C, 0x65, 0x5F, 0x6C, 0x69, 0x6E, 0x65,
  0x5F, 0x64, 0x69, 0x72, 0x65, 0x63, 0x74, 0x69, 0x76, 0x65, 0x00, 0x00, 0x04, 0x00, 0x08, 0x00,
  0x47, 0x4C, 0x5F, 0x47, 0x4F, 0x4F, 0x47, 0x4C, 0x45, 0x5F, 0x69, 0x6E, 0x63, 0x6C, 0x75, 0x64,
  0x65, 0x5F, 0x64, 0x69, 0x72, 0x65, 0x63, 0x74, 0x69, 0x76, 0x65, 0x00, 0x05, 0x00, 0x04, 0x00,
  0x04, 0x00, 0x00, 0x00, 0x6D, 0x61, 0x69, 0x6E, 0x00, 0x00, 0x00, 0x00, 0x05, 0x00, 0x03, 0x00,
  0x09, 0x00, 0x00, 0x00, 0x75, 0x76, 0x30, 0x00, 0x05, 0x00, 0x03, 0x00, 0x0B, 0x00, 0x00, 0x00,
  0x76, 0x55, 0x56, 0x00, 0x05, 0x00, 0x05, 0x00, 0x0D, 0x00, 0x00, 0x00, 0x46, 0x72, 0x61, 0x67,
  0x50, 0x61, 0x72, 0x61, 0x6D, 0x73, 0x00, 0x00, 0x06, 0x00, 0x06, 0x00, 0x0D, 0x00, 0x00, 0x00,
  0x00, 0x00, 0x00, 0x00, 0x75, 0x76, 0x4F, 0x66, 0x66, 0x73, 0x65, 0x74, 0x00, 0x00, 0x00, 0x00,
  0x06, 0x00, 0x05, 0x00, 0x0D, 0x00, 0x00, 0x00, 0x01, 0x00, 0x00, 0x00, 0x75, 0x76, 0x53, 0x63,
  0x61, 0x6C, 0x65, 0x00, 0x06, 0x00, 0x05, 0x00, 0x0D, 0x00, 0x00, 0x00, 0x02, 0x00, 0x00, 0x00,
  0x6F, 0x70, 0x61, 0x63, 0x69, 0x74, 0x79, 0x00, 0x06, 0x00, 0x04, 0x00, 0x0D, 0x00, 0x00, 0x00,
  0x03, 0x00, 0x00, 0x00, 0x70, 0x61, 0x64, 0x00, 0x06, 0x00, 0x06, 0x00, 0x0D, 0x00, 0x00, 0x00,
  0x04, 0x00, 0x00, 0x00, 0x75, 0x76, 0x4F, 0x66, 0x66, 0x73, 0x65, 0x74, 0x31, 0x00, 0x00, 0x00,
  0x06, 0x00, 0x06, 0x00, 0x0D, 0x00, 0x00, 0x00, 0x05, 0x00, 0x00, 0x00, 0x75, 0x76, 0x53, 0x63,
  0x61, 0x6C, 0x65, 0x31, 0x00, 0x00, 0x00, 0x00, 0x05, 0x00, 0x03, 0x00, 0x0F, 0x00, 0x00, 0x00,
  0x75, 0x50, 0x00, 0x00, 0x05, 0x00, 0x03, 0x00, 0x1A, 0x00, 0x00, 0x00, 0x75, 0x76, 0x31, 0x00,
  0x05, 0x00, 0x03, 0x00, 0x26, 0x00, 0x00, 0x00, 0x63, 0x31, 0x00, 0x00, 0x05, 0x00, 0x04, 0x00,
  0x2A, 0x00, 0x00, 0x00, 0x74, 0x65, 0x78, 0x30, 0x00, 0x00, 0x00, 0x00, 0x05, 0x00, 0x03, 0x00,
  0x2E, 0x00, 0x00, 0x00, 0x63, 0x32, 0x00, 0x00, 0x05, 0x00, 0x04, 0x00, 0x2F, 0x00, 0x00, 0x00,
  0x74, 0x65, 0x78, 0x31, 0x00, 0x00, 0x00, 0x00, 0x05, 0x00, 0x05, 0x00, 0x34, 0x00, 0x00, 0x00,
  0x46, 0x72, 0x61, 0x67, 0x43, 0x6F, 0x6C, 0x6F, 0x72, 0x00, 0x00, 0x00, 0x47, 0x00, 0x04, 0x00,
  0x0B, 0x00, 0x00, 0x00, 0x1E, 0x00, 0x00, 0x00, 0x00, 0x00, 0x00, 0x00, 0x47, 0x00, 0x03, 0x00,
  0x0D, 0x00, 0x00, 0x00, 0x02, 0x00, 0x00, 0x00, 0x48, 0x00, 0x05, 0x00, 0x0D, 0x00, 0x00, 0x00,
  0x00, 0x00, 0x00, 0x00, 0x23, 0x00, 0x00, 0x00, 0x00, 0x00, 0x00, 0x00, 0x48, 0x00, 0x05, 0x00,
  0x0D, 0x00, 0x00, 0x00, 0x01, 0x00, 0x00, 0x00, 0x23, 0x00, 0x00, 0x00, 0x08, 0x00, 0x00, 0x00,
  0x48, 0x00, 0x05, 0x00, 0x0D, 0x00, 0x00, 0x00, 0x02, 0x00, 0x00, 0x00, 0x23, 0x00, 0x00, 0x00,
  0x10, 0x00, 0x00, 0x00, 0x48, 0x00, 0x05, 0x00, 0x0D, 0x00, 0x00, 0x00, 0x03, 0x00, 0x00, 0x00,
  0x23, 0x00, 0x00, 0x00, 0x14, 0x00, 0x00, 0x00, 0x48, 0x00, 0x05, 0x00, 0x0D, 0x00, 0x00, 0x00,
  0x04, 0x00, 0x00, 0x00, 0x23, 0x00, 0x00, 0x00, 0x18, 0x00, 0x00, 0x00, 0x48, 0x00, 0x05, 0x00,
  0x0D, 0x00, 0x00, 0x00, 0x05, 0x00, 0x00, 0x00, 0x23, 0x00, 0x00, 0x00, 0x20, 0x00, 0x00, 0x00,
  0x47, 0x00, 0x04, 0x00, 0x0F, 0x00, 0x00, 0x00, 0x21, 0x00, 0x00, 0x00, 0x00, 0x00, 0x00, 0x00,
  0x47, 0x00, 0x04, 0x00, 0x0F, 0x00, 0x00, 0x00, 0x22, 0x00, 0x00, 0x00, 0x03, 0x00, 0x00, 0x00,
  0x47, 0x00, 0x04, 0x00, 0x2A, 0x00, 0x00, 0x00, 0x21, 0x00, 0x00, 0x00, 0x00, 0x00, 0x00, 0x00,
  0x47, 0x00, 0x04, 0x00, 0x2A, 0x00, 0x00, 0x00, 0x22, 0x00, 0x00, 0x00, 0x02, 0x00, 0x00, 0x00,
  0x47, 0x00, 0x04, 0x00, 0x2F, 0x00, 0x00, 0x00, 0x21, 0x00, 0x00, 0x00, 0x01, 0x00, 0x00, 0x00,
  0x47, 0x00, 0x04, 0x00, 0x2F, 0x00, 0x00, 0x00, 0x22, 0x00, 0x00, 0x00, 0x02, 0x00, 0x00, 0x00,
  0x47, 0x00, 0x04, 0x00, 0x34, 0x00, 0x00, 0x00, 0x1E, 0x00, 0x00, 0x00, 0x00, 0x00, 0x00, 0x00,
  0x13, 0x00, 0x02, 0x00, 0x02, 0x00, 0x00, 0x00, 0x21, 0x00, 0x03, 0x00, 0x03, 0x00, 0x00, 0x00,
  0x02, 0x00, 0x00, 0x00, 0x16, 0x00, 0x03, 0x00, 0x06, 0x00, 0x00, 0x00, 0x20, 0x00, 0x00, 0x00,
  0x17, 0x00, 0x04, 0x00, 0x07, 0x00, 0x00, 0x00, 0x06, 0x00, 0x00, 0x00, 0x02, 0x00, 0x00, 0x00,
  0x20, 0x00, 0x04, 0x00, 0x08, 0x00, 0x00, 0x00, 0x07, 0x00, 0x00, 0x00, 0x07, 0x00, 0x00, 0x00,
  0x20, 0x00, 0x04, 0x00, 0x0A, 0x00, 0x00, 0x00, 0x01, 0x00, 0x00, 0x00, 0x07, 0x00, 0x00, 0x00,
  0x3B, 0x00, 0x04, 0x00, 0x0A, 0x00, 0x00, 0x00, 0x0B, 0x00, 0x00, 0x00, 0x01, 0x00, 0x00, 0x00,
  0x1E, 0x00, 0x08, 0x00, 0x0D, 0x00, 0x00, 0x00, 0x07, 0x00, 0x00, 0x00, 0x07, 0x00, 0x00, 0x00,
  0x06, 0x00, 0x00, 0x00, 0x06, 0x00, 0x00, 0x00, 0x07, 0x00, 0x00, 0x00, 0x07, 0x00, 0x00, 0x00,
  0x20, 0x00, 0x04, 0x00, 0x0E, 0x00, 0x00, 0x00, 0x02, 0x00, 0x00, 0x00, 0x0D, 0x00, 0x00, 0x00,
  0x3B, 0x00, 0x04, 0x00, 0x0E, 0x00, 0x00, 0x00, 0x0F, 0x00, 0x00, 0x00, 0x02, 0x00, 0x00, 0x00,
  0x15, 0x00, 0x04, 0x00, 0x10, 0x00, 0x00, 0x00, 0x20, 0x00, 0x00, 0x00, 0x01, 0x00, 0x00, 0x00,
  0x2B, 0x00, 0x04, 0x00, 0x10, 0x00, 0x00, 0x00, 0x11, 0x00, 0x00, 0x00, 0x01, 0x00, 0x00, 0x00,
  0x20, 0x00, 0x04, 0x00, 0x12, 0x00, 0x00, 0x00, 0x02, 0x00, 0x00, 0x00, 0x07, 0x00, 0x00, 0x00,
  0x2B, 0x00, 0x04, 0x00, 0x10, 0x00, 0x00, 0x00, 0x16, 0x00, 0x00, 0x00, 0x00, 0x00, 0x00, 0x00,
  0x2B, 0x00, 0x04, 0x00, 0x10, 0x00, 0x00, 0x00, 0x1C, 0x00, 0x00, 0x00, 0x05, 0x00, 0x00, 0x00,
  0x2B, 0x00, 0x04, 0x00, 0x10, 0x00, 0x00, 0x00, 0x20, 0x00, 0x00, 0x00, 0x04, 0x00, 0x00, 0x00,
  0x17, 0x00, 0x04, 0x00, 0x24, 0x00, 0x00, 0x00, 0x06, 0x00, 0x00, 0x00, 0x04, 0x00, 0x00, 0x00,
  0x20, 0x00, 0x04, 0x00, 0x25, 0x00, 0x00, 0x00, 0x07, 0x00, 0x00, 0x00, 0x24, 0x00, 0x00, 0x00,
  0x19, 0x00, 0x09, 0x00, 0x27, 0x00, 0x00, 0x00, 0x06, 0x00, 0x00, 0x00, 0x01, 0x00, 0x00, 0x00,
  0x00, 0x00, 0x00, 0x00, 0x00, 0x00, 0x00, 0x00, 0x00, 0x00, 0x00, 0x00, 0x01, 0x00, 0x00, 0x00,
  0x00, 0x00, 0x00, 0x00, 0x1B, 0x00, 0x03, 0x00, 0x28, 0x00, 0x00, 0x00, 0x27, 0x00, 0x00, 0x00,
  0x20, 0x00, 0x04, 0x00, 0x29, 0x00, 0x00, 0x00, 0x00, 0x00, 0x00, 0x00, 0x28, 0x00, 0x00, 0x00,
  0x3B, 0x00, 0x04, 0x00, 0x29, 0x00, 0x00, 0x00, 0x2A, 0x00, 0x00, 0x00, 0x00, 0x00, 0x00, 0x00,
  0x3B, 0x00, 0x04, 0x00, 0x29, 0x00, 0x00, 0x00, 0x2F, 0x00, 0x00, 0x00, 0x00, 0x00, 0x00, 0x00,
  0x20, 0x00, 0x04, 0x00, 0x33, 0x00, 0x00, 0x00, 0x03, 0x00, 0x00, 0x00, 0x24, 0x00, 0x00, 0x00,
  0x3B, 0x00, 0x04, 0x00, 0x33, 0x00, 0x00, 0x00, 0x34, 0x00, 0x00, 0x00, 0x03, 0x00, 0x00, 0x00,
  0x2B, 0x00, 0x04, 0x00, 0x10, 0x00, 0x00, 0x00, 0x37, 0x00, 0x00, 0x00, 0x02, 0x00, 0x00, 0x00,
  0x20, 0x00, 0x04, 0x00, 0x38, 0x00, 0x00, 0x00, 0x02, 0x00, 0x00, 0x00, 0x06, 0x00, 0x00, 0x00,
  0x36, 0x00, 0x05, 0x00, 0x02, 0x00, 0x00, 0x00, 0x04, 0x00, 0x00, 0x00, 0x00, 0x00, 0x00, 0x00,
  0x03, 0x00, 0x00, 0x00, 0xF8, 0x00, 0x02, 0x00, 0x05, 0x00, 0x00, 0x00, 0x3B, 0x00, 0x04, 0x00,
  0x08, 0x00, 0x00, 0x00, 0x09, 0x00, 0x00, 0x00, 0x07, 0x00, 0x00, 0x00, 0x3B, 0x00, 0x04, 0x00,
  0x08, 0x00, 0x00, 0x00, 0x1A, 0x00, 0x00, 0x00, 0x07, 0x00, 0x00, 0x00, 0x3B, 0x00, 0x04, 0x00,
  0x25, 0x00, 0x00, 0x00, 0x26, 0x00, 0x00, 0x00, 0x07, 0x00, 0x00, 0x00, 0x3B, 0x00, 0x04, 0x00,
  0x25, 0x00, 0x00, 0x00, 0x2E, 0x00, 0x00, 0x00, 0x07, 0x00, 0x00, 0x00, 0x3D, 0x00, 0x04, 0x00,
  0x07, 0x00, 0x00, 0x00, 0x0C, 0x00, 0x00, 0x00, 0x0B, 0x00, 0x00, 0x00, 0x41, 0x00, 0x05, 0x00,
  0x12, 0x00, 0x00, 0x00, 0x13, 0x00, 0x00, 0x00, 0x0F, 0x00, 0x00, 0x00, 0x11, 0x00, 0x00, 0x00,
  0x3D, 0x00, 0x04, 0x00, 0x07, 0x00, 0x00, 0x00, 0x14, 0x00, 0x00, 0x00, 0x13, 0x00, 0x00, 0x00,
  0x85, 0x00, 0x05, 0x00, 0x07, 0x00, 0x00, 0x00, 0x15, 0x00, 0x00, 0x00, 0x0C, 0x00, 0x00, 0x00,
  0x14, 0x00, 0x00, 0x00, 0x41, 0x00, 0x05, 0x00, 0x12, 0x00, 0x00, 0x00, 0x17, 0x00, 0x00, 0x00,
  0x0F, 0x00, 0x00, 0x00, 0x16, 0x00, 0x00, 0x00, 0x3D, 0x00, 0x04, 0x00, 0x07, 0x00, 0x00, 0x00,
  0x18, 0x00, 0x00, 0x00, 0x17, 0x00, 0x00, 0x00, 0x81, 0x00, 0x05, 0x00, 0x07, 0x00, 0x00, 0x00,
  0x19, 0x00, 0x00, 0x00, 0x15, 0x00, 0x00, 0x00, 0x18, 0x00, 0x00, 0x00, 0x3E, 0x00, 0x03, 0x00,
  0x09, 0x00, 0x00, 0x00, 0x19, 0x00, 0x00, 0x00, 0x3D, 0x00, 0x04, 0x00, 0x07, 0x00, 0x00, 0x00,
  0x1B, 0x00, 0x00, 0x00, 0x0B, 0x00, 0x00, 0x00, 0x41, 0x00, 0x05, 0x00, 0x12, 0x00, 0x00, 0x00,
  0x1D, 0x00, 0x00, 0x00, 0x0F, 0x00, 0x00, 0x00, 0x1C, 0x00, 0x00, 0x00, 0x3D, 0x00, 0x04, 0x00,
  0x07, 0x00, 0x00, 0x00, 0x1E, 0x00, 0x00, 0x00, 0x1D, 0x00, 0x00, 0x00, 0x85, 0x00, 0x05, 0x00,
  0x07, 0x00, 0x00, 0x00, 0x1F, 0x00, 0x00, 0x00, 0x1B, 0x00, 0x00, 0x00, 0x1E, 0x00, 0x00, 0x00,
  0x41, 0x00, 0x05, 0x00, 0x12, 0x00, 0x00, 0x00, 0x21, 0x00, 0x00, 0x00, 0x0F, 0x00, 0x00, 0x00,
  0x20, 0x00, 0x00, 0x00, 0x3D, 0x00, 0x04, 0x00, 0x07, 0x00, 0x00, 0x00, 0x22, 0x00, 0x00, 0x00,
  0x21, 0x00, 0x00, 0x00, 0x81, 0x00, 0x05, 0x00, 0x07, 0x00, 0x00, 0x00, 0x23, 0x00, 0x00, 0x00,
  0x1F, 0x00, 0x00, 0x00, 0x22, 0x00, 0x00, 0x00, 0x3E, 0x00, 0x03, 0x00, 0x1A, 0x00, 0x00, 0x00,
  0x23, 0x00, 0x00, 0x00, 0x3D, 0x00, 0x04, 0x00, 0x28, 0x00, 0x00, 0x00, 0x2B, 0x00, 0x00, 0x00,
  0x2A, 0x00, 0x00, 0x00, 0x3D, 0x00, 0x04, 0x00, 0x07, 0x00, 0x00, 0x00, 0x2C, 0x00, 0x00, 0x00,
  0x09, 0x00, 0x00, 0x00, 0x57, 0x00, 0x05, 0x00, 0x24, 0x00, 0x00, 0x00, 0x2D, 0x00, 0x00, 0x00,
  0x2B, 0x00, 0x00, 0x00, 0x2C, 0x00, 0x00, 0x00, 0x3E, 0x00, 0x03, 0x00, 0x26, 0x00, 0x00, 0x00,
  0x2D, 0x00, 0x00, 0x00, 0x3D, 0x00, 0x04, 0x00, 0x28, 0x00, 0x00, 0x00, 0x30, 0x00, 0x00, 0x00,
  0x2F, 0x00, 0x00, 0x00, 0x3D, 0x00, 0x04, 0x00, 0x07, 0x00, 0x00, 0x00, 0x31, 0x00, 0x00, 0x00,
  0x1A, 0x00, 0x00, 0x00, 0x57, 0x00, 0x05, 0x00, 0x24, 0x00, 0x00, 0x00, 0x32, 0x00, 0x00, 0x00,
  0x30, 0x00, 0x00, 0x00, 0x31, 0x00, 0x00, 0x00, 0x3E, 0x00, 0x03, 0x00, 0x2E, 0x00, 0x00, 0x00,
  0x32, 0x00, 0x00, 0x00, 0x3D, 0x00, 0x04, 0x00, 0x24, 0x00, 0x00, 0x00, 0x35, 0x00, 0x00, 0x00,
  0x26, 0x00, 0x00, 0x00, 0x3D, 0x00, 0x04, 0x00, 0x24, 0x00, 0x00, 0x00, 0x36, 0x00, 0x00, 0x00,
  0x2E, 0x00, 0x00, 0x00, 0x41, 0x00, 0x05, 0x00, 0x38, 0x00, 0x00, 0x00, 0x39, 0x00, 0x00, 0x00,
  0x0F, 0x00, 0x00, 0x00, 0x37, 0x00, 0x00, 0x00, 0x3D, 0x00, 0x04, 0x00, 0x06, 0x00, 0x00, 0x00,
  0x3A, 0x00, 0x00, 0x00, 0x39, 0x00, 0x00, 0x00, 0x50, 0x00, 0x07, 0x00, 0x24, 0x00, 0x00, 0x00,
  0x3B, 0x00, 0x00, 0x00, 0x3A, 0x00, 0x00, 0x00, 0x3A, 0x00, 0x00, 0x00, 0x3A, 0x00, 0x00, 0x00,
  0x3A, 0x00, 0x00, 0x00, 0x0C, 0x00, 0x08, 0x00, 0x24, 0x00, 0x00, 0x00, 0x3C, 0x00, 0x00, 0x00,
  0x01, 0x00, 0x00, 0x00, 0x2E, 0x00, 0x00, 0x00, 0x35, 0x00, 0x00, 0x00, 0x36, 0x00, 0x00, 0x00,
  0x3B, 0x00, 0x00, 0x00, 0x3E, 0x00, 0x03, 0x00, 0x34, 0x00, 0x00, 0x00, 0x3C, 0x00, 0x00, 0x00,
  0xFD, 0x00, 0x01, 0x00, 0x38, 0x00, 0x01, 0x00,
};

static const unsigned int g_fill_fragSpvSize = 608;
static const unsigned char g_fill_fragSpv[] = {
  0x03, 0x02, 0x23, 0x07, 0x00, 0x00, 0x01, 0x00, 0x0B, 0x00, 0x0D, 0x00, 0x12, 0x00, 0x00, 0x00,
  0x00, 0x00, 0x00, 0x00, 0x11, 0x00, 0x02, 0x00, 0x01, 0x00, 0x00, 0x00, 0x0B, 0x00, 0x06, 0x00,
  0x01, 0x00, 0x00, 0x00, 0x47, 0x4C, 0x53, 0x4C, 0x2E, 0x73, 0x74, 0x64, 0x2E, 0x34, 0x35, 0x30,
  0x00, 0x00, 0x00, 0x00, 0x0E, 0x00, 0x03, 0x00, 0x00, 0x00, 0x00, 0x00, 0x01, 0x00, 0x00, 0x00,
  0x0F, 0x00, 0x06, 0x00, 0x04, 0x00, 0x00, 0x00, 0x04, 0x00, 0x00, 0x00, 0x6D, 0x61, 0x69, 0x6E,
  0x00, 0x00, 0x00, 0x00, 0x09, 0x00, 0x00, 0x00, 0x10, 0x00, 0x03, 0x00, 0x04, 0x00, 0x00, 0x00,
  0x07, 0x00, 0x00, 0x00, 0x03, 0x00, 0x03, 0x00, 0x02, 0x00, 0x00, 0x00, 0xC2, 0x01, 0x00, 0x00,
  0x04, 0x00, 0x0A, 0x00, 0x47, 0x4C, 0x5F, 0x47, 0x4F, 0x4F, 0x47, 0x4C, 0x45, 0x5F, 0x63, 0x70,
  0x70, 0x5F, 0x73, 0x74, 0x79, 0x6C, 0x65, 0x5F, 0x6C, 0x69, 0x6E, 0x65, 0x5F, 0x64, 0x69, 0x72,
  0x65, 0x63, 0x74, 0x69, 0x76, 0x65, 0x00, 0x00, 0x04, 0x00, 0x08, 0x00, 0x47, 0x4C, 0x5F, 0x47,
  0x4F, 0x4F, 0x47, 0x4C, 0x45, 0x5F, 0x69, 0x6E, 0x63, 0x6C, 0x75, 0x64, 0x65, 0x5F, 0x64, 0x69,
  0x72, 0x65, 0x63, 0x74, 0x69, 0x76, 0x65, 0x00, 0x05, 0x00, 0x04, 0x00, 0x04, 0x00, 0x00, 0x00,
  0x6D, 0x61, 0x69, 0x6E, 0x00, 0x00, 0x00, 0x00, 0x05, 0x00, 0x05, 0x00, 0x09, 0x00, 0x00, 0x00,
  0x46, 0x72, 0x61, 0x67, 0x43, 0x6F, 0x6C, 0x6F, 0x72, 0x00, 0x00, 0x00, 0x05, 0x00, 0x05, 0x00,
  0x0A, 0x00, 0x00, 0x00, 0x46, 0x69, 0x6C, 0x6C, 0x43, 0x6F, 0x6C, 0x6F, 0x72, 0x00, 0x00, 0x00,
  0x06, 0x00, 0x05, 0x00, 0x0A, 0x00, 0x00, 0x00, 0x00, 0x00, 0x00, 0x00, 0x63, 0x6F, 0x6C, 0x6F,
  0x72, 0x00, 0x00, 0x00, 0x05, 0x00, 0x03, 0x00, 0x0C, 0x00, 0x00, 0x00, 0x75, 0x43, 0x00, 0x00,
  0x47, 0x00, 0x04, 0x00, 0x09, 0x00, 0x00, 0x00, 0x1E, 0x00, 0x00, 0x00, 0x00, 0x00, 0x00, 0x00,
  0x47, 0x00, 0x03, 0x00, 0x0A, 0x00, 0x00, 0x00, 0x02, 0x00, 0x00, 0x00, 0x48, 0x00, 0x05, 0x00,
  0x0A, 0x00, 0x00, 0x00, 0x00, 0x00, 0x00, 0x00, 0x23, 0x00, 0x00, 0x00, 0x00, 0x00, 0x00, 0x00,
  0x47, 0x00, 0x04, 0x00, 0x0C, 0x00, 0x00, 0x00, 0x21, 0x00, 0x00, 0x00, 0x00, 0x00, 0x00, 0x00,
  0x47, 0x00, 0x04, 0x00, 0x0C, 0x00, 0x00, 0x00, 0x22, 0x00, 0x00, 0x00, 0x03, 0x00, 0x00, 0x00,
  0x13, 0x00, 0x02, 0x00, 0x02, 0x00, 0x00, 0x00, 0x21, 0x00, 0x03, 0x00, 0x03, 0x00, 0x00, 0x00,
  0x02, 0x00, 0x00, 0x00, 0x16, 0x00, 0x03, 0x00, 0x06, 0x00, 0x00, 0x00, 0x20, 0x00, 0x00, 0x00,
  0x17, 0x00, 0x04, 0x00, 0x07, 0x00, 0x00, 0x00, 0x06, 0x00, 0x00, 0x00, 0x04, 0x00, 0x00, 0x00,
  0x20, 0x00, 0x04, 0x00, 0x08, 0x00, 0x00, 0x00, 0x03, 0x00, 0x00, 0x00, 0x07, 0x00, 0x00, 0x00,
  0x3B, 0x00, 0x04, 0x00, 0x08, 0x00, 0x00, 0x00, 0x09, 0x00, 0x00, 0x00, 0x03, 0x00, 0x00, 0x00,
  0x1E, 0x00, 0x03, 0x00, 0x0A, 0x00, 0x00, 0x00, 0x07, 0x00, 0x00, 0x00, 0x20, 0x00, 0x04, 0x00,
  0x0B, 0x00, 0x00, 0x00, 0x02, 0x00, 0x00, 0x00, 0x0A, 0x00, 0x00, 0x00, 0x3B, 0x00, 0x04, 0x00,
  0x0B, 0x00, 0x00, 0x00, 0x0C, 0x00, 0x00, 0x00, 0x02, 0x00, 0x00, 0x00, 0x15, 0x00, 0x04, 0x00,
  0x0D, 0x00, 0x00, 0x00, 0x20, 0x00, 0x00, 0x00, 0x01, 0x00, 0x00, 0x00, 0x2B, 0x00, 0x04, 0x00,
  0x0D, 0x00, 0x00, 0x00, 0x0E, 0x00, 0x00, 0x00, 0x00, 0x00, 0x00, 0x00, 0x20, 0x00, 0x04, 0x00,
  0x0F, 0x00, 0x00, 0x00, 0x02, 0x00, 0x00, 0x00, 0x07, 0x00, 0x00, 0x00, 0x36, 0x00, 0x05, 0x00,
  0x02, 0x00, 0x00, 0x00, 0x04, 0x00, 0x00, 0x00, 0x00, 0x00, 0x00, 0x00, 0x03, 0x00, 0x00, 0x00,
  0xF8, 0x00, 0x02, 0x00, 0x05, 0x00, 0x00, 0x00, 0x41, 0x00, 0x05, 0x00, 0x0F, 0x00, 0x00, 0x00,
  0x10, 0x00, 0x00, 0x00, 0x0C, 0x00, 0x00, 0x00, 0x0E, 0x00, 0x00, 0x00, 0x3D, 0x00, 0x04, 0x00,
  0x07, 0x00, 0x00, 0x00, 0x11, 0x00, 0x00, 0x00, 0x10, 0x00, 0x00, 0x00, 0x3E, 0x00, 0x03, 0x00,
  0x09, 0x00, 0x00, 0x00, 0x11, 0x00, 0x00, 0x00, 0xFD, 0x00, 0x01, 0x00, 0x38, 0x00, 0x01, 0x00,
};

static const unsigned int g_fill_mask_fragSpvSize = 688;
static const unsigned char g_fill_mask_fragSpv[] = {
  0x03, 0x02, 0x23, 0x07, 0x00, 0x00, 0x01, 0x00, 0x0B, 0x00, 0x0D, 0x00, 0x16, 0x00, 0x00, 0x00,
  0x00, 0x00, 0x00, 0x00, 0x11, 0x00, 0x02, 0x00, 0x01, 0x00, 0x00, 0x00, 0x0B, 0x00, 0x06, 0x00,
  0x01, 0x00, 0x00, 0x00, 0x47, 0x4C, 0x53, 0x4C, 0x2E, 0x73, 0x74, 0x64, 0x2E, 0x34, 0x35, 0x30,
  0x00, 0x00, 0x00, 0x00, 0x0E, 0x00, 0x03, 0x00, 0x00, 0x00, 0x00, 0x00, 0x01, 0x00, 0x00, 0x00,
  0x0F, 0x00, 0x06, 0x00, 0x04, 0x00, 0x00, 0x00, 0x04, 0x00, 0x00, 0x00, 0x6D, 0x61, 0x69, 0x6E,
  0x00, 0x00, 0x00, 0x00, 0x09, 0x00, 0x00, 0x00, 0x10, 0x00, 0x03, 0x00, 0x04, 0x00, 0x00, 0x00,
  0x07, 0x00, 0x00, 0x00, 0x03, 0x00, 0x03, 0x00, 0x02, 0x00, 0x00, 0x00, 0xC2, 0x01, 0x00, 0x00,
  0x04, 0x00, 0x0A, 0x00, 0x47, 0x4C, 0x5F, 0x47, 0x4F, 0x4F, 0x47, 0x4C, 0x45, 0x5F, 0x63, 0x70,
  0x70, 0x5F, 0x73, 0x74, 0x79, 0x6C, 0x65, 0x5F, 0x6C, 0x69, 0x6E, 0x65, 0x5F, 0x64, 0x69, 0x72,
  0x65, 0x63, 0x74, 0x69, 0x76, 0x65, 0x00, 0x00, 0x04, 0x00, 0x08, 0x00, 0x47, 0x4C, 0x5F, 0x47,
  0x4F, 0x4F, 0x47, 0x4C, 0x45, 0x5F, 0x69, 0x6E, 0x63, 0x6C, 0x75, 0x64, 0x65, 0x5F, 0x64, 0x69,
  0x72, 0x65, 0x63, 0x74, 0x69, 0x76, 0x65, 0x00, 0x05, 0x00, 0x04, 0x00, 0x04, 0x00, 0x00, 0x00,
  0x6D, 0x61, 0x69, 0x6E, 0x00, 0x00, 0x00, 0x00, 0x05, 0x00, 0x05, 0x00, 0x09, 0x00, 0x00, 0x00,
  0x46, 0x72, 0x61, 0x67, 0x43, 0x6F, 0x6C, 0x6F, 0x72, 0x00, 0x00, 0x00, 0x05, 0x00, 0x05, 0x00,
  0x0B, 0x00, 0x00, 0x00, 0x46, 0x69, 0x6C, 0x6C, 0x43, 0x6F, 0x6C, 0x6F, 0x72, 0x00, 0x00, 0x00,
  0x06, 0x00, 0x05, 0x00, 0x0B, 0x00, 0x00, 0x00, 0x00, 0x00, 0x00, 0x00, 0x63, 0x6F, 0x6C, 0x6F,
  0x72, 0x00, 0x00, 0x00, 0x05, 0x00, 0x03, 0x00, 0x0D, 0x00, 0x00, 0x00, 0x75, 0x43, 0x00, 0x00,
  0x47, 0x00, 0x04, 0x00, 0x09, 0x00, 0x00, 0x00, 0x1E, 0x00, 0x00, 0x00, 0x00, 0x00, 0x00, 0x00,
  0x47, 0x00, 0x03, 0x00, 0x0B, 0x00, 0x00, 0x00, 0x02, 0x00, 0x00, 0x00, 0x48, 0x00, 0x05, 0x00,
  0x0B, 0x00, 0x00, 0x00, 0x00, 0x00, 0x00, 0x00, 0x23, 0x00, 0x00, 0x00, 0x00, 0x00, 0x00, 0x00,
  0x47, 0x00, 0x04, 0x00, 0x0D, 0x00, 0x00, 0x00, 0x21, 0x00, 0x00, 0x00, 0x00, 0x00, 0x00, 0x00,
  0x47, 0x00, 0x04, 0x00, 0x0D, 0x00, 0x00, 0x00, 0x22, 0x00, 0x00, 0x00, 0x03, 0x00, 0x00, 0x00,
  0x13, 0x00, 0x02, 0x00, 0x02, 0x00, 0x00, 0x00, 0x21, 0x00, 0x03, 0x00, 0x03, 0x00, 0x00, 0x00,
  0x02, 0x00, 0x00, 0x00, 0x16, 0x00, 0x03, 0x00, 0x06, 0x00, 0x00, 0x00, 0x20, 0x00, 0x00, 0x00,
  0x17, 0x00, 0x04, 0x00, 0x07, 0x00, 0x00, 0x00, 0x06, 0x00, 0x00, 0x00, 0x04, 0x00, 0x00, 0x00,
  0x20, 0x00, 0x04, 0x00, 0x08, 0x00, 0x00, 0x00, 0x03, 0x00, 0x00, 0x00, 0x07, 0x00, 0x00, 0x00,
  0x3B, 0x00, 0x04, 0x00, 0x08, 0x00, 0x00, 0x00, 0x09, 0x00, 0x00, 0x00, 0x03, 0x00, 0x00, 0x00,
  0x2B, 0x00, 0x04, 0x00, 0x06, 0x00, 0x00, 0x00, 0x0A, 0x00, 0x00, 0x00, 0x00, 0x00, 0x00, 0x00,
  0x1E, 0x00, 0x03, 0x00, 0x0B, 0x00, 0x00, 0x00, 0x07, 0x00, 0x00, 0x00, 0x20, 0x00, 0x04, 0x00,
  0x0C, 0x00, 0x00, 0x00, 0x02, 0x00, 0x00, 0x00, 0x0B, 0x00, 0x00, 0x00, 0x3B, 0x00, 0x04, 0x00,
  0x0C, 0x00, 0x00, 0x00, 0x0D, 0x00, 0x00, 0x00, 0x02, 0x00, 0x00, 0x00, 0x15, 0x00, 0x04, 0x00,
  0x0E, 0x00, 0x00, 0x00, 0x20, 0x00, 0x00, 0x00, 0x01, 0x00, 0x00, 0x00, 0x2B, 0x00, 0x04, 0x00,
  0x0E, 0x00, 0x00, 0x00, 0x0F, 0x00, 0x00, 0x00, 0x00, 0x00, 0x00, 0x00, 0x15, 0x00, 0x04, 0x00,
  0x10, 0x00, 0x00, 0x00, 0x20, 0x00, 0x00, 0x00, 0x00, 0x00, 0x00, 0x00, 0x2B, 0x00, 0x04, 0x00,
  0x10, 0x00, 0x00, 0x00, 0x11, 0x00, 0x00, 0x00, 0x03, 0x00, 0x00, 0x00, 0x20, 0x00, 0x04, 0x00,
  0x12, 0x00, 0x00, 0x00, 0x02, 0x00, 0x00, 0x00, 0x06, 0x00, 0x00, 0x00, 0x36, 0x00, 0x05, 0x00,
  0x02, 0x00, 0x00, 0x00, 0x04, 0x00, 0x00, 0x00, 0x00, 0x00, 0x00, 0x00, 0x03, 0x00, 0x00, 0x00,
  0xF8, 0x00, 0x02, 0x00, 0x05, 0x00, 0x00, 0x00, 0x41, 0x00, 0x06, 0x00, 0x12, 0x00, 0x00, 0x00,
  0x13, 0x00, 0x00, 0x00, 0x0D, 0x00, 0x00, 0x00, 0x0F, 0x00, 0x00, 0x00, 0x11, 0x00, 0x00, 0x00,
  0x3D, 0x00, 0x04, 0x00, 0x06, 0x00, 0x00, 0x00, 0x14, 0x00, 0x00, 0x00, 0x13, 0x00, 0x00, 0x00,
  0x50, 0x00, 0x07, 0x00, 0x07, 0x00, 0x00, 0x00, 0x15, 0x00, 0x00, 0x00, 0x0A, 0x00, 0x00, 0x00,
  0x0A, 0x00, 0x00, 0x00, 0x0A, 0x00, 0x00, 0x00, 0x14, 0x00, 0x00, 0x00, 0x3E, 0x00, 0x03, 0x00,
  0x09, 0x00, 0x00, 0x00, 0x15, 0x00, 0x00, 0x00, 0xFD, 0x00, 0x01, 0x00, 0x38, 0x00, 0x01, 0x00,
};

static const unsigned int g_gamma_fragSpvSize = 2348;
static const unsigned char g_gamma_fragSpv[] = {
  0x03, 0x02, 0x23, 0x07, 0x00, 0x00, 0x01, 0x00, 0x0B, 0x00, 0x0D, 0x00, 0x54, 0x00, 0x00, 0x00,
  0x00, 0x00, 0x00, 0x00, 0x11, 0x00, 0x02, 0x00, 0x01, 0x00, 0x00, 0x00, 0x0B, 0x00, 0x06, 0x00,
  0x01, 0x00, 0x00, 0x00, 0x47, 0x4C, 0x53, 0x4C, 0x2E, 0x73, 0x74, 0x64, 0x2E, 0x34, 0x35, 0x30,
  0x00, 0x00, 0x00, 0x00, 0x0E, 0x00, 0x03, 0x00, 0x00, 0x00, 0x00, 0x00, 0x01, 0x00, 0x00, 0x00,
  0x0F, 0x00, 0x07, 0x00, 0x04, 0x00, 0x00, 0x00, 0x04, 0x00, 0x00, 0x00, 0x6D, 0x61, 0x69, 0x6E,
  0x00, 0x00, 0x00, 0x00, 0x0B, 0x00, 0x00, 0x00, 0x46, 0x00, 0x00, 0x00, 0x10, 0x00, 0x03, 0x00,
  0x04, 0x00, 0x00, 0x00, 0x07, 0x00, 0x00, 0x00, 0x03, 0x00, 0x03, 0x00, 0x02, 0x00, 0x00, 0x00,
  0xC2, 0x01, 0x00, 0x00, 0x04, 0x00, 0x0A, 0x00, 0x47, 0x4C, 0x5F, 0x47, 0x4F, 0x4F, 0x47, 0x4C,
  0x45, 0x5F, 0x63, 0x70, 0x70, 0x5F, 0x73, 0x74, 0x79, 0x6C, 0x65, 0x5F, 0x6C, 0x69, 0x6E, 0x65,
  0x5F, 0x64, 0x69, 0x72, 0x65, 0x63, 0x74, 0x69, 0x76, 0x65, 0x00, 0x00, 0x04, 0x00, 0x08, 0x00,
  0x47, 0x4C, 0x5F, 0x47, 0x4F, 0x4F, 0x47, 0x4C, 0x45, 0x5F, 0x69, 0x6E, 0x63, 0x6C, 0x75, 0x64,
  0x65, 0x5F, 0x64, 0x69, 0x72, 0x65, 0x63, 0x74, 0x69, 0x76, 0x65, 0x00, 0x05, 0x00, 0x04, 0x00,
  0x04, 0x00, 0x00, 0x00, 0x6D, 0x61, 0x69, 0x6E, 0x00, 0x00, 0x00, 0x00, 0x05, 0x00, 0x03, 0x00,
  0x09, 0x00, 0x00, 0x00, 0x75, 0x76, 0x00, 0x00, 0x05, 0x00, 0x03, 0x00, 0x0B, 0x00, 0x00, 0x00,
  0x76, 0x55, 0x56, 0x00, 0x05, 0x00, 0x05, 0x00, 0x0D, 0x00, 0x00, 0x00, 0x46, 0x72, 0x61, 0x67,
  0x50, 0x61, 0x72, 0x61, 0x6D, 0x73, 0x00, 0x00, 0x06, 0x00, 0x06, 0x00, 0x0D, 0x00, 0x00, 0x00,
  0x00, 0x00, 0x00, 0x00, 0x75, 0x76, 0x4F, 0x66, 0x66, 0x73, 0x65, 0x74, 0x00, 0x00, 0x00, 0x00,
  0x06, 0x00, 0x05, 0x00, 0x0D, 0x00, 0x00, 0x00, 0x01, 0x00, 0x00, 0x00, 0x75, 0x76, 0x53, 0x63,
  0x61, 0x6C, 0x65, 0x00, 0x06, 0x00, 0x05, 0x00, 0x0D, 0x00, 0x00, 0x00, 0x02, 0x00, 0x00, 0x00,
  0x6F, 0x70, 0x61, 0x63, 0x69, 0x74, 0x79, 0x00, 0x06, 0x00, 0x04, 0x00, 0x0D, 0x00, 0x00, 0x00,
  0x03, 0x00, 0x00, 0x00, 0x70, 0x61, 0x64, 0x00, 0x06, 0x00, 0x05, 0x00, 0x0D, 0x00, 0x00, 0x00,
  0x04, 0x00, 0x00, 0x00, 0x67, 0x61, 0x6D, 0x6D, 0x61, 0x00, 0x00, 0x00, 0x06, 0x00, 0x06, 0x00,
  0x0D, 0x00, 0x00, 0x00, 0x05, 0x00, 0x00, 0x00, 0x62, 0x72, 0x69, 0x67, 0x68, 0x74, 0x6E, 0x65,
  0x73, 0x73, 0x00, 0x00, 0x06, 0x00, 0x06, 0x00, 0x0D, 0x00, 0x00, 0x00, 0x06, 0x00, 0x00, 0x00,
  0x63, 0x6F, 0x6E, 0x74, 0x72, 0x61, 0x73, 0x74, 0x00, 0x00, 0x00, 0x00, 0x06, 0x00, 0x05, 0x00,
  0x0D, 0x00, 0x00, 0x00, 0x07, 0x00, 0x00, 0x00, 0x70, 0x61, 0x64, 0x32, 0x00, 0x00, 0x00, 0x00,
  0x05, 0x00, 0x03, 0x00, 0x0F, 0x00, 0x00, 0x00, 0x00, 0x00, 0x00, 0x00, 0x05, 0x00, 0x03, 0x00,
  0x1C, 0x00, 0x00, 0x00, 0x63, 0x00, 0x00, 0x00, 0x05, 0x00, 0x04, 0x00, 0x20, 0x00, 0x00, 0x00,
  0x75, 0x54, 0x65, 0x78, 0x00, 0x00, 0x00, 0x00, 0x05, 0x00, 0x03, 0x00, 0x25, 0x00, 0x00, 0x00,
  0x67, 0x00, 0x00, 0x00, 0x05, 0x00, 0x05, 0x00, 0x30, 0x00, 0x00, 0x00, 0x61, 0x64, 0x6A, 0x75,
  0x73, 0x74, 0x65, 0x64, 0x00, 0x00, 0x00, 0x00, 0x05, 0x00, 0x05, 0x00, 0x46, 0x00, 0x00, 0x00,
  0x46, 0x72, 0x61, 0x67, 0x43, 0x6F, 0x6C, 0x6F, 0x72, 0x00, 0x00, 0x00, 0x47, 0x00, 0x04, 0x00,
  0x0B, 0x00, 0x00, 0x00, 0x1E, 0x00, 0x00, 0x00, 0x00, 0x00, 0x00, 0x00, 0x47, 0x00, 0x03, 0x00,
  0x0D, 0x00, 0x00, 0x00, 0x02, 0x00, 0x00, 0x00, 0x48, 0x00, 0x05, 0x00, 0x0D, 0x00, 0x00, 0x00,
  0x00, 0x00, 0x00, 0x00, 0x23, 0x00, 0x00, 0x00, 0x00, 0x00, 0x00, 0x00, 0x48, 0x00, 0x05, 0x00,
  0x0D, 0x00, 0x00, 0x00, 0x01, 0x00, 0x00, 0x00, 0x23, 0x00, 0x00, 0x00, 0x08, 0x00, 0x00, 0x00,
  0x48, 0x00, 0x05, 0x00, 0x0D, 0x00, 0x00, 0x00, 0x02, 0x00, 0x00, 0x00, 0x23, 0x00, 0x00, 0x00,
  0x10, 0x00, 0x00, 0x00, 0x48, 0x00, 0x05, 0x00, 0x0D, 0x00, 0x00, 0x00, 0x03, 0x00, 0x00, 0x00,
  0x23, 0x00, 0x00, 0x00, 0x14, 0x00, 0x00, 0x00, 0x48, 0x00, 0x05, 0x00, 0x0D, 0x00, 0x00, 0x00,
  0x04, 0x00, 0x00, 0x00, 0x23, 0x00, 0x00, 0x00, 0x18, 0x00, 0x00, 0x00, 0x48, 0x00, 0x05, 0x00,
  0x0D, 0x00, 0x00, 0x00, 0x05, 0x00, 0x00, 0x00, 0x23, 0x00, 0x00, 0x00, 0x1C, 0x00, 0x00, 0x00,
  0x48, 0x00, 0x05, 0x00, 0x0D, 0x00, 0x00, 0x00, 0x06, 0x00, 0x00, 0x00, 0x23, 0x00, 0x00, 0x00,
  0x20, 0x00, 0x00, 0x00, 0x48, 0x00, 0x05, 0x00, 0x0D, 0x00, 0x00, 0x00, 0x07, 0x00, 0x00, 0x00,
  0x23, 0x00, 0x00, 0x00, 0x24, 0x00, 0x00, 0x00, 0x47, 0x00, 0x04, 0x00, 0x0F, 0x00, 0x00, 0x00,
  0x21, 0x00, 0x00, 0x00, 0x00, 0x00, 0x00, 0x00, 0x47, 0x00, 0x04, 0x00, 0x0F, 0x00, 0x00, 0x00,
  0x22, 0x00, 0x00, 0x00, 0x03, 0x00, 0x00, 0x00, 0x47, 0x00, 0x04, 0x00, 0x20, 0x00, 0x00, 0x00,
  0x21, 0x00, 0x00, 0x00, 0x00, 0x00, 0x00, 0x00, 0x47, 0x00, 0x04, 0x00, 0x20, 0x00, 0x00, 0x00,
  0x22, 0x00, 0x00, 0x00, 0x02, 0x00, 0x00, 0x00, 0x47, 0x00, 0x04, 0x00, 0x46, 0x00, 0x00, 0x00,
  0x1E, 0x00, 0x00, 0x00, 0x00, 0x00, 0x00, 0x00, 0x13, 0x00, 0x02, 0x00, 0x02, 0x00, 0x00, 0x00,
  0x21, 0x00, 0x03, 0x00, 0x03, 0x00, 0x00, 0x00, 0x02, 0x00, 0x00, 0x00, 0x16, 0x00, 0x03, 0x00,
  0x06, 0x00, 0x00, 0x00, 0x20, 0x00, 0x00, 0x00, 0x17, 0x00, 0x04, 0x00, 0x07, 0x00, 0x00, 0x00,
  0x06, 0x00, 0x00, 0x00, 0x02, 0x00, 0x00, 0x00, 0x20, 0x00, 0x04, 0x00, 0x08, 0x00, 0x00, 0x00,
  0x07, 0x00, 0x00, 0x00, 0x07, 0x00, 0x00, 0x00, 0x20, 0x00, 0x04, 0x00, 0x0A, 0x00, 0x00, 0x00,
  0x01, 0x00, 0x00, 0x00, 0x07, 0x00, 0x00, 0x00, 0x3B, 0x00, 0x04, 0x00, 0x0A, 0x00, 0x00, 0x00,
  0x0B, 0x00, 0x00, 0x00, 0x01, 0x00, 0x00, 0x00, 0x1E, 0x00, 0x0A, 0x00, 0x0D, 0x00, 0x00, 0x00,
  0x07, 0x00, 0x00, 0x00, 0x07, 0x00, 0x00, 0x00, 0x06, 0x00, 0x00, 0x00, 0x06, 0x00, 0x00, 0x00,
  0x06, 0x00, 0x00, 0x00, 0x06, 0x00, 0x00, 0x00, 0x06, 0x00, 0x00, 0x00, 0x06, 0x00, 0x00, 0x00,
  0x20, 0x00, 0x04, 0x00, 0x0E, 0x00, 0x00, 0x00, 0x02, 0x00, 0x00, 0x00, 0x0D, 0x00, 0x00, 0x00,
  0x3B, 0x00, 0x04, 0x00, 0x0E, 0x00, 0x00, 0x00, 0x0F, 0x00, 0x00, 0x00, 0x02, 0x00, 0x00, 0x00,
  0x15, 0x00, 0x04, 0x00, 0x10, 0x00, 0x00, 0x00, 0x20, 0x00, 0x00, 0x00, 0x01, 0x00, 0x00, 0x00,
  0x2B, 0x00, 0x04, 0x00, 0x10, 0x00, 0x00, 0x00, 0x11, 0x00, 0x00, 0x00, 0x01, 0x00, 0x00, 0x00,
  0x20, 0x00, 0x04, 0x00, 0x12, 0x00, 0x00, 0x00, 0x02, 0x00, 0x00, 0x00, 0x07, 0x00, 0x00, 0x00,
  0x2B, 0x00, 0x04, 0x00, 0x10, 0x00, 0x00, 0x00, 0x16, 0x00, 0x00, 0x00, 0x00, 0x00, 0x00, 0x00,
  0x17, 0x00, 0x04, 0x00, 0x1A, 0x00, 0x00, 0x00, 0x06, 0x00, 0x00, 0x00, 0x04, 0x00, 0x00, 0x00,
  0x20, 0x00, 0x04, 0x00, 0x1B, 0x00, 0x00, 0x00, 0x07, 0x00, 0x00, 0x00, 0x1A, 0x00, 0x00, 0x00,
  0x19, 0x00, 0x09, 0x00, 0x1D, 0x00, 0x00, 0x00, 0x06, 0x00, 0x00, 0x00, 0x01, 0x00, 0x00, 0x00,
  0x00, 0x00, 0x00, 0x00, 0x00, 0x00, 0x00, 0x00, 0x00, 0x00, 0x00, 0x00, 0x01, 0x00, 0x00, 0x00,
  0x00, 0x00, 0x00, 0x00, 0x1B, 0x00, 0x03, 0x00, 0x1E, 0x00, 0x00, 0x00, 0x1D, 0x00, 0x00, 0x00,
  0x20, 0x00, 0x04, 0x00, 0x1F, 0x00, 0x00, 0x00, 0x00, 0x00, 0x00, 0x00, 0x1E, 0x00, 0x00, 0x00,
  0x3B, 0x00, 0x04, 0x00, 0x1F, 0x00, 0x00, 0x00, 0x20, 0x00, 0x00, 0x00, 0x00, 0x00, 0x00, 0x00,
  0x20, 0x00, 0x04, 0x00, 0x24, 0x00, 0x00, 0x00, 0x07, 0x00, 0x00, 0x00, 0x06, 0x00, 0x00, 0x00,
  0x2B, 0x00, 0x04, 0x00, 0x06, 0x00, 0x00, 0x00, 0x26, 0x00, 0x00, 0x00, 0x00, 0x00, 0x80, 0x3F,
  0x2B, 0x00, 0x04, 0x00, 0x10, 0x00, 0x00, 0x00, 0x27, 0x00, 0x00, 0x00, 0x04, 0x00, 0x00, 0x00,
  0x20, 0x00, 0x04, 0x00, 0x28, 0x00, 0x00, 0x00, 0x02, 0x00, 0x00, 0x00, 0x06, 0x00, 0x00, 0x00,
  0x2B, 0x00, 0x04, 0x00, 0x06, 0x00, 0x00, 0x00, 0x2B, 0x00, 0x00, 0x00, 0x6F, 0x12, 0x83, 0x3A,
  0x17, 0x00, 0x04, 0x00, 0x2E, 0x00, 0x00, 0x00, 0x06, 0x00, 0x00, 0x00, 0x03, 0x00, 0x00, 0x00,
  0x20, 0x00, 0x04, 0x00, 0x2F, 0x00, 0x00, 0x00, 0x07, 0x00, 0x00, 0x00, 0x2E, 0x00, 0x00, 0x00,
  0x2B, 0x00, 0x04, 0x00, 0x06, 0x00, 0x00, 0x00, 0x37, 0x00, 0x00, 0x00, 0x00, 0x00, 0x00, 0x3F,
  0x2B, 0x00, 0x04, 0x00, 0x10, 0x00, 0x00, 0x00, 0x3A, 0x00, 0x00, 0x00, 0x06, 0x00, 0x00, 0x00,
  0x2B, 0x00, 0x04, 0x00, 0x10, 0x00, 0x00, 0x00, 0x40, 0x00, 0x00, 0x00, 0x05, 0x00, 0x00, 0x00,
  0x20, 0x00, 0x04, 0x00, 0x45, 0x00, 0x00, 0x00, 0x03, 0x00, 0x00, 0x00, 0x1A, 0x00, 0x00, 0x00,
  0x3B, 0x00, 0x04, 0x00, 0x45, 0x00, 0x00, 0x00, 0x46, 0x00, 0x00, 0x00, 0x03, 0x00, 0x00, 0x00,
  0x15, 0x00, 0x04, 0x00, 0x48, 0x00, 0x00, 0x00, 0x20, 0x00, 0x00, 0x00, 0x00, 0x00, 0x00, 0x00,
  0x2B, 0x00, 0x04, 0x00, 0x48, 0x00, 0x00, 0x00, 0x49, 0x00, 0x00, 0x00, 0x03, 0x00, 0x00, 0x00,
  0x2B, 0x00, 0x04, 0x00, 0x10, 0x00, 0x00, 0x00, 0x4C, 0x00, 0x00, 0x00, 0x02, 0x00, 0x00, 0x00,
  0x36, 0x00, 0x05, 0x00, 0x02, 0x00, 0x00, 0x00, 0x04, 0x00, 0x00, 0x00, 0x00, 0x00, 0x00, 0x00,
  0x03, 0x00, 0x00, 0x00, 0xF8, 0x00, 0x02, 0x00, 0x05, 0x00, 0x00, 0x00, 0x3B, 0x00, 0x04, 0x00,
  0x08, 0x00, 0x00, 0x00, 0x09, 0x00, 0x00, 0x00, 0x07, 0x00, 0x00, 0x00, 0x3B, 0x00, 0x04, 0x00,
  0x1B, 0x00, 0x00, 0x00, 0x1C, 0x00, 0x00, 0x00, 0x07, 0x00, 0x00, 0x00, 0x3B, 0x00, 0x04, 0x00,
  0x24, 0x00, 0x00, 0x00, 0x25, 0x00, 0x00, 0x00, 0x07, 0x00, 0x00, 0x00, 0x3B, 0x00, 0x04, 0x00,
  0x2F, 0x00, 0x00, 0x00, 0x30, 0x00, 0x00, 0x00, 0x07, 0x00, 0x00, 0x00, 0x3D, 0x00, 0x04, 0x00,
  0x07, 0x00, 0x00, 0x00, 0x0C, 0x00, 0x00, 0x00, 0x0B, 0x00, 0x00, 0x00, 0x41, 0x00, 0x05, 0x00,
  0x12, 0x00, 0x00, 0x00, 0x13, 0x00, 0x00, 0x00, 0x0F, 0x00, 0x00, 0x00, 0x11, 0x00, 0x00, 0x00,
  0x3D, 0x00, 0x04, 0x00, 0x07, 0x00, 0x00, 0x00, 0x14, 0x00, 0x00, 0x00, 0x13, 0x00, 0x00, 0x00,
  0x85, 0x00, 0x05, 0x00, 0x07, 0x00, 0x00, 0x00, 0x15, 0x00, 0x00, 0x00, 0x0C, 0x00, 0x00, 0x00,
  0x14, 0x00, 0x00, 0x00, 0x41, 0x00, 0x05, 0x00, 0x12, 0x00, 0x00, 0x00, 0x17, 0x00, 0x00, 0x00,
  0x0F, 0x00, 0x00, 0x00, 0x16, 0x00, 0x00, 0x00, 0x3D, 0x00, 0x04, 0x00, 0x07, 0x00, 0x00, 0x00,
  0x18, 0x00, 0x00, 0x00, 0x17, 0x00, 0x00, 0x00, 0x81, 0x00, 0x05, 0x00, 0x07, 0x00, 0x00, 0x00,
  0x19, 0x00, 0x00, 0x00, 0x15, 0x00, 0x00, 0x00, 0x18, 0x00, 0x00, 0x00, 0x3E, 0x00, 0x03, 0x00,
  0x09, 0x00, 0x00, 0x00, 0x19, 0x00, 0x00, 0x00, 0x3D, 0x00, 0x04, 0x00, 0x1E, 0x00, 0x00, 0x00,
  0x21, 0x00, 0x00, 0x00, 0x20, 0x00, 0x00, 0x00, 0x3D, 0x00, 0x04, 0x00, 0x07, 0x00, 0x00, 0x00,
  0x22, 0x00, 0x00, 0x00, 0x09, 0x00, 0x00, 0x00, 0x57, 0x00, 0x05, 0x00, 0x1A, 0x00, 0x00, 0x00,
  0x23, 0x00, 0x00, 0x00, 0x21, 0x00, 0x00, 0x00, 0x22, 0x00, 0x00, 0x00, 0x3E, 0x00, 0x03, 0x00,
  0x1C, 0x00, 0x00, 0x00, 0x23, 0x00, 0x00, 0x00, 0x41, 0x00, 0x05, 0x00, 0x28, 0x00, 0x00, 0x00,
  0x29, 0x00, 0x00, 0x00, 0x0F, 0x00, 0x00, 0x00, 0x27, 0x00, 0x00, 0x00, 0x3D, 0x00, 0x04, 0x00,
  0x06, 0x00, 0x00, 0x00, 0x2A, 0x00, 0x00, 0x00, 0x29, 0x00, 0x00, 0x00, 0x0C, 0x00, 0x07, 0x00,
  0x06, 0x00, 0x00, 0x00, 0x2C, 0x00, 0x00, 0x00, 0x01, 0x00, 0x00, 0x00, 0x28, 0x00, 0x00, 0x00,
  0x2A, 0x00, 0x00, 0x00, 0x2B, 0x00, 0x00, 0x00, 0x88, 0x00, 0x05, 0x00, 0x06, 0x00, 0x00, 0x00,
  0x2D, 0x00, 0x00, 0x00, 0x26, 0x00, 0x00, 0x00, 0x2C, 0x00, 0x00, 0x00, 0x3E, 0x00, 0x03, 0x00,
  0x25, 0x00, 0x00, 0x00, 0x2D, 0x00, 0x00, 0x00, 0x3D, 0x00, 0x04, 0x00, 0x1A, 0x00, 0x00, 0x00,
  0x31, 0x00, 0x00, 0x00, 0x1C, 0x00, 0x00, 0x00, 0x4F, 0x00, 0x08, 0x00, 0x2E, 0x00, 0x00, 0x00,
  0x32, 0x00, 0x00, 0x00, 0x31, 0x00, 0x00, 0x00, 0x31, 0x00, 0x00, 0x00, 0x00, 0x00, 0x00, 0x00,
  0x01, 0x00, 0x00, 0x00, 0x02, 0x00, 0x00, 0x00, 0x3D, 0x00, 0x04, 0x00, 0x06, 0x00, 0x00, 0x00,
  0x33, 0x00, 0x00, 0x00, 0x25, 0x00, 0x00, 0x00, 0x50, 0x00, 0x06, 0x00, 0x2E, 0x00, 0x00, 0x00,
  0x34, 0x00, 0x00, 0x00, 0x33, 0x00, 0x00, 0x00, 0x33, 0x00, 0x00, 0x00, 0x33, 0x00, 0x00, 0x00,
  0x0C, 0x00, 0x07, 0x00, 0x2E, 0x00, 0x00, 0x00, 0x35, 0x00, 0x00, 0x00, 0x01, 0x00, 0x00, 0x00,
  0x1A, 0x00, 0x00, 0x00, 0x32, 0x00, 0x00, 0x00, 0x34, 0x00, 0x00, 0x00, 0x3E, 0x00, 0x03, 0x00,
  0x30, 0x00, 0x00, 0x00, 0x35, 0x00, 0x00, 0x00, 0x3D, 0x00, 0x04, 0x00, 0x2E, 0x00, 0x00, 0x00,
  0x36, 0x00, 0x00, 0x00, 0x30, 0x00, 0x00, 0x00, 0x50, 0x00, 0x06, 0x00, 0x2E, 0x00, 0x00, 0x00,
  0x38, 0x00, 0x00, 0x00, 0x37, 0x00, 0x00, 0x00, 0x37, 0x00, 0x00, 0x00, 0x37, 0x00, 0x00, 0x00,
  0x83, 0x00, 0x05, 0x00, 0x2E, 0x00, 0x00, 0x00, 0x39, 0x00, 0x00, 0x00, 0x36, 0x00, 0x00, 0x00,
  0x38, 0x00, 0x00, 0x00, 0x41, 0x00, 0x05, 0x00, 0x28, 0x00, 0x00, 0x00, 0x3B, 0x00, 0x00, 0x00,
  0x0F, 0x00, 0x00, 0x00, 0x3A, 0x00, 0x00, 0x00, 0x3D, 0x00, 0x04, 0x00, 0x06, 0x00, 0x00, 0x00,
  0x3C, 0x00, 0x00, 0x00, 0x3B, 0x00, 0x00, 0x00, 0x8E, 0x00, 0x05, 0x00, 0x2E, 0x00, 0x00, 0x00,
  0x3D, 0x00, 0x00, 0x00, 0x39, 0x00, 0x00, 0x00, 0x3C, 0x00, 0x00, 0x00, 0x50, 0x00, 0x06, 0x00,
  0x2E, 0x00, 0x00, 0x00, 0x3E, 0x00, 0x00, 0x00, 0x37, 0x00, 0x00, 0x00, 0x37, 0x00, 0x00, 0x00,
  0x37, 0x00, 0x00, 0x00, 0x81, 0x00, 0x05, 0x00, 0x2E, 0x00, 0x00, 0x00, 0x3F, 0x00, 0x00, 0x00,
  0x3D, 0x00, 0x00, 0x00, 0x3E, 0x00, 0x00, 0x00, 0x41, 0x00, 0x05, 0x00, 0x28, 0x00, 0x00, 0x00,
  0x41, 0x00, 0x00, 0x00, 0x0F, 0x00, 0x00, 0x00, 0x40, 0x00, 0x00, 0x00, 0x3D, 0x00, 0x04, 0x00,
  0x06, 0x00, 0x00, 0x00, 0x42, 0x00, 0x00, 0x00, 0x41, 0x00, 0x00, 0x00, 0x50, 0x00, 0x06, 0x00,
  0x2E, 0x00, 0x00, 0x00, 0x43, 0x00, 0x00, 0x00, 0x42, 0x00, 0x00, 0x00, 0x42, 0x00, 0x00, 0x00,
  0x42, 0x00, 0x00, 0x00, 0x81, 0x00, 0x05, 0x00, 0x2E, 0x00, 0x00, 0x00, 0x44, 0x00, 0x00, 0x00,
  0x3F, 0x00, 0x00, 0x00, 0x43, 0x00, 0x00, 0x00, 0x3E, 0x00, 0x03, 0x00, 0x30, 0x00, 0x00, 0x00,
  0x44, 0x00, 0x00, 0x00, 0x3D, 0x00, 0x04, 0x00, 0x2E, 0x00, 0x00, 0x00, 0x47, 0x00, 0x00, 0x00,
  0x30, 0x00, 0x00, 0x00, 0x41, 0x00, 0x05, 0x00, 0x24, 0x00, 0x00, 0x00, 0x4A, 0x00, 0x00, 0x00,
  0x1C, 0x00, 0x00, 0x00, 0x49, 0x00, 0x00, 0x00, 0x3D, 0x00, 0x04, 0x00, 0x06, 0x00, 0x00, 0x00,
  0x4B, 0x00, 0x00, 0x00, 0x4A, 0x00, 0x00, 0x00, 0x41, 0x00, 0x05, 0x00, 0x28, 0x00, 0x00, 0x00,
  0x4D, 0x00, 0x00, 0x00, 0x0F, 0x00, 0x00, 0x00, 0x4C, 0x00, 0x00, 0x00, 0x3D, 0x00, 0x04, 0x00,
  0x06, 0x00, 0x00, 0x00, 0x4E, 0x00, 0x00, 0x00, 0x4D, 0x00, 0x00, 0x00, 0x85, 0x00, 0x05, 0x00,
  0x06, 0x00, 0x00, 0x00, 0x4F, 0x00, 0x00, 0x00, 0x4B, 0x00, 0x00, 0x00, 0x4E, 0x00, 0x00, 0x00,
  0x51, 0x00, 0x05, 0x00, 0x06, 0x00, 0x00, 0x00, 0x50, 0x00, 0x00, 0x00, 0x47, 0x00, 0x00, 0x00,
  0x00, 0x00, 0x00, 0x00, 0x51, 0x00, 0x05, 0x00, 0x06, 0x00, 0x00, 0x00, 0x51, 0x00, 0x00, 0x00,
  0x47, 0x00, 0x00, 0x00, 0x01, 0x00, 0x00, 0x00, 0x51, 0x00, 0x05, 0x00, 0x06, 0x00, 0x00, 0x00,
  0x52, 0x00, 0x00, 0x00, 0x47, 0x00, 0x00, 0x00, 0x02, 0x00, 0x00, 0x00, 0x50, 0x00, 0x07, 0x00,
  0x1A, 0x00, 0x00, 0x00, 0x53, 0x00, 0x00, 0x00, 0x50, 0x00, 0x00, 0x00, 0x51, 0x00, 0x00, 0x00,
  0x52, 0x00, 0x00, 0x00, 0x4F, 0x00, 0x00, 0x00, 0x3E, 0x00, 0x03, 0x00, 0x46, 0x00, 0x00, 0x00,
  0x53, 0x00, 0x00, 0x00, 0xFD, 0x00, 0x01, 0x00, 0x38, 0x00, 0x01, 0x00,
};

static const unsigned int g_gray_fragSpvSize = 1720;
static const unsigned char g_gray_fragSpv[] = {
  0x03, 0x02, 0x23, 0x07, 0x00, 0x00, 0x01, 0x00, 0x0B, 0x00, 0x0D, 0x00, 0x3F, 0x00, 0x00, 0x00,
  0x00, 0x00, 0x00, 0x00, 0x11, 0x00, 0x02, 0x00, 0x01, 0x00, 0x00, 0x00, 0x0B, 0x00, 0x06, 0x00,
  0x01, 0x00, 0x00, 0x00, 0x47, 0x4C, 0x53, 0x4C, 0x2E, 0x73, 0x74, 0x64, 0x2E, 0x34, 0x35, 0x30,
  0x00, 0x00, 0x00, 0x00, 0x0E, 0x00, 0x03, 0x00, 0x00, 0x00, 0x00, 0x00, 0x01, 0x00, 0x00, 0x00,
  0x0F, 0x00, 0x07, 0x00, 0x04, 0x00, 0x00, 0x00, 0x04, 0x00, 0x00, 0x00, 0x6D, 0x61, 0x69, 0x6E,
  0x00, 0x00, 0x00, 0x00, 0x0B, 0x00, 0x00, 0x00, 0x2F, 0x00, 0x00, 0x00, 0x10, 0x00, 0x03, 0x00,
  0x04, 0x00, 0x00, 0x00, 0x07, 0x00, 0x00, 0x00, 0x03, 0x00, 0x03, 0x00, 0x02, 0x00, 0x00, 0x00,
  0xC2, 0x01, 0x00, 0x00, 0x04, 0x00, 0x0A, 0x00, 0x47, 0x4C, 0x5F, 0x47, 0x4F, 0x4F, 0x47, 0x4C,
  0x45, 0x5F, 0x63, 0x70, 0x70, 0x5F, 0x73, 0x74, 0x79, 0x6C, 0x65, 0x5F, 0x6C, 0x69, 0x6E, 0x65,
  0x5F, 0x64, 0x69, 0x72, 0x65, 0x63, 0x74, 0x69, 0x76, 0x65, 0x00, 0x00, 0x04, 0x00, 0x08, 0x00,
  0x47, 0x4C, 0x5F, 0x47, 0x4F, 0x4F, 0x47, 0x4C, 0x45, 0x5F, 0x69, 0x6E, 0x63, 0x6C, 0x75, 0x64,
  0x65, 0x5F, 0x64, 0x69, 0x72, 0x65, 0x63, 0x74, 0x69, 0x76, 0x65, 0x00, 0x05, 0x00, 0x04, 0x00,
  0x04, 0x00, 0x00, 0x00, 0x6D, 0x61, 0x69, 0x6E, 0x00, 0x00, 0x00, 0x00, 0x05, 0x00, 0x03, 0x00,
  0x09, 0x00, 0x00, 0x00, 0x75, 0x76, 0x00, 0x00, 0x05, 0x00, 0x03, 0x00, 0x0B, 0x00, 0x00, 0x00,
  0x76, 0x55, 0x56, 0x00, 0x05, 0x00, 0x05, 0x00, 0x0D, 0x00, 0x00, 0x00, 0x46, 0x72, 0x61, 0x67,
  0x50, 0x61, 0x72, 0x61, 0x6D, 0x73, 0x00, 0x00, 0x06, 0x00, 0x06, 0x00, 0x0D, 0x00, 0x00, 0x00,
  0x00, 0x00, 0x00, 0x00, 0x75, 0x76, 0x4F, 0x66, 0x66, 0x73, 0x65, 0x74, 0x00, 0x00, 0x00, 0x00,
  0x06, 0x00, 0x05, 0x00, 0x0D, 0x00, 0x00, 0x00, 0x01, 0x00, 0x00, 0x00, 0x75, 0x76, 0x53, 0x63,
  0x61, 0x6C, 0x65, 0x00, 0x06, 0x00, 0x05, 0x00, 0x0D, 0x00, 0x00, 0x00, 0x02, 0x00, 0x00, 0x00,
  0x6F, 0x70, 0x61, 0x63, 0x69, 0x74, 0x79, 0x00, 0x06, 0x00, 0x04, 0x00, 0x0D, 0x00, 0x00, 0x00,
  0x03, 0x00, 0x00, 0x00, 0x70, 0x61, 0x64, 0x00, 0x05, 0x00, 0x03, 0x00, 0x0F, 0x00, 0x00, 0x00,
  0x75, 0x50, 0x00, 0x00, 0x05, 0x00, 0x03, 0x00, 0x1C, 0x00, 0x00, 0x00, 0x63, 0x00, 0x00, 0x00,
  0x05, 0x00, 0x04, 0x00, 0x20, 0x00, 0x00, 0x00, 0x75, 0x54, 0x65, 0x78, 0x00, 0x00, 0x00, 0x00,
  0x05, 0x00, 0x04, 0x00, 0x25, 0x00, 0x00, 0x00, 0x67, 0x72, 0x61, 0x79, 0x00, 0x00, 0x00, 0x00,
  0x05, 0x00, 0x05, 0x00, 0x2F, 0x00, 0x00, 0x00, 0x46, 0x72, 0x61, 0x67, 0x43, 0x6F, 0x6C, 0x6F,
  0x72, 0x00, 0x00, 0x00, 0x47, 0x00, 0x04, 0x00, 0x0B, 0x00, 0x00, 0x00, 0x1E, 0x00, 0x00, 0x00,
  0x00, 0x00, 0x00, 0x00, 0x47, 0x00, 0x03, 0x00, 0x0D, 0x00, 0x00, 0x00, 0x02, 0x00, 0x00, 0x00,
  0x48, 0x00, 0x05, 0x00, 0x0D, 0x00, 0x00, 0x00, 0x00, 0x00, 0x00, 0x00, 0x23, 0x00, 0x00, 0x00,
  0x00, 0x00, 0x00, 0x00, 0x48, 0x00, 0x05, 0x00, 0x0D, 0x00, 0x00, 0x00, 0x01, 0x00, 0x00, 0x00,
  0x23, 0x00, 0x00, 0x00, 0x08, 0x00, 0x00, 0x00, 0x48, 0x00, 0x05, 0x00, 0x0D, 0x00, 0x00, 0x00,
  0x02, 0x00, 0x00, 0x00, 0x23, 0x00, 0x00, 0x00, 0x10, 0x00, 0x00, 0x00, 0x48, 0x00, 0x05, 0x00,
  0x0D, 0x00, 0x00, 0x00, 0x03, 0x00, 0x00, 0x00, 0x23, 0x00, 0x00, 0x00, 0x14, 0x00, 0x00, 0x00,
  0x47, 0x00, 0x04, 0x00, 0x0F, 0x00, 0x00, 0x00, 0x21, 0x00, 0x00, 0x00, 0x00, 0x00, 0x00, 0x00,
  0x47, 0x00, 0x04, 0x00, 0x0F, 0x00, 0x00, 0x00, 0x22, 0x00, 0x00, 0x00, 0x03, 0x00, 0x00, 0x00,
  0x47, 0x00, 0x04, 0x00, 0x20, 0x00, 0x00, 0x00, 0x21, 0x00, 0x00, 0x00, 0x00, 0x00, 0x00, 0x00,
  0x47, 0x00, 0x04, 0x00, 0x20, 0x00, 0x00, 0x00, 0x22, 0x00, 0x00, 0x00, 0x02, 0x00, 0x00, 0x00,
  0x47, 0x00, 0x04, 0x00, 0x2F, 0x00, 0x00, 0x00, 0x1E, 0x00, 0x00, 0x00, 0x00, 0x00, 0x00, 0x00,
  0x13, 0x00, 0x02, 0x00, 0x02, 0x00, 0x00, 0x00, 0x21, 0x00, 0x03, 0x00, 0x03, 0x00, 0x00, 0x00,
  0x02, 0x00, 0x00, 0x00, 0x16, 0x00, 0x03, 0x00, 0x06, 0x00, 0x00, 0x00, 0x20, 0x00, 0x00, 0x00,
  0x17, 0x00, 0x04, 0x00, 0x07, 0x00, 0x00, 0x00, 0x06, 0x00, 0x00, 0x00, 0x02, 0x00, 0x00, 0x00,
  0x20, 0x00, 0x04, 0x00, 0x08, 0x00, 0x00, 0x00, 0x07, 0x00, 0x00, 0x00, 0x07, 0x00, 0x00, 0x00,
  0x20, 0x00, 0x04, 0x00, 0x0A, 0x00, 0x00, 0x00, 0x01, 0x00, 0x00, 0x00, 0x07, 0x00, 0x00, 0x00,
  0x3B, 0x00, 0x04, 0x00, 0x0A, 0x00, 0x00, 0x00, 0x0B, 0x00, 0x00, 0x00, 0x01, 0x00, 0x00, 0x00,
  0x1E, 0x00, 0x06, 0x00, 0x0D, 0x00, 0x00, 0x00, 0x07, 0x00, 0x00, 0x00, 0x07, 0x00, 0x00, 0x00,
  0x06, 0x00, 0x00, 0x00, 0x06, 0x00, 0x00, 0x00, 0x20, 0x00, 0x04, 0x00, 0x0E, 0x00, 0x00, 0x00,
  0x02, 0x00, 0x00, 0x00, 0x0D, 0x00, 0x00, 0x00, 0x3B, 0x00, 0x04, 0x00, 0x0E, 0x00, 0x00, 0x00,
  0x0F, 0x00, 0x00, 0x00, 0x02, 0x00, 0x00, 0x00, 0x15, 0x00, 0x04, 0x00, 0x10, 0x00, 0x00, 0x00,
  0x20, 0x00, 0x00, 0x00, 0x01, 0x00, 0x00, 0x00, 0x2B, 0x00, 0x04, 0x00, 0x10, 0x00, 0x00, 0x00,
  0x11, 0x00, 0x00, 0x00, 0x01, 0x00, 0x00, 0x00, 0x20, 0x00, 0x04, 0x00, 0x12, 0x00, 0x00, 0x00,
  0x02, 0x00, 0x00, 0x00, 0x07, 0x00, 0x00, 0x00, 0x2B, 0x00, 0x04, 0x00, 0x10, 0x00, 0x00, 0x00,
  0x16, 0x00, 0x00, 0x00, 0x00, 0x00, 0x00, 0x00, 0x17, 0x00, 0x04, 0x00, 0x1A, 0x00, 0x00, 0x00,
  0x06, 0x00, 0x00, 0x00, 0x04, 0x00, 0x00, 0x00, 0x20, 0x00, 0x04, 0x00, 0x1B, 0x00, 0x00, 0x00,
  0x07, 0x00, 0x00, 0x00, 0x1A, 0x00, 0x00, 0x00, 0x19, 0x00, 0x09, 0x00, 0x1D, 0x00, 0x00, 0x00,
  0x06, 0x00, 0x00, 0x00, 0x01, 0x00, 0x00, 0x00, 0x00, 0x00, 0x00, 0x00, 0x00, 0x00, 0x00, 0x00,
  0x00, 0x00, 0x00, 0x00, 0x01, 0x00, 0x00, 0x00, 0x00, 0x00, 0x00, 0x00, 0x1B, 0x00, 0x03, 0x00,
  0x1E, 0x00, 0x00, 0x00, 0x1D, 0x00, 0x00, 0x00, 0x20, 0x00, 0x04, 0x00, 0x1F, 0x00, 0x00, 0x00,
  0x00, 0x00, 0x00, 0x00, 0x1E, 0x00, 0x00, 0x00, 0x3B, 0x00, 0x04, 0x00, 0x1F, 0x00, 0x00, 0x00,
  0x20, 0x00, 0x00, 0x00, 0x00, 0x00, 0x00, 0x00, 0x20, 0x00, 0x04, 0x00, 0x24, 0x00, 0x00, 0x00,
  0x07, 0x00, 0x00, 0x00, 0x06, 0x00, 0x00, 0x00, 0x17, 0x00, 0x04, 0x00, 0x26, 0x00, 0x00, 0x00,
  0x06, 0x00, 0x00, 0x00, 0x03, 0x00, 0x00, 0x00, 0x2B, 0x00, 0x04, 0x00, 0x06, 0x00, 0x00, 0x00,
  0x29, 0x00, 0x00, 0x00, 0x87, 0x16, 0x99, 0x3E, 0x2B, 0x00, 0x04, 0x00, 0x06, 0x00, 0x00, 0x00,
  0x2A, 0x00, 0x00, 0x00, 0xA2, 0x45, 0x16, 0x3F, 0x2B, 0x00, 0x04, 0x00, 0x06, 0x00, 0x00, 0x00,
  0x2B, 0x00, 0x00, 0x00, 0xD5, 0x78, 0xE9, 0x3D, 0x2C, 0x00, 0x06, 0x00, 0x26, 0x00, 0x00, 0x00,
  0x2C, 0x00, 0x00, 0x00, 0x29, 0x00, 0x00, 0x00, 0x2A, 0x00, 0x00, 0x00, 0x2B, 0x00, 0x00, 0x00,
  0x20, 0x00, 0x04, 0x00, 0x2E, 0x00, 0x00, 0x00, 0x03, 0x00, 0x00, 0x00, 0x1A, 0x00, 0x00, 0x00,
  0x3B, 0x00, 0x04, 0x00, 0x2E, 0x00, 0x00, 0x00, 0x2F, 0x00, 0x00, 0x00, 0x03, 0x00, 0x00, 0x00,
  0x15, 0x00, 0x04, 0x00, 0x32, 0x00, 0x00, 0x00, 0x20, 0x00, 0x00, 0x00, 0x00, 0x00, 0x00, 0x00,
  0x2B, 0x00, 0x04, 0x00, 0x32, 0x00, 0x00, 0x00, 0x33, 0x00, 0x00, 0x00, 0x03, 0x00, 0x00, 0x00,
  0x2B, 0x00, 0x04, 0x00, 0x10, 0x00, 0x00, 0x00, 0x36, 0x00, 0x00, 0x00, 0x02, 0x00, 0x00, 0x00,
  0x20, 0x00, 0x04, 0x00, 0x37, 0x00, 0x00, 0x00, 0x02, 0x00, 0x00, 0x00, 0x06, 0x00, 0x00, 0x00,
  0x36, 0x00, 0x05, 0x00, 0x02, 0x00, 0x00, 0x00, 0x04, 0x00, 0x00, 0x00, 0x00, 0x00, 0x00, 0x00,
  0x03, 0x00, 0x00, 0x00, 0xF8, 0x00, 0x02, 0x00, 0x05, 0x00, 0x00, 0x00, 0x3B, 0x00, 0x04, 0x00,
  0x08, 0x00, 0x00, 0x00, 0x09, 0x00, 0x00, 0x00, 0x07, 0x00, 0x00, 0x00, 0x3B, 0x00, 0x04, 0x00,
  0x1B, 0x00, 0x00, 0x00, 0x1C, 0x00, 0x00, 0x00, 0x07, 0x00, 0x00, 0x00, 0x3B, 0x00, 0x04, 0x00,
  0x24, 0x00, 0x00, 0x00, 0x25, 0x00, 0x00, 0x00, 0x07, 0x00, 0x00, 0x00, 0x3D, 0x00, 0x04, 0x00,
  0x07, 0x00, 0x00, 0x00, 0x0C, 0x00, 0x00, 0x00, 0x0B, 0x00, 0x00, 0x00, 0x41, 0x00, 0x05, 0x00,
  0x12, 0x00, 0x00, 0x00, 0x13, 0x00, 0x00, 0x00, 0x0F, 0x00, 0x00, 0x00, 0x11, 0x00, 0x00, 0x00,
  0x3D, 0x00, 0x04, 0x00, 0x07, 0x00, 0x00, 0x00, 0x14, 0x00, 0x00, 0x00, 0x13, 0x00, 0x00, 0x00,
  0x85, 0x00, 0x05, 0x00, 0x07, 0x00, 0x00, 0x00, 0x15, 0x00, 0x00, 0x00, 0x0C, 0x00, 0x00, 0x00,
  0x14, 0x00, 0x00, 0x00, 0x41, 0x00, 0x05, 0x00, 0x12, 0x00, 0x00, 0x00, 0x17, 0x00, 0x00, 0x00,
  0x0F, 0x00, 0x00, 0x00, 0x16, 0x00, 0x00, 0x00, 0x3D, 0x00, 0x04, 0x00, 0x07, 0x00, 0x00, 0x00,
  0x18, 0x00, 0x00, 0x00, 0x17, 0x00, 0x00, 0x00, 0x81, 0x00, 0x05, 0x00, 0x07, 0x00, 0x00, 0x00,
  0x19, 0x00, 0x00, 0x00, 0x15, 0x00, 0x00, 0x00, 0x18, 0x00, 0x00, 0x00, 0x3E, 0x00, 0x03, 0x00,
  0x09, 0x00, 0x00, 0x00, 0x19, 0x00, 0x00, 0x00, 0x3D, 0x00, 0x04, 0x00, 0x1E, 0x00, 0x00, 0x00,
  0x21, 0x00, 0x00, 0x00, 0x20, 0x00, 0x00, 0x00, 0x3D, 0x00, 0x04, 0x00, 0x07, 0x00, 0x00, 0x00,
  0x22, 0x00, 0x00, 0x00, 0x09, 0x00, 0x00, 0x00, 0x57, 0x00, 0x05, 0x00, 0x1A, 0x00, 0x00, 0x00,
  0x23, 0x00, 0x00, 0x00, 0x21, 0x00, 0x00, 0x00, 0x22, 0x00, 0x00, 0x00, 0x3E, 0x00, 0x03, 0x00,
  0x1C, 0x00, 0x00, 0x00, 0x23, 0x00, 0x00, 0x00, 0x3D, 0x00, 0x04, 0x00, 0x1A, 0x00, 0x00, 0x00,
  0x27, 0x00, 0x00, 0x00, 0x1C, 0x00, 0x00, 0x00, 0x4F, 0x00, 0x08, 0x00, 0x26, 0x00, 0x00, 0x00,
  0x28, 0x00, 0x00, 0x00, 0x27, 0x00, 0x00, 0x00, 0x27, 0x00, 0x00, 0x00, 0x00, 0x00, 0x00, 0x00,
  0x01, 0x00, 0x00, 0x00, 0x02, 0x00, 0x00, 0x00, 0x94, 0x00, 0x05, 0x00, 0x06, 0x00, 0x00, 0x00,
  0x2D, 0x00, 0x00, 0x00, 0x28, 0x00, 0x00, 0x00, 0x2C, 0x00, 0x00, 0x00, 0x3E, 0x00, 0x03, 0x00,
  0x25, 0x00, 0x00, 0x00, 0x2D, 0x00, 0x00, 0x00, 0x3D, 0x00, 0x04, 0x00, 0x06, 0x00, 0x00, 0x00,
  0x30, 0x00, 0x00, 0x00, 0x25, 0x00, 0x00, 0x00, 0x50, 0x00, 0x06, 0x00, 0x26, 0x00, 0x00, 0x00,
  0x31, 0x00, 0x00, 0x00, 0x30, 0x00, 0x00, 0x00, 0x30, 0x00, 0x00, 0x00, 0x30, 0x00, 0x00, 0x00,
  0x41, 0x00, 0x05, 0x00, 0x24, 0x00, 0x00, 0x00, 0x34, 0x00, 0x00, 0x00, 0x1C, 0x00, 0x00, 0x00,
  0x33, 0x00, 0x00, 0x00, 0x3D, 0x00, 0x04, 0x00, 0x06, 0x00, 0x00, 0x00, 0x35, 0x00, 0x00, 0x00,
  0x34, 0x00, 0x00, 0x00, 0x41, 0x00, 0x05, 0x00, 0x37, 0x00, 0x00, 0x00, 0x38, 0x00, 0x00, 0x00,
  0x0F, 0x00, 0x00, 0x00, 0x36, 0x00, 0x00, 0x00, 0x3D, 0x00, 0x04, 0x00, 0x06, 0x00, 0x00, 0x00,
  0x39, 0x00, 0x00, 0x00, 0x38, 0x00, 0x00, 0x00, 0x85, 0x00, 0x05, 0x00, 0x06, 0x00, 0x00, 0x00,
  0x3A, 0x00, 0x00, 0x00, 0x35, 0x00, 0x00, 0x00, 0x39, 0x00, 0x00, 0x00, 0x51, 0x00, 0x05, 0x00,
  0x06, 0x00, 0x00, 0x00, 0x3B, 0x00, 0x00, 0x00, 0x31, 0x00, 0x00, 0x00, 0x00, 0x00, 0x00, 0x00,
  0x51, 0x00, 0x05, 0x00, 0x06, 0x00, 0x00, 0x00, 0x3C, 0x00, 0x00, 0x00, 0x31, 0x00, 0x00, 0x00,
  0x01, 0x00, 0x00, 0x00, 0x51, 0x00, 0x05, 0x00, 0x06, 0x00, 0x00, 0x00, 0x3D, 0x00, 0x00, 0x00,
  0x31, 0x00, 0x00, 0x00, 0x02, 0x00, 0x00, 0x00, 0x50, 0x00, 0x07, 0x00, 0x1A, 0x00, 0x00, 0x00,
  0x3E, 0x00, 0x00, 0x00, 0x3B, 0x00, 0x00, 0x00, 0x3C, 0x00, 0x00, 0x00, 0x3D, 0x00, 0x00, 0x00,
  0x3A, 0x00, 0x00, 0x00, 0x3E, 0x00, 0x03, 0x00, 0x2F, 0x00, 0x00, 0x00, 0x3E, 0x00, 0x00, 0x00,
  0xFD, 0x00, 0x01, 0x00, 0x38, 0x00, 0x01, 0x00,
};

static const unsigned int g_present_fragSpvSize = 776;
static const unsigned char g_present_fragSpv[] = {
  0x03, 0x02, 0x23, 0x07, 0x00, 0x00, 0x01, 0x00, 0x0B, 0x00, 0x0D, 0x00, 0x1B, 0x00, 0x00, 0x00,
  0x00, 0x00, 0x00, 0x00, 0x11, 0x00, 0x02, 0x00, 0x01, 0x00, 0x00, 0x00, 0x0B, 0x00, 0x06, 0x00,
  0x01, 0x00, 0x00, 0x00, 0x47, 0x4C, 0x53, 0x4C, 0x2E, 0x73, 0x74, 0x64, 0x2E, 0x34, 0x35, 0x30,
  0x00, 0x00, 0x00, 0x00, 0x0E, 0x00, 0x03, 0x00, 0x00, 0x00, 0x00, 0x00, 0x01, 0x00, 0x00, 0x00,
  0x0F, 0x00, 0x07, 0x00, 0x04, 0x00, 0x00, 0x00, 0x04, 0x00, 0x00, 0x00, 0x6D, 0x61, 0x69, 0x6E,
  0x00, 0x00, 0x00, 0x00, 0x09, 0x00, 0x00, 0x00, 0x11, 0x00, 0x00, 0x00, 0x10, 0x00, 0x03, 0x00,
  0x04, 0x00, 0x00, 0x00, 0x07, 0x00, 0x00, 0x00, 0x03, 0x00, 0x03, 0x00, 0x02, 0x00, 0x00, 0x00,
  0xC2, 0x01, 0x00, 0x00, 0x04, 0x00, 0x0A, 0x00, 0x47, 0x4C, 0x5F, 0x47, 0x4F, 0x4F, 0x47, 0x4C,
  0x45, 0x5F, 0x63, 0x70, 0x70, 0x5F, 0x73, 0x74, 0x79, 0x6C, 0x65, 0x5F, 0x6C, 0x69, 0x6E, 0x65,
  0x5F, 0x64, 0x69, 0x72, 0x65, 0x63, 0x74, 0x69, 0x76, 0x65, 0x00, 0x00, 0x04, 0x00, 0x08, 0x00,
  0x47, 0x4C, 0x5F, 0x47, 0x4F, 0x4F, 0x47, 0x4C, 0x45, 0x5F, 0x69, 0x6E, 0x63, 0x6C, 0x75, 0x64,
  0x65, 0x5F, 0x64, 0x69, 0x72, 0x65, 0x63, 0x74, 0x69, 0x76, 0x65, 0x00, 0x05, 0x00, 0x04, 0x00,
  0x04, 0x00, 0x00, 0x00, 0x6D, 0x61, 0x69, 0x6E, 0x00, 0x00, 0x00, 0x00, 0x05, 0x00, 0x05, 0x00,
  0x09, 0x00, 0x00, 0x00, 0x46, 0x72, 0x61, 0x67, 0x43, 0x6F, 0x6C, 0x6F, 0x72, 0x00, 0x00, 0x00,
  0x05, 0x00, 0x04, 0x00, 0x0D, 0x00, 0x00, 0x00, 0x75, 0x54, 0x65, 0x78, 0x00, 0x00, 0x00, 0x00,
  0x05, 0x00, 0x03, 0x00, 0x11, 0x00, 0x00, 0x00, 0x76, 0x55, 0x56, 0x00, 0x47, 0x00, 0x04, 0x00,
  0x09, 0x00, 0x00, 0x00, 0x1E, 0x00, 0x00, 0x00, 0x00, 0x00, 0x00, 0x00, 0x47, 0x00, 0x04, 0x00,
  0x0D, 0x00, 0x00, 0x00, 0x21, 0x00, 0x00, 0x00, 0x00, 0x00, 0x00, 0x00, 0x47, 0x00, 0x04, 0x00,
  0x0D, 0x00, 0x00, 0x00, 0x22, 0x00, 0x00, 0x00, 0x02, 0x00, 0x00, 0x00, 0x47, 0x00, 0x04, 0x00,
  0x11, 0x00, 0x00, 0x00, 0x1E, 0x00, 0x00, 0x00, 0x00, 0x00, 0x00, 0x00, 0x13, 0x00, 0x02, 0x00,
  0x02, 0x00, 0x00, 0x00, 0x21, 0x00, 0x03, 0x00, 0x03, 0x00, 0x00, 0x00, 0x02, 0x00, 0x00, 0x00,
  0x16, 0x00, 0x03, 0x00, 0x06, 0x00, 0x00, 0x00, 0x20, 0x00, 0x00, 0x00, 0x17, 0x00, 0x04, 0x00,
  0x07, 0x00, 0x00, 0x00, 0x06, 0x00, 0x00, 0x00, 0x04, 0x00, 0x00, 0x00, 0x20, 0x00, 0x04, 0x00,
  0x08, 0x00, 0x00, 0x00, 0x03, 0x00, 0x00, 0x00, 0x07, 0x00, 0x00, 0x00, 0x3B, 0x00, 0x04, 0x00,
  0x08, 0x00, 0x00, 0x00, 0x09, 0x00, 0x00, 0x00, 0x03, 0x00, 0x00, 0x00, 0x19, 0x00, 0x09, 0x00,
  0x0A, 0x00, 0x00, 0x00, 0x06, 0x00, 0x00, 0x00, 0x01, 0x00, 0x00, 0x00, 0x00, 0x00, 0x00, 0x00,
  0x00, 0x00, 0x00, 0x00, 0x00, 0x00, 0x00, 0x00, 0x01, 0x00, 0x00, 0x00, 0x00, 0x00, 0x00, 0x00,
  0x1B, 0x00, 0x03, 0x00, 0x0B, 0x00, 0x00, 0x00, 0x0A, 0x00, 0x00, 0x00, 0x20, 0x00, 0x04, 0x00,
  0x0C, 0x00, 0x00, 0x00, 0x00, 0x00, 0x00, 0x00, 0x0B, 0x00, 0x00, 0x00, 0x3B, 0x00, 0x04, 0x00,
  0x0C, 0x00, 0x00, 0x00, 0x0D, 0x00, 0x00, 0x00, 0x00, 0x00, 0x00, 0x00, 0x17, 0x00, 0x04, 0x00,
  0x0F, 0x00, 0x00, 0x00, 0x06, 0x00, 0x00, 0x00, 0x02, 0x00, 0x00, 0x00, 0x20, 0x00, 0x04, 0x00,
  0x10, 0x00, 0x00, 0x00, 0x01, 0x00, 0x00, 0x00, 0x0F, 0x00, 0x00, 0x00, 0x3B, 0x00, 0x04, 0x00,
  0x10, 0x00, 0x00, 0x00, 0x11, 0x00, 0x00, 0x00, 0x01, 0x00, 0x00, 0x00, 0x17, 0x00, 0x04, 0x00,
  0x14, 0x00, 0x00, 0x00, 0x06, 0x00, 0x00, 0x00, 0x03, 0x00, 0x00, 0x00, 0x2B, 0x00, 0x04, 0x00,
  0x06, 0x00, 0x00, 0x00, 0x16, 0x00, 0x00, 0x00, 0x00, 0x00, 0x80, 0x3F, 0x36, 0x00, 0x05, 0x00,
  0x02, 0x00, 0x00, 0x00, 0x04, 0x00, 0x00, 0x00, 0x00, 0x00, 0x00, 0x00, 0x03, 0x00, 0x00, 0x00,
  0xF8, 0x00, 0x02, 0x00, 0x05, 0x00, 0x00, 0x00, 0x3D, 0x00, 0x04, 0x00, 0x0B, 0x00, 0x00, 0x00,
  0x0E, 0x00, 0x00, 0x00, 0x0D, 0x00, 0x00, 0x00, 0x3D, 0x00, 0x04, 0x00, 0x0F, 0x00, 0x00, 0x00,
  0x12, 0x00, 0x00, 0x00, 0x11, 0x00, 0x00, 0x00, 0x57, 0x00, 0x05, 0x00, 0x07, 0x00, 0x00, 0x00,
  0x13, 0x00, 0x00, 0x00, 0x0E, 0x00, 0x00, 0x00, 0x12, 0x00, 0x00, 0x00, 0x4F, 0x00, 0x08, 0x00,
  0x14, 0x00, 0x00, 0x00, 0x15, 0x00, 0x00, 0x00, 0x13, 0x00, 0x00, 0x00, 0x13, 0x00, 0x00, 0x00,
  0x00, 0x00, 0x00, 0x00, 0x01, 0x00, 0x00, 0x00, 0x02, 0x00, 0x00, 0x00, 0x51, 0x00, 0x05, 0x00,
  0x06, 0x00, 0x00, 0x00, 0x17, 0x00, 0x00, 0x00, 0x15, 0x00, 0x00, 0x00, 0x00, 0x00, 0x00, 0x00,
  0x51, 0x00, 0x05, 0x00, 0x06, 0x00, 0x00, 0x00, 0x18, 0x00, 0x00, 0x00, 0x15, 0x00, 0x00, 0x00,
  0x01, 0x00, 0x00, 0x00, 0x51, 0x00, 0x05, 0x00, 0x06, 0x00, 0x00, 0x00, 0x19, 0x00, 0x00, 0x00,
  0x15, 0x00, 0x00, 0x00, 0x02, 0x00, 0x00, 0x00, 0x50, 0x00, 0x07, 0x00, 0x07, 0x00, 0x00, 0x00,
  0x1A, 0x00, 0x00, 0x00, 0x17, 0x00, 0x00, 0x00, 0x18, 0x00, 0x00, 0x00, 0x19, 0x00, 0x00, 0x00,
  0x16, 0x00, 0x00, 0x00, 0x3E, 0x00, 0x03, 0x00, 0x09, 0x00, 0x00, 0x00, 0x1A, 0x00, 0x00, 0x00,
  0xFD, 0x00, 0x01, 0x00, 0x38, 0x00, 0x01, 0x00,
};

static const unsigned int g_ps_colorburn_fragSpvSize = 2248;
static const unsigned char g_ps_colorburn_fragSpv[] = {
  0x03, 0x02, 0x23, 0x07, 0x00, 0x00, 0x01, 0x00, 0x0B, 0x00, 0x0D, 0x00, 0x54, 0x00, 0x00, 0x00,
  0x00, 0x00, 0x00, 0x00, 0x11, 0x00, 0x02, 0x00, 0x01, 0x00, 0x00, 0x00, 0x0B, 0x00, 0x06, 0x00,
  0x01, 0x00, 0x00, 0x00, 0x47, 0x4C, 0x53, 0x4C, 0x2E, 0x73, 0x74, 0x64, 0x2E, 0x34, 0x35, 0x30,
  0x00, 0x00, 0x00, 0x00, 0x0E, 0x00, 0x03, 0x00, 0x00, 0x00, 0x00, 0x00, 0x01, 0x00, 0x00, 0x00,
  0x0F, 0x00, 0x07, 0x00, 0x04, 0x00, 0x00, 0x00, 0x04, 0x00, 0x00, 0x00, 0x6D, 0x61, 0x69, 0x6E,
  0x00, 0x00, 0x00, 0x00, 0x0B, 0x00, 0x00, 0x00, 0x3E, 0x00, 0x00, 0x00, 0x10, 0x00, 0x03, 0x00,
  0x04, 0x00, 0x00, 0x00, 0x07, 0x00, 0x00, 0x00, 0x03, 0x00, 0x03, 0x00, 0x02, 0x00, 0x00, 0x00,
  0xC2, 0x01, 0x00, 0x00, 0x04, 0x00, 0x0A, 0x00, 0x47, 0x4C, 0x5F, 0x47, 0x4F, 0x4F, 0x47, 0x4C,
  0x45, 0x5F, 0x63, 0x70, 0x70, 0x5F, 0x73, 0x74, 0x79, 0x6C, 0x65, 0x5F, 0x6C, 0x69, 0x6E, 0x65,
  0x5F, 0x64, 0x69, 0x72, 0x65, 0x63, 0x74, 0x69, 0x76, 0x65, 0x00, 0x00, 0x04, 0x00, 0x08, 0x00,
  0x47, 0x4C, 0x5F, 0x47, 0x4F, 0x4F, 0x47, 0x4C, 0x45, 0x5F, 0x69, 0x6E, 0x63, 0x6C, 0x75, 0x64,
  0x65, 0x5F, 0x64, 0x69, 0x72, 0x65, 0x63, 0x74, 0x69, 0x76, 0x65, 0x00, 0x05, 0x00, 0x04, 0x00,
  0x04, 0x00, 0x00, 0x00, 0x6D, 0x61, 0x69, 0x6E, 0x00, 0x00, 0x00, 0x00, 0x05, 0x00, 0x03, 0x00,
  0x09, 0x00, 0x00, 0x00, 0x75, 0x76, 0x00, 0x00, 0x05, 0x00, 0x03, 0x00, 0x0B, 0x00, 0x00, 0x00,
  0x76, 0x55, 0x56, 0x00, 0x05, 0x00, 0x05, 0x00, 0x0D, 0x00, 0x00, 0x00, 0x46, 0x72, 0x61, 0x67,
  0x50, 0x61, 0x72, 0x61, 0x6D, 0x73, 0x00, 0x00, 0x06, 0x00, 0x06, 0x00, 0x0D, 0x00, 0x00, 0x00,
  0x00, 0x00, 0x00, 0x00, 0x75, 0x76, 0x4F, 0x66, 0x66, 0x73, 0x65, 0x74, 0x00, 0x00, 0x00, 0x00,
  0x06, 0x00, 0x05, 0x00, 0x0D, 0x00, 0x00, 0x00, 0x01, 0x00, 0x00, 0x00, 0x75, 0x76, 0x53, 0x63,
  0x61, 0x6C, 0x65, 0x00, 0x06, 0x00, 0x05, 0x00, 0x0D, 0x00, 0x00, 0x00, 0x02, 0x00, 0x00, 0x00,
  0x6F, 0x70, 0x61, 0x63, 0x69, 0x74, 0x79, 0x00, 0x06, 0x00, 0x04, 0x00, 0x0D, 0x00, 0x00, 0x00,
  0x03, 0x00, 0x00, 0x00, 0x70, 0x61, 0x64, 0x00, 0x05, 0x00, 0x03, 0x00, 0x0F, 0x00, 0x00, 0x00,
  0x75, 0x50, 0x00, 0x00, 0x05, 0x00, 0x03, 0x00, 0x1C, 0x00, 0x00, 0x00, 0x73, 0x72, 0x63, 0x00,
  0x05, 0x00, 0x04, 0x00, 0x20, 0x00, 0x00, 0x00, 0x75, 0x53, 0x72, 0x63, 0x00, 0x00, 0x00, 0x00,
  0x05, 0x00, 0x03, 0x00, 0x24, 0x00, 0x00, 0x00, 0x64, 0x73, 0x74, 0x00, 0x05, 0x00, 0x04, 0x00,
  0x25, 0x00, 0x00, 0x00, 0x75, 0x44, 0x73, 0x74, 0x00, 0x00, 0x00, 0x00, 0x05, 0x00, 0x03, 0x00,
  0x2B, 0x00, 0x00, 0x00, 0x73, 0x00, 0x00, 0x00, 0x05, 0x00, 0x04, 0x00, 0x31, 0x00, 0x00, 0x00,
  0x72, 0x65, 0x73, 0x75, 0x6C, 0x74, 0x00, 0x00, 0x05, 0x00, 0x05, 0x00, 0x3E, 0x00, 0x00, 0x00,
  0x46, 0x72, 0x61, 0x67, 0x43, 0x6F, 0x6C, 0x6F, 0x72, 0x00, 0x00, 0x00, 0x47, 0x00, 0x04, 0x00,
  0x0B, 0x00, 0x00, 0x00, 0x1E, 0x00, 0x00, 0x00, 0x00, 0x00, 0x00, 0x00, 0x47, 0x00, 0x03, 0x00,
  0x0D, 0x00, 0x00, 0x00, 0x02, 0x00, 0x00, 0x00, 0x48, 0x00, 0x05, 0x00, 0x0D, 0x00, 0x00, 0x00,
  0x00, 0x00, 0x00, 0x00, 0x23, 0x00, 0x00, 0x00, 0x00, 0x00, 0x00, 0x00, 0x48, 0x00, 0x05, 0x00,
  0x0D, 0x00, 0x00, 0x00, 0x01, 0x00, 0x00, 0x00, 0x23, 0x00, 0x00, 0x00, 0x08, 0x00, 0x00, 0x00,
  0x48, 0x00, 0x05, 0x00, 0x0D, 0x00, 0x00, 0x00, 0x02, 0x00, 0x00, 0x00, 0x23, 0x00, 0x00, 0x00,
  0x10, 0x00, 0x00, 0x00, 0x48, 0x00, 0x05, 0x00, 0x0D, 0x00, 0x00, 0x00, 0x03, 0x00, 0x00, 0x00,
  0x23, 0x00, 0x00, 0x00, 0x14, 0x00, 0x00, 0x00, 0x47, 0x00, 0x04, 0x00, 0x0F, 0x00, 0x00, 0x00,
  0x21, 0x00, 0x00, 0x00, 0x00, 0x00, 0x00, 0x00, 0x47, 0x00, 0x04, 0x00, 0x0F, 0x00, 0x00, 0x00,
  0x22, 0x00, 0x00, 0x00, 0x03, 0x00, 0x00, 0x00, 0x47, 0x00, 0x04, 0x00, 0x20, 0x00, 0x00, 0x00,
  0x21, 0x00, 0x00, 0x00, 0x00, 0x00, 0x00, 0x00, 0x47, 0x00, 0x04, 0x00, 0x20, 0x00, 0x00, 0x00,
  0x22, 0x00, 0x00, 0x00, 0x02, 0x00, 0x00, 0x00, 0x47, 0x00, 0x04, 0x00, 0x25, 0x00, 0x00, 0x00,
  0x21, 0x00, 0x00, 0x00, 0x01, 0x00, 0x00, 0x00, 0x47, 0x00, 0x04, 0x00, 0x25, 0x00, 0x00, 0x00,
  0x22, 0x00, 0x00, 0x00, 0x02, 0x00, 0x00, 0x00, 0x47, 0x00, 0x04, 0x00, 0x3E, 0x00, 0x00, 0x00,
  0x1E, 0x00, 0x00, 0x00, 0x00, 0x00, 0x00, 0x00, 0x13, 0x00, 0x02, 0x00, 0x02, 0x00, 0x00, 0x00,
  0x21, 0x00, 0x03, 0x00, 0x03, 0x00, 0x00, 0x00, 0x02, 0x00, 0x00, 0x00, 0x16, 0x00, 0x03, 0x00,
  0x06, 0x00, 0x00, 0x00, 0x20, 0x00, 0x00, 0x00, 0x17, 0x00, 0x04, 0x00, 0x07, 0x00, 0x00, 0x00,
  0x06, 0x00, 0x00, 0x00, 0x02, 0x00, 0x00, 0x00, 0x20, 0x00, 0x04, 0x00, 0x08, 0x00, 0x00, 0x00,
  0x07, 0x00, 0x00, 0x00, 0x07, 0x00, 0x00, 0x00, 0x20, 0x00, 0x04, 0x00, 0x0A, 0x00, 0x00, 0x00,
  0x01, 0x00, 0x00, 0x00, 0x07, 0x00, 0x00, 0x00, 0x3B, 0x00, 0x04, 0x00, 0x0A, 0x00, 0x00, 0x00,
  0x0B, 0x00, 0x00, 0x00, 0x01, 0x00, 0x00, 0x00, 0x1E, 0x00, 0x06, 0x00, 0x0D, 0x00, 0x00, 0x00,
  0x07, 0x00, 0x00, 0x00, 0x07, 0x00, 0x00, 0x00, 0x06, 0x00, 0x00, 0x00, 0x06, 0x00, 0x00, 0x00,
  0x20, 0x00, 0x04, 0x00, 0x0E, 0x00, 0x00, 0x00, 0x02, 0x00, 0x00, 0x00, 0x0D, 0x00, 0x00, 0x00,
  0x3B, 0x00, 0x04, 0x00, 0x0E, 0x00, 0x00, 0x00, 0x0F, 0x00, 0x00, 0x00, 0x02, 0x00, 0x00, 0x00,
  0x15, 0x00, 0x04, 0x00, 0x10, 0x00, 0x00, 0x00, 0x20, 0x00, 0x00, 0x00, 0x01, 0x00, 0x00, 0x00,
  0x2B, 0x00, 0x04, 0x00, 0x10, 0x00, 0x00, 0x00, 0x11, 0x00, 0x00, 0x00, 0x01, 0x00, 0x00, 0x00,
  0x20, 0x00, 0x04, 0x00, 0x12, 0x00, 0x00, 0x00, 0x02, 0x00, 0x00, 0x00, 0x07, 0x00, 0x00, 0x00,
  0x2B, 0x00, 0x04, 0x00, 0x10, 0x00, 0x00, 0x00, 0x16, 0x00, 0x00, 0x00, 0x00, 0x00, 0x00, 0x00,
  0x17, 0x00, 0x04, 0x00, 0x1A, 0x00, 0x00, 0x00, 0x06, 0x00, 0x00, 0x00, 0x04, 0x00, 0x00, 0x00,
  0x20, 0x00, 0x04, 0x00, 0x1B, 0x00, 0x00, 0x00, 0x07, 0x00, 0x00, 0x00, 0x1A, 0x00, 0x00, 0x00,
  0x19, 0x00, 0x09, 0x00, 0x1D, 0x00, 0x00, 0x00, 0x06, 0x00, 0x00, 0x00, 0x01, 0x00, 0x00, 0x00,
  0x00, 0x00, 0x00, 0x00, 0x00, 0x00, 0x00, 0x00, 0x00, 0x00, 0x00, 0x00, 0x01, 0x00, 0x00, 0x00,
  0x00, 0x00, 0x00, 0x00, 0x1B, 0x00, 0x03, 0x00, 0x1E, 0x00, 0x00, 0x00, 0x1D, 0x00, 0x00, 0x00,
  0x20, 0x00, 0x04, 0x00, 0x1F, 0x00, 0x00, 0x00, 0x00, 0x00, 0x00, 0x00, 0x1E, 0x00, 0x00, 0x00,
  0x3B, 0x00, 0x04, 0x00, 0x1F, 0x00, 0x00, 0x00, 0x20, 0x00, 0x00, 0x00, 0x00, 0x00, 0x00, 0x00,
  0x3B, 0x00, 0x04, 0x00, 0x1F, 0x00, 0x00, 0x00, 0x25, 0x00, 0x00, 0x00, 0x00, 0x00, 0x00, 0x00,
  0x17, 0x00, 0x04, 0x00, 0x29, 0x00, 0x00, 0x00, 0x06, 0x00, 0x00, 0x00, 0x03, 0x00, 0x00, 0x00,
  0x20, 0x00, 0x04, 0x00, 0x2A, 0x00, 0x00, 0x00, 0x07, 0x00, 0x00, 0x00, 0x29, 0x00, 0x00, 0x00,
  0x2B, 0x00, 0x04, 0x00, 0x06, 0x00, 0x00, 0x00, 0x2E, 0x00, 0x00, 0x00, 0x6F, 0x12, 0x83, 0x3A,
  0x2B, 0x00, 0x04, 0x00, 0x06, 0x00, 0x00, 0x00, 0x32, 0x00, 0x00, 0x00, 0x00, 0x00, 0x80, 0x3F,
  0x20, 0x00, 0x04, 0x00, 0x3D, 0x00, 0x00, 0x00, 0x03, 0x00, 0x00, 0x00, 0x1A, 0x00, 0x00, 0x00,
  0x3B, 0x00, 0x04, 0x00, 0x3D, 0x00, 0x00, 0x00, 0x3E, 0x00, 0x00, 0x00, 0x03, 0x00, 0x00, 0x00,
  0x15, 0x00, 0x04, 0x00, 0x42, 0x00, 0x00, 0x00, 0x20, 0x00, 0x00, 0x00, 0x00, 0x00, 0x00, 0x00,
  0x2B, 0x00, 0x04, 0x00, 0x42, 0x00, 0x00, 0x00, 0x43, 0x00, 0x00, 0x00, 0x03, 0x00, 0x00, 0x00,
  0x20, 0x00, 0x04, 0x00, 0x44, 0x00, 0x00, 0x00, 0x07, 0x00, 0x00, 0x00, 0x06, 0x00, 0x00, 0x00,
  0x2B, 0x00, 0x04, 0x00, 0x10, 0x00, 0x00, 0x00, 0x47, 0x00, 0x00, 0x00, 0x02, 0x00, 0x00, 0x00,
  0x20, 0x00, 0x04, 0x00, 0x48, 0x00, 0x00, 0x00, 0x02, 0x00, 0x00, 0x00, 0x06, 0x00, 0x00, 0x00,
  0x36, 0x00, 0x05, 0x00, 0x02, 0x00, 0x00, 0x00, 0x04, 0x00, 0x00, 0x00, 0x00, 0x00, 0x00, 0x00,
  0x03, 0x00, 0x00, 0x00, 0xF8, 0x00, 0x02, 0x00, 0x05, 0x00, 0x00, 0x00, 0x3B, 0x00, 0x04, 0x00,
  0x08, 0x00, 0x00, 0x00, 0x09, 0x00, 0x00, 0x00, 0x07, 0x00, 0x00, 0x00, 0x3B, 0x00, 0x04, 0x00,
  0x1B, 0x00, 0x00, 0x00, 0x1C, 0x00, 0x00, 0x00, 0x07, 0x00, 0x00, 0x00, 0x3B, 0x00, 0x04, 0x00,
  0x1B, 0x00, 0x00, 0x00, 0x24, 0x00, 0x00, 0x00, 0x07, 0x00, 0x00, 0x00, 0x3B, 0x00, 0x04, 0x00,
  0x2A, 0x00, 0x00, 0x00, 0x2B, 0x00, 0x00, 0x00, 0x07, 0x00, 0x00, 0x00, 0x3B, 0x00, 0x04, 0x00,
  0x2A, 0x00, 0x00, 0x00, 0x31, 0x00, 0x00, 0x00, 0x07, 0x00, 0x00, 0x00, 0x3D, 0x00, 0x04, 0x00,
  0x07, 0x00, 0x00, 0x00, 0x0C, 0x00, 0x00, 0x00, 0x0B, 0x00, 0x00, 0x00, 0x41, 0x00, 0x05, 0x00,
  0x12, 0x00, 0x00, 0x00, 0x13, 0x00, 0x00, 0x00, 0x0F, 0x00, 0x00, 0x00, 0x11, 0x00, 0x00, 0x00,
  0x3D, 0x00, 0x04, 0x00, 0x07, 0x00, 0x00, 0x00, 0x14, 0x00, 0x00, 0x00, 0x13, 0x00, 0x00, 0x00,
  0x85, 0x00, 0x05, 0x00, 0x07, 0x00, 0x00, 0x00, 0x15, 0x00, 0x00, 0x00, 0x0C, 0x00, 0x00, 0x00,
  0x14, 0x00, 0x00, 0x00, 0x41, 0x00, 0x05, 0x00, 0x12, 0x00, 0x00, 0x00, 0x17, 0x00, 0x00, 0x00,
  0x0F, 0x00, 0x00, 0x00, 0x16, 0x00, 0x00, 0x00, 0x3D, 0x00, 0x04, 0x00, 0x07, 0x00, 0x00, 0x00,
  0x18, 0x00, 0x00, 0x00, 0x17, 0x00, 0x00, 0x00, 0x81, 0x00, 0x05, 0x00, 0x07, 0x00, 0x00, 0x00,
  0x19, 0x00, 0x00, 0x00, 0x15, 0x00, 0x00, 0x00, 0x18, 0x00, 0x00, 0x00, 0x3E, 0x00, 0x03, 0x00,
  0x09, 0x00, 0x00, 0x00, 0x19, 0x00, 0x00, 0x00, 0x3D, 0x00, 0x04, 0x00, 0x1E, 0x00, 0x00, 0x00,
  0x21, 0x00, 0x00, 0x00, 0x20, 0x00, 0x00, 0x00, 0x3D, 0x00, 0x04, 0x00, 0x07, 0x00, 0x00, 0x00,
  0x22, 0x00, 0x00, 0x00, 0x09, 0x00, 0x00, 0x00, 0x57, 0x00, 0x05, 0x00, 0x1A, 0x00, 0x00, 0x00,
  0x23, 0x00, 0x00, 0x00, 0x21, 0x00, 0x00, 0x00, 0x22, 0x00, 0x00, 0x00, 0x3E, 0x00, 0x03, 0x00,
  0x1C, 0x00, 0x00, 0x00, 0x23, 0x00, 0x00, 0x00, 0x3D, 0x00, 0x04, 0x00, 0x1E, 0x00, 0x00, 0x00,
  0x26, 0x00, 0x00, 0x00, 0x25, 0x00, 0x00, 0x00, 0x3D, 0x00, 0x04, 0x00, 0x07, 0x00, 0x00, 0x00,
  0x27, 0x00, 0x00, 0x00, 0x09, 0x00, 0x00, 0x00, 0x57, 0x00, 0x05, 0x00, 0x1A, 0x00, 0x00, 0x00,
  0x28, 0x00, 0x00, 0x00, 0x26, 0x00, 0x00, 0x00, 0x27, 0x00, 0x00, 0x00, 0x3E, 0x00, 0x03, 0x00,
  0x24, 0x00, 0x00, 0x00, 0x28, 0x00, 0x00, 0x00, 0x3D, 0x00, 0x04, 0x00, 0x1A, 0x00, 0x00, 0x00,
  0x2C, 0x00, 0x00, 0x00, 0x1C, 0x00, 0x00, 0x00, 0x4F, 0x00, 0x08, 0x00, 0x29, 0x00, 0x00, 0x00,
  0x2D, 0x00, 0x00, 0x00, 0x2C, 0x00, 0x00, 0x00, 0x2C, 0x00, 0x00, 0x00, 0x00, 0x00, 0x00, 0x00,
  0x01, 0x00, 0x00, 0x00, 0x02, 0x00, 0x00, 0x00, 0x50, 0x00, 0x06, 0x00, 0x29, 0x00, 0x00, 0x00,
  0x2F, 0x00, 0x00, 0x00, 0x2E, 0x00, 0x00, 0x00, 0x2E, 0x00, 0x00, 0x00, 0x2E, 0x00, 0x00, 0x00,
  0x81, 0x00, 0x05, 0x00, 0x29, 0x00, 0x00, 0x00, 0x30, 0x00, 0x00, 0x00, 0x2D, 0x00, 0x00, 0x00,
  0x2F, 0x00, 0x00, 0x00, 0x3E, 0x00, 0x03, 0x00, 0x2B, 0x00, 0x00, 0x00, 0x30, 0x00, 0x00, 0x00,
  0x3D, 0x00, 0x04, 0x00, 0x1A, 0x00, 0x00, 0x00, 0x33, 0x00, 0x00, 0x00, 0x24, 0x00, 0x00, 0x00,
  0x4F, 0x00, 0x08, 0x00, 0x29, 0x00, 0x00, 0x00, 0x34, 0x00, 0x00, 0x00, 0x33, 0x00, 0x00, 0x00,
  0x33, 0x00, 0x00, 0x00, 0x00, 0x00, 0x00, 0x00, 0x01, 0x00, 0x00, 0x00, 0x02, 0x00, 0x00, 0x00,
  0x50, 0x00, 0x06, 0x00, 0x29, 0x00, 0x00, 0x00, 0x35, 0x00, 0x00, 0x00, 0x32, 0x00, 0x00, 0x00,
  0x32, 0x00, 0x00, 0x00, 0x32, 0x00, 0x00, 0x00, 0x83, 0x00, 0x05, 0x00, 0x29, 0x00, 0x00, 0x00,
  0x36, 0x00, 0x00, 0x00, 0x35, 0x00, 0x00, 0x00, 0x34, 0x00, 0x00, 0x00, 0x3D, 0x00, 0x04, 0x00,
  0x29, 0x00, 0x00, 0x00, 0x37, 0x00, 0x00, 0x00, 0x2B, 0x00, 0x00, 0x00, 0x0C, 0x00, 0x07, 0x00,
  0x29, 0x00, 0x00, 0x00, 0x38, 0x00, 0x00, 0x00, 0x01, 0x00, 0x00, 0x00, 0x25, 0x00, 0x00, 0x00,
  0x36, 0x00, 0x00, 0x00, 0x37, 0x00, 0x00, 0x00, 0x3D, 0x00, 0x04, 0x00, 0x29, 0x00, 0x00, 0x00,
  0x39, 0x00, 0x00, 0x00, 0x2B, 0x00, 0x00, 0x00, 0x88, 0x00, 0x05, 0x00, 0x29, 0x00, 0x00, 0x00,
  0x3A, 0x00, 0x00, 0x00, 0x38, 0x00, 0x00, 0x00, 0x39, 0x00, 0x00, 0x00, 0x50, 0x00, 0x06, 0x00,
  0x29, 0x00, 0x00, 0x00, 0x3B, 0x00, 0x00, 0x00, 0x32, 0x00, 0x00, 0x00, 0x32, 0x00, 0x00, 0x00,
  0x32, 0x00, 0x00, 0x00, 0x83, 0x00, 0x05, 0x00, 0x29, 0x00, 0x00, 0x00, 0x3C, 0x00, 0x00, 0x00,
  0x3B, 0x00, 0x00, 0x00, 0x3A, 0x00, 0x00, 0x00, 0x3E, 0x00, 0x03, 0x00, 0x31, 0x00, 0x00, 0x00,
  0x3C, 0x00, 0x00, 0x00, 0x3D, 0x00, 0x04, 0x00, 0x1A, 0x00, 0x00, 0x00, 0x3F, 0x00, 0x00, 0x00,
  0x24, 0x00, 0x00, 0x00, 0x4F, 0x00, 0x08, 0x00, 0x29, 0x00, 0x00, 0x00, 0x40, 0x00, 0x00, 0x00,
  0x3F, 0x00, 0x00, 0x00, 0x3F, 0x00, 0x00, 0x00, 0x00, 0x00, 0x00, 0x00, 0x01, 0x00, 0x00, 0x00,
  0x02, 0x00, 0x00, 0x00, 0x3D, 0x00, 0x04, 0x00, 0x29, 0x00, 0x00, 0x00, 0x41, 0x00, 0x00, 0x00,
  0x31, 0x00, 0x00, 0x00, 0x41, 0x00, 0x05, 0x00, 0x44, 0x00, 0x00, 0x00, 0x45, 0x00, 0x00, 0x00,
  0x1C, 0x00, 0x00, 0x00, 0x43, 0x00, 0x00, 0x00, 0x3D, 0x00, 0x04, 0x00, 0x06, 0x00, 0x00, 0x00,
  0x46, 0x00, 0x00, 0x00, 0x45, 0x00, 0x00, 0x00, 0x41, 0x00, 0x05, 0x00, 0x48, 0x00, 0x00, 0x00,
  0x49, 0x00, 0x00, 0x00, 0x0F, 0x00, 0x00, 0x00, 0x47, 0x00, 0x00, 0x00, 0x3D, 0x00, 0x04, 0x00,
  0x06, 0x00, 0x00, 0x00, 0x4A, 0x00, 0x00, 0x00, 0x49, 0x00, 0x00, 0x00, 0x85, 0x00, 0x05, 0x00,
  0x06, 0x00, 0x00, 0x00, 0x4B, 0x00, 0x00, 0x00, 0x46, 0x00, 0x00, 0x00, 0x4A, 0x00, 0x00, 0x00,
  0x50, 0x00, 0x06, 0x00, 0x29, 0x00, 0x00, 0x00, 0x4C, 0x00, 0x00, 0x00, 0x4B, 0x00, 0x00, 0x00,
  0x4B, 0x00, 0x00, 0x00, 0x4B, 0x00, 0x00, 0x00, 0x0C, 0x00, 0x08, 0x00, 0x29, 0x00, 0x00, 0x00,
  0x4D, 0x00, 0x00, 0x00, 0x01, 0x00, 0x00, 0x00, 0x2E, 0x00, 0x00, 0x00, 0x40, 0x00, 0x00, 0x00,
  0x41, 0x00, 0x00, 0x00, 0x4C, 0x00, 0x00, 0x00, 0x41, 0x00, 0x05, 0x00, 0x44, 0x00, 0x00, 0x00,
  0x4E, 0x00, 0x00, 0x00, 0x24, 0x00, 0x00, 0x00, 0x43, 0x00, 0x00, 0x00, 0x3D, 0x00, 0x04, 0x00,
  0x06, 0x00, 0x00, 0x00, 0x4F, 0x00, 0x00, 0x00, 0x4E, 0x00, 0x00, 0x00, 0x51, 0x00, 0x05, 0x00,
  0x06, 0x00, 0x00, 0x00, 0x50, 0x00, 0x00, 0x00, 0x4D, 0x00, 0x00, 0x00, 0x00, 0x00, 0x00, 0x00,
  0x51, 0x00, 0x05, 0x00, 0x06, 0x00, 0x00, 0x00, 0x51, 0x00, 0x00, 0x00, 0x4D, 0x00, 0x00, 0x00,
  0x01, 0x00, 0x00, 0x00, 0x51, 0x00, 0x05, 0x00, 0x06, 0x00, 0x00, 0x00, 0x52, 0x00, 0x00, 0x00,
  0x4D, 0x00, 0x00, 0x00, 0x02, 0x00, 0x00, 0x00, 0x50, 0x00, 0x07, 0x00, 0x1A, 0x00, 0x00, 0x00,
  0x53, 0x00, 0x00, 0x00, 0x50, 0x00, 0x00, 0x00, 0x51, 0x00, 0x00, 0x00, 0x52, 0x00, 0x00, 0x00,
  0x4F, 0x00, 0x00, 0x00, 0x3E, 0x00, 0x03, 0x00, 0x3E, 0x00, 0x00, 0x00, 0x53, 0x00, 0x00, 0x00,
  0xFD, 0x00, 0x01, 0x00, 0x38, 0x00, 0x01, 0x00,
};

static const unsigned int g_ps_colordodge_fragSpvSize = 2236;
static const unsigned char g_ps_colordodge_fragSpv[] = {
  0x03, 0x02, 0x23, 0x07, 0x00, 0x00, 0x01, 0x00, 0x0B, 0x00, 0x0D, 0x00, 0x53, 0x00, 0x00, 0x00,
  0x00, 0x00, 0x00, 0x00, 0x11, 0x00, 0x02, 0x00, 0x01, 0x00, 0x00, 0x00, 0x0B, 0x00, 0x06, 0x00,
  0x01, 0x00, 0x00, 0x00, 0x47, 0x4C, 0x53, 0x4C, 0x2E, 0x73, 0x74, 0x64, 0x2E, 0x34, 0x35, 0x30,
  0x00, 0x00, 0x00, 0x00, 0x0E, 0x00, 0x03, 0x00, 0x00, 0x00, 0x00, 0x00, 0x01, 0x00, 0x00, 0x00,
  0x0F, 0x00, 0x07, 0x00, 0x04, 0x00, 0x00, 0x00, 0x04, 0x00, 0x00, 0x00, 0x6D, 0x61, 0x69, 0x6E,
  0x00, 0x00, 0x00, 0x00, 0x0B, 0x00, 0x00, 0x00, 0x3D, 0x00, 0x00, 0x00, 0x10, 0x00, 0x03, 0x00,
  0x04, 0x00, 0x00, 0x00, 0x07, 0x00, 0x00, 0x00, 0x03, 0x00, 0x03, 0x00, 0x02, 0x00, 0x00, 0x00,
  0xC2, 0x01, 0x00, 0x00, 0x04, 0x00, 0x0A, 0x00, 0x47, 0x4C, 0x5F, 0x47, 0x4F, 0x4F, 0x47, 0x4C,
  0x45, 0x5F, 0x63, 0x70, 0x70, 0x5F, 0x73, 0x74, 0x79, 0x6C, 0x65, 0x5F, 0x6C, 0x69, 0x6E, 0x65,
  0x5F, 0x64, 0x69, 0x72, 0x65, 0x63, 0x74, 0x69, 0x76, 0x65, 0x00, 0x00, 0x04, 0x00, 0x08, 0x00,
  0x47, 0x4C, 0x5F, 0x47, 0x4F, 0x4F, 0x47, 0x4C, 0x45, 0x5F, 0x69, 0x6E, 0x63, 0x6C, 0x75, 0x64,
  0x65, 0x5F, 0x64, 0x69, 0x72, 0x65, 0x63, 0x74, 0x69, 0x76, 0x65, 0x00, 0x05, 0x00, 0x04, 0x00,
  0x04, 0x00, 0x00, 0x00, 0x6D, 0x61, 0x69, 0x6E, 0x00, 0x00, 0x00, 0x00, 0x05, 0x00, 0x03, 0x00,
  0x09, 0x00, 0x00, 0x00, 0x75, 0x76, 0x00, 0x00, 0x05, 0x00, 0x03, 0x00, 0x0B, 0x00, 0x00, 0x00,
  0x76, 0x55, 0x56, 0x00, 0x05, 0x00, 0x05, 0x00, 0x0D, 0x00, 0x00, 0x00, 0x46, 0x72, 0x61, 0x67,
  0x50, 0x61, 0x72, 0x61, 0x6D, 0x73, 0x00, 0x00, 0x06, 0x00, 0x06, 0x00, 0x0D, 0x00, 0x00, 0x00,
  0x00, 0x00, 0x00, 0x00, 0x75, 0x76, 0x4F, 0x66, 0x66, 0x73, 0x65, 0x74, 0x00, 0x00, 0x00, 0x00,
  0x06, 0x00, 0x05, 0x00, 0x0D, 0x00, 0x00, 0x00, 0x01, 0x00, 0x00, 0x00, 0x75, 0x76, 0x53, 0x63,
  0x61, 0x6C, 0x65, 0x00, 0x06, 0x00, 0x05, 0x00, 0x0D, 0x00, 0x00, 0x00, 0x02, 0x00, 0x00, 0x00,
  0x6F, 0x70, 0x61, 0x63, 0x69, 0x74, 0x79, 0x00, 0x06, 0x00, 0x04, 0x00, 0x0D, 0x00, 0x00, 0x00,
  0x03, 0x00, 0x00, 0x00, 0x70, 0x61, 0x64, 0x00, 0x05, 0x00, 0x03, 0x00, 0x0F, 0x00, 0x00, 0x00,
  0x75, 0x50, 0x00, 0x00, 0x05, 0x00, 0x03, 0x00, 0x1C, 0x00, 0x00, 0x00, 0x73, 0x72, 0x63, 0x00,
  0x05, 0x00, 0x04, 0x00, 0x20, 0x00, 0x00, 0x00, 0x75, 0x53, 0x72, 0x63, 0x00, 0x00, 0x00, 0x00,
  0x05, 0x00, 0x03, 0x00, 0x24, 0x00, 0x00, 0x00, 0x64, 0x73, 0x74, 0x00, 0x05, 0x00, 0x04, 0x00,
  0x25, 0x00, 0x00, 0x00, 0x75, 0x44, 0x73, 0x74, 0x00, 0x00, 0x00, 0x00, 0x05, 0x00, 0x03, 0x00,
  0x2B, 0x00, 0x00, 0x00, 0x73, 0x00, 0x00, 0x00, 0x05, 0x00, 0x04, 0x00, 0x31, 0x00, 0x00, 0x00,
  0x72, 0x65, 0x73, 0x75, 0x6C, 0x74, 0x00, 0x00, 0x05, 0x00, 0x05, 0x00, 0x3D, 0x00, 0x00, 0x00,
  0x46, 0x72, 0x61, 0x67, 0x43, 0x6F, 0x6C, 0x6F, 0x72, 0x00, 0x00, 0x00, 0x47, 0x00, 0x04, 0x00,
  0x0B, 0x00, 0x00, 0x00, 0x1E, 0x00, 0x00, 0x00, 0x00, 0x00, 0x00, 0x00, 0x47, 0x00, 0x03, 0x00,
  0x0D, 0x00, 0x00, 0x00, 0x02, 0x00, 0x00, 0x00, 0x48, 0x00, 0x05, 0x00, 0x0D, 0x00, 0x00, 0x00,
  0x00, 0x00, 0x00, 0x00, 0x23, 0x00, 0x00, 0x00, 0x00, 0x00, 0x00, 0x00, 0x48, 0x00, 0x05, 0x00,
  0x0D, 0x00, 0x00, 0x00, 0x01, 0x00, 0x00, 0x00, 0x23, 0x00, 0x00, 0x00, 0x08, 0x00, 0x00, 0x00,
  0x48, 0x00, 0x05, 0x00, 0x0D, 0x00, 0x00, 0x00, 0x02, 0x00, 0x00, 0x00, 0x23, 0x00, 0x00, 0x00,
  0x10, 0x00, 0x00, 0x00, 0x48, 0x00, 0x05, 0x00, 0x0D, 0x00, 0x00, 0x00, 0x03, 0x00, 0x00, 0x00,
  0x23, 0x00, 0x00, 0x00, 0x14, 0x00, 0x00, 0x00, 0x47, 0x00, 0x04, 0x00, 0x0F, 0x00, 0x00, 0x00,
  0x21, 0x00, 0x00, 0x00, 0x00, 0x00, 0x00, 0x00, 0x47, 0x00, 0x04, 0x00, 0x0F, 0x00, 0x00, 0x00,
  0x22, 0x00, 0x00, 0x00, 0x03, 0x00, 0x00, 0x00, 0x47, 0x00, 0x04, 0x00, 0x20, 0x00, 0x00, 0x00,
  0x21, 0x00, 0x00, 0x00, 0x00, 0x00, 0x00, 0x00, 0x47, 0x00, 0x04, 0x00, 0x20, 0x00, 0x00, 0x00,
  0x22, 0x00, 0x00, 0x00, 0x02, 0x00, 0x00, 0x00, 0x47, 0x00, 0x04, 0x00, 0x25, 0x00, 0x00, 0x00,
  0x21, 0x00, 0x00, 0x00, 0x01, 0x00, 0x00, 0x00, 0x47, 0x00, 0x04, 0x00, 0x25, 0x00, 0x00, 0x00,
  0x22, 0x00, 0x00, 0x00, 0x02, 0x00, 0x00, 0x00, 0x47, 0x00, 0x04, 0x00, 0x3D, 0x00, 0x00, 0x00,
  0x1E, 0x00, 0x00, 0x00, 0x00, 0x00, 0x00, 0x00, 0x13, 0x00, 0x02, 0x00, 0x02, 0x00, 0x00, 0x00,
  0x21, 0x00, 0x03, 0x00, 0x03, 0x00, 0x00, 0x00, 0x02, 0x00, 0x00, 0x00, 0x16, 0x00, 0x03, 0x00,
  0x06, 0x00, 0x00, 0x00, 0x20, 0x00, 0x00, 0x00, 0x17, 0x00, 0x04, 0x00, 0x07, 0x00, 0x00, 0x00,
  0x06, 0x00, 0x00, 0x00, 0x02, 0x00, 0x00, 0x00, 0x20, 0x00, 0x04, 0x00, 0x08, 0x00, 0x00, 0x00,
  0x07, 0x00, 0x00, 0x00, 0x07, 0x00, 0x00, 0x00, 0x20, 0x00, 0x04, 0x00, 0x0A, 0x00, 0x00, 0x00,
  0x01, 0x00, 0x00, 0x00, 0x07, 0x00, 0x00, 0x00, 0x3B, 0x00, 0x04, 0x00, 0x0A, 0x00, 0x00, 0x00,
  0x0B, 0x00, 0x00, 0x00, 0x01, 0x00, 0x00, 0x00, 0x1E, 0x00, 0x06, 0x00, 0x0D, 0x00, 0x00, 0x00,
  0x07, 0x00, 0x00, 0x00, 0x07, 0x00, 0x00, 0x00, 0x06, 0x00, 0x00, 0x00, 0x06, 0x00, 0x00, 0x00,
  0x20, 0x00, 0x04, 0x00, 0x0E, 0x00, 0x00, 0x00, 0x02, 0x00, 0x00, 0x00, 0x0D, 0x00, 0x00, 0x00,
  0x3B, 0x00, 0x04, 0x00, 0x0E, 0x00, 0x00, 0x00, 0x0F, 0x00, 0x00, 0x00, 0x02, 0x00, 0x00, 0x00,
  0x15, 0x00, 0x04, 0x00, 0x10, 0x00, 0x00, 0x00, 0x20, 0x00, 0x00, 0x00, 0x01, 0x00, 0x00, 0x00,
  0x2B, 0x00, 0x04, 0x00, 0x10, 0x00, 0x00, 0x00, 0x11, 0x00, 0x00, 0x00, 0x01, 0x00, 0x00, 0x00,
  0x20, 0x00, 0x04, 0x00, 0x12, 0x00, 0x00, 0x00, 0x02, 0x00, 0x00, 0x00, 0x07, 0x00, 0x00, 0x00,
  0x2B, 0x00, 0x04, 0x00, 0x10, 0x00, 0x00, 0x00, 0x16, 0x00, 0x00, 0x00, 0x00, 0x00, 0x00, 0x00,
  0x17, 0x00, 0x04, 0x00, 0x1A, 0x00, 0x00, 0x00, 0x06, 0x00, 0x00, 0x00, 0x04, 0x00, 0x00, 0x00,
  0x20, 0x00, 0x04, 0x00, 0x1B, 0x00, 0x00, 0x00, 0x07, 0x00, 0x00, 0x00, 0x1A, 0x00, 0x00, 0x00,
  0x19, 0x00, 0x09, 0x00, 0x1D, 0x00, 0x00, 0x00, 0x06, 0x00, 0x00, 0x00, 0x01, 0x00, 0x00, 0x00,
  0x00, 0x00, 0x00, 0x00, 0x00, 0x00, 0x00, 0x00, 0x00, 0x00, 0x00, 0x00, 0x01, 0x00, 0x00, 0x00,
  0x00, 0x00, 0x00, 0x00, 0x1B, 0x00, 0x03, 0x00, 0x1E, 0x00, 0x00, 0x00, 0x1D, 0x00, 0x00, 0x00,
  0x20, 0x00, 0x04, 0x00, 0x1F, 0x00, 0x00, 0x00, 0x00, 0x00, 0x00, 0x00, 0x1E, 0x00, 0x00, 0x00,
  0x3B, 0x00, 0x04, 0x00, 0x1F, 0x00, 0x00, 0x00, 0x20, 0x00, 0x00, 0x00, 0x00, 0x00, 0x00, 0x00,
  0x3B, 0x00, 0x04, 0x00, 0x1F, 0x00, 0x00, 0x00, 0x25, 0x00, 0x00, 0x00, 0x00, 0x00, 0x00, 0x00,
  0x17, 0x00, 0x04, 0x00, 0x29, 0x00, 0x00, 0x00, 0x06, 0x00, 0x00, 0x00, 0x03, 0x00, 0x00, 0x00,
  0x20, 0x00, 0x04, 0x00, 0x2A, 0x00, 0x00, 0x00, 0x07, 0x00, 0x00, 0x00, 0x29, 0x00, 0x00, 0x00,
  0x2B, 0x00, 0x04, 0x00, 0x06, 0x00, 0x00, 0x00, 0x2E, 0x00, 0x00, 0x00, 0x6F, 0x12, 0x83, 0x3A,
  0x2B, 0x00, 0x04, 0x00, 0x06, 0x00, 0x00, 0x00, 0x34, 0x00, 0x00, 0x00, 0x00, 0x00, 0x80, 0x3F,
  0x20, 0x00, 0x04, 0x00, 0x3C, 0x00, 0x00, 0x00, 0x03, 0x00, 0x00, 0x00, 0x1A, 0x00, 0x00, 0x00,
  0x3B, 0x00, 0x04, 0x00, 0x3C, 0x00, 0x00, 0x00, 0x3D, 0x00, 0x00, 0x00, 0x03, 0x00, 0x00, 0x00,
  0x15, 0x00, 0x04, 0x00, 0x41, 0x00, 0x00, 0x00, 0x20, 0x00, 0x00, 0x00, 0x00, 0x00, 0x00, 0x00,
  0x2B, 0x00, 0x04, 0x00, 0x41, 0x00, 0x00, 0x00, 0x42, 0x00, 0x00, 0x00, 0x03, 0x00, 0x00, 0x00,
  0x20, 0x00, 0x04, 0x00, 0x43, 0x00, 0x00, 0x00, 0x07, 0x00, 0x00, 0x00, 0x06, 0x00, 0x00, 0x00,
  0x2B, 0x00, 0x04, 0x00, 0x10, 0x00, 0x00, 0x00, 0x46, 0x00, 0x00, 0x00, 0x02, 0x00, 0x00, 0x00,
  0x20, 0x00, 0x04, 0x00, 0x47, 0x00, 0x00, 0x00, 0x02, 0x00, 0x00, 0x00, 0x06, 0x00, 0x00, 0x00,
  0x36, 0x00, 0x05, 0x00, 0x02, 0x00, 0x00, 0x00, 0x04, 0x00, 0x00, 0x00, 0x00, 0x00, 0x00, 0x00,
  0x03, 0x00, 0x00, 0x00, 0xF8, 0x00, 0x02, 0x00, 0x05, 0x00, 0x00, 0x00, 0x3B, 0x00, 0x04, 0x00,
  0x08, 0x00, 0x00, 0x00, 0x09, 0x00, 0x00, 0x00, 0x07, 0x00, 0x00, 0x00, 0x3B, 0x00, 0x04, 0x00,
  0x1B, 0x00, 0x00, 0x00, 0x1C, 0x00, 0x00, 0x00, 0x07, 0x00, 0x00, 0x00, 0x3B, 0x00, 0x04, 0x00,
  0x1B, 0x00, 0x00, 0x00, 0x24, 0x00, 0x00, 0x00, 0x07, 0x00, 0x00, 0x00, 0x3B, 0x00, 0x04, 0x00,
  0x2A, 0x00, 0x00, 0x00, 0x2B, 0x00, 0x00, 0x00, 0x07, 0x00, 0x00, 0x00, 0x3B, 0x00, 0x04, 0x00,
  0x2A, 0x00, 0x00, 0x00, 0x31, 0x00, 0x00, 0x00, 0x07, 0x00, 0x00, 0x00, 0x3D, 0x00, 0x04, 0x00,
  0x07, 0x00, 0x00, 0x00, 0x0C, 0x00, 0x00, 0x00, 0x0B, 0x00, 0x00, 0x00, 0x41, 0x00, 0x05, 0x00,
  0x12, 0x00, 0x00, 0x00, 0x13, 0x00, 0x00, 0x00, 0x0F, 0x00, 0x00, 0x00, 0x11, 0x00, 0x00, 0x00,
  0x3D, 0x00, 0x04, 0x00, 0x07, 0x00, 0x00, 0x00, 0x14, 0x00, 0x00, 0x00, 0x13, 0x00, 0x00, 0x00,
  0x85, 0x00, 0x05, 0x00, 0x07, 0x00, 0x00, 0x00, 0x15, 0x00, 0x00, 0x00, 0x0C, 0x00, 0x00, 0x00,
  0x14, 0x00, 0x00, 0x00, 0x41, 0x00, 0x05, 0x00, 0x12, 0x00, 0x00, 0x00, 0x17, 0x00, 0x00, 0x00,
  0x0F, 0x00, 0x00, 0x00, 0x16, 0x00, 0x00, 0x00, 0x3D, 0x00, 0x04, 0x00, 0x07, 0x00, 0x00, 0x00,
  0x18, 0x00, 0x00, 0x00, 0x17, 0x00, 0x00, 0x00, 0x81, 0x00, 0x05, 0x00, 0x07, 0x00, 0x00, 0x00,
  0x19, 0x00, 0x00, 0x00, 0x15, 0x00, 0x00, 0x00, 0x18, 0x00, 0x00, 0x00, 0x3E, 0x00, 0x03, 0x00,
  0x09, 0x00, 0x00, 0x00, 0x19, 0x00, 0x00, 0x00, 0x3D, 0x00, 0x04, 0x00, 0x1E, 0x00, 0x00, 0x00,
  0x21, 0x00, 0x00, 0x00, 0x20, 0x00, 0x00, 0x00, 0x3D, 0x00, 0x04, 0x00, 0x07, 0x00, 0x00, 0x00,
  0x22, 0x00, 0x00, 0x00, 0x09, 0x00, 0x00, 0x00, 0x57, 0x00, 0x05, 0x00, 0x1A, 0x00, 0x00, 0x00,
  0x23, 0x00, 0x00, 0x00, 0x21, 0x00, 0x00, 0x00, 0x22, 0x00, 0x00, 0x00, 0x3E, 0x00, 0x03, 0x00,
  0x1C, 0x00, 0x00, 0x00, 0x23, 0x00, 0x00, 0x00, 0x3D, 0x00, 0x04, 0x00, 0x1E, 0x00, 0x00, 0x00,
  0x26, 0x00, 0x00, 0x00, 0x25, 0x00, 0x00, 0x00, 0x3D, 0x00, 0x04, 0x00, 0x07, 0x00, 0x00, 0x00,
  0x27, 0x00, 0x00, 0x00, 0x09, 0x00, 0x00, 0x00, 0x57, 0x00, 0x05, 0x00, 0x1A, 0x00, 0x00, 0x00,
  0x28, 0x00, 0x00, 0x00, 0x26, 0x00, 0x00, 0x00, 0x27, 0x00, 0x00, 0x00, 0x3E, 0x00, 0x03, 0x00,
  0x24, 0x00, 0x00, 0x00, 0x28, 0x00, 0x00, 0x00, 0x3D, 0x00, 0x04, 0x00, 0x1A, 0x00, 0x00, 0x00,
  0x2C, 0x00, 0x00, 0x00, 0x1C, 0x00, 0x00, 0x00, 0x4F, 0x00, 0x08, 0x00, 0x29, 0x00, 0x00, 0x00,
  0x2D, 0x00, 0x00, 0x00, 0x2C, 0x00, 0x00, 0x00, 0x2C, 0x00, 0x00, 0x00, 0x00, 0x00, 0x00, 0x00,
  0x01, 0x00, 0x00, 0x00, 0x02, 0x00, 0x00, 0x00, 0x50, 0x00, 0x06, 0x00, 0x29, 0x00, 0x00, 0x00,
  0x2F, 0x00, 0x00, 0x00, 0x2E, 0x00, 0x00, 0x00, 0x2E, 0x00, 0x00, 0x00, 0x2E, 0x00, 0x00, 0x00,
  0x83, 0x00, 0x05, 0x00, 0x29, 0x00, 0x00, 0x00, 0x30, 0x00, 0x00, 0x00, 0x2D, 0x00, 0x00, 0x00,
  0x2F, 0x00, 0x00, 0x00, 0x3E, 0x00, 0x03, 0x00, 0x2B, 0x00, 0x00, 0x00, 0x30, 0x00, 0x00, 0x00,
  0x3D, 0x00, 0x04, 0x00, 0x1A, 0x00, 0x00, 0x00, 0x32, 0x00, 0x00, 0x00, 0x24, 0x00, 0x00, 0x00,
  0x4F, 0x00, 0x08, 0x00, 0x29, 0x00, 0x00, 0x00, 0x33, 0x00, 0x00, 0x00, 0x32, 0x00, 0x00, 0x00,
  0x32, 0x00, 0x00, 0x00, 0x00, 0x00, 0x00, 0x00, 0x01, 0x00, 0x00, 0x00, 0x02, 0x00, 0x00, 0x00,
  0x3D, 0x00, 0x04, 0x00, 0x29, 0x00, 0x00, 0x00, 0x35, 0x00, 0x00, 0x00, 0x2B, 0x00, 0x00, 0x00,
  0x50, 0x00, 0x06, 0x00, 0x29, 0x00, 0x00, 0x00, 0x36, 0x00, 0x00, 0x00, 0x34, 0x00, 0x00, 0x00,
  0x34, 0x00, 0x00, 0x00, 0x34, 0x00, 0x00, 0x00, 0x83, 0x00, 0x05, 0x00, 0x29, 0x00, 0x00, 0x00,
  0x37, 0x00, 0x00, 0x00, 0x36, 0x00, 0x00, 0x00, 0x35, 0x00, 0x00, 0x00, 0x3D, 0x00, 0x04, 0x00,
  0x1A, 0x00, 0x00, 0x00, 0x38, 0x00, 0x00, 0x00, 0x24, 0x00, 0x00, 0x00, 0x4F, 0x00, 0x08, 0x00,
  0x29, 0x00, 0x00, 0x00, 0x39, 0x00, 0x00, 0x00, 0x38, 0x00, 0x00, 0x00, 0x38, 0x00, 0x00, 0x00,
  0x00, 0x00, 0x00, 0x00, 0x01, 0x00, 0x00, 0x00, 0x02, 0x00, 0x00, 0x00, 0x0C, 0x00, 0x07, 0x00,
  0x29, 0x00, 0x00, 0x00, 0x3A, 0x00, 0x00, 0x00, 0x01, 0x00, 0x00, 0x00, 0x28, 0x00, 0x00, 0x00,
  0x37, 0x00, 0x00, 0x00, 0x39, 0x00, 0x00, 0x00, 0x88, 0x00, 0x05, 0x00, 0x29, 0x00, 0x00, 0x00,
  0x3B, 0x00, 0x00, 0x00, 0x33, 0x00, 0x00, 0x00, 0x3A, 0x00, 0x00, 0x00, 0x3E, 0x00, 0x03, 0x00,
  0x31, 0x00, 0x00, 0x00, 0x3B, 0x00, 0x00, 0x00, 0x3D, 0x00, 0x04, 0x00, 0x1A, 0x00, 0x00, 0x00,
  0x3E, 0x00, 0x00, 0x00, 0x24, 0x00, 0x00, 0x00, 0x4F, 0x00, 0x08, 0x00, 0x29, 0x00, 0x00, 0x00,
  0x3F, 0x00, 0x00, 0x00, 0x3E, 0x00, 0x00, 0x00, 0x3E, 0x00, 0x00, 0x00, 0x00, 0x00, 0x00, 0x00,
  0x01, 0x00, 0x00, 0x00, 0x02, 0x00, 0x00, 0x00, 0x3D, 0x00, 0x04, 0x00, 0x29, 0x00, 0x00, 0x00,
  0x40, 0x00, 0x00, 0x00, 0x31, 0x00, 0x00, 0x00, 0x41, 0x00, 0x05, 0x00, 0x43, 0x00, 0x00, 0x00,
  0x44, 0x00, 0x00, 0x00, 0x1C, 0x00, 0x00, 0x00, 0x42, 0x00, 0x00, 0x00, 0x3D, 0x00, 0x04, 0x00,
  0x06, 0x00, 0x00, 0x00, 0x45, 0x00, 0x00, 0x00, 0x44, 0x00, 0x00, 0x00, 0x41, 0x00, 0x05, 0x00,
  0x47, 0x00, 0x00, 0x00, 0x48, 0x00, 0x00, 0x00, 0x0F, 0x00, 0x00, 0x00, 0x46, 0x00, 0x00, 0x00,
  0x3D, 0x00, 0x04, 0x00, 0x06, 0x00, 0x00, 0x00, 0x49, 0x00, 0x00, 0x00, 0x48, 0x00, 0x00, 0x00,
  0x85, 0x00, 0x05, 0x00, 0x06, 0x00, 0x00, 0x00, 0x4A, 0x00, 0x00, 0x00, 0x45, 0x00, 0x00, 0x00,
  0x49, 0x00, 0x00, 0x00, 0x50, 0x00, 0x06, 0x00, 0x29, 0x00, 0x00, 0x00, 0x4B, 0x00, 0x00, 0x00,
  0x4A, 0x00, 0x00, 0x00, 0x4A, 0x00, 0x00, 0x00, 0x4A, 0x00, 0x00, 0x00, 0x0C, 0x00, 0x08, 0x00,
  0x29, 0x00, 0x00, 0x00, 0x4C, 0x00, 0x00, 0x00, 0x01, 0x00, 0x00, 0x00, 0x2E, 0x00, 0x00, 0x00,
  0x3F, 0x00, 0x00, 0x00, 0x40, 0x00, 0x00, 0x00, 0x4B, 0x00, 0x00, 0x00, 0x41, 0x00, 0x05, 0x00,
  0x43, 0x00, 0x00, 0x00, 0x4D, 0x00, 0x00, 0x00, 0x24, 0x00, 0x00, 0x00, 0x42, 0x00, 0x00, 0x00,
  0x3D, 0x00, 0x04, 0x00, 0x06, 0x00, 0x00, 0x00, 0x4E, 0x00, 0x00, 0x00, 0x4D, 0x00, 0x00, 0x00,
  0x51, 0x00, 0x05, 0x00, 0x06, 0x00, 0x00, 0x00, 0x4F, 0x00, 0x00, 0x00, 0x4C, 0x00, 0x00, 0x00,
  0x00, 0x00, 0x00, 0x00, 0x51, 0x00, 0x05, 0x00, 0x06, 0x00, 0x00, 0x00, 0x50, 0x00, 0x00, 0x00,
  0x4C, 0x00, 0x00, 0x00, 0x01, 0x00, 0x00, 0x00, 0x51, 0x00, 0x05, 0x00, 0x06, 0x00, 0x00, 0x00,
  0x51, 0x00, 0x00, 0x00, 0x4C, 0x00, 0x00, 0x00, 0x02, 0x00, 0x00, 0x00, 0x50, 0x00, 0x07, 0x00,
  0x1A, 0x00, 0x00, 0x00, 0x52, 0x00, 0x00, 0x00, 0x4F, 0x00, 0x00, 0x00, 0x50, 0x00, 0x00, 0x00,
  0x51, 0x00, 0x00, 0x00, 0x4E, 0x00, 0x00, 0x00, 0x3E, 0x00, 0x03, 0x00, 0x3D, 0x00, 0x00, 0x00,
  0x52, 0x00, 0x00, 0x00, 0xFD, 0x00, 0x01, 0x00, 0x38, 0x00, 0x01, 0x00,
};

static const unsigned int g_ps_darken_fragSpvSize = 1992;
static const unsigned char g_ps_darken_fragSpv[] = {
  0x03, 0x02, 0x23, 0x07, 0x00, 0x00, 0x01, 0x00, 0x0B, 0x00, 0x0D, 0x00, 0x48, 0x00, 0x00, 0x00,
  0x00, 0x00, 0x00, 0x00, 0x11, 0x00, 0x02, 0x00, 0x01, 0x00, 0x00, 0x00, 0x0B, 0x00, 0x06, 0x00,
  0x01, 0x00, 0x00, 0x00, 0x47, 0x4C, 0x53, 0x4C, 0x2E, 0x73, 0x74, 0x64, 0x2E, 0x34, 0x35, 0x30,
  0x00, 0x00, 0x00, 0x00, 0x0E, 0x00, 0x03, 0x00, 0x00, 0x00, 0x00, 0x00, 0x01, 0x00, 0x00, 0x00,
  0x0F, 0x00, 0x07, 0x00, 0x04, 0x00, 0x00, 0x00, 0x04, 0x00, 0x00, 0x00, 0x6D, 0x61, 0x69, 0x6E,
  0x00, 0x00, 0x00, 0x00, 0x0B, 0x00, 0x00, 0x00, 0x32, 0x00, 0x00, 0x00, 0x10, 0x00, 0x03, 0x00,
  0x04, 0x00, 0x00, 0x00, 0x07, 0x00, 0x00, 0x00, 0x03, 0x00, 0x03, 0x00, 0x02, 0x00, 0x00, 0x00,
  0xC2, 0x01, 0x00, 0x00, 0x04, 0x00, 0x0A, 0x00, 0x47, 0x4C, 0x5F, 0x47, 0x4F, 0x4F, 0x47, 0x4C,
  0x45, 0x5F, 0x63, 0x70, 0x70, 0x5F, 0x73, 0x74, 0x79, 0x6C, 0x65, 0x5F, 0x6C, 0x69, 0x6E, 0x65,
  0x5F, 0x64, 0x69, 0x72, 0x65, 0x63, 0x74, 0x69, 0x76, 0x65, 0x00, 0x00, 0x04, 0x00, 0x08, 0x00,
  0x47, 0x4C, 0x5F, 0x47, 0x4F, 0x4F, 0x47, 0x4C, 0x45, 0x5F, 0x69, 0x6E, 0x63, 0x6C, 0x75, 0x64,
  0x65, 0x5F, 0x64, 0x69, 0x72, 0x65, 0x63, 0x74, 0x69, 0x76, 0x65, 0x00, 0x05, 0x00, 0x04, 0x00,
  0x04, 0x00, 0x00, 0x00, 0x6D, 0x61, 0x69, 0x6E, 0x00, 0x00, 0x00, 0x00, 0x05, 0x00, 0x03, 0x00,
  0x09, 0x00, 0x00, 0x00, 0x75, 0x76, 0x00, 0x00, 0x05, 0x00, 0x03, 0x00, 0x0B, 0x00, 0x00, 0x00,
  0x76, 0x55, 0x56, 0x00, 0x05, 0x00, 0x05, 0x00, 0x0D, 0x00, 0x00, 0x00, 0x46, 0x72, 0x61, 0x67,
  0x50, 0x61, 0x72, 0x61, 0x6D, 0x73, 0x00, 0x00, 0x06, 0x00, 0x06, 0x00, 0x0D, 0x00, 0x00, 0x00,
  0x00, 0x00, 0x00, 0x00, 0x75, 0x76, 0x4F, 0x66, 0x66, 0x73, 0x65, 0x74, 0x00, 0x00, 0x00, 0x00,
  0x06, 0x00, 0x05, 0x00, 0x0D, 0x00, 0x00, 0x00, 0x01, 0x00, 0x00, 0x00, 0x75, 0x76, 0x53, 0x63,
  0x61, 0x6C, 0x65, 0x00, 0x06, 0x00, 0x05, 0x00, 0x0D, 0x00, 0x00, 0x00, 0x02, 0x00, 0x00, 0x00,
  0x6F, 0x70, 0x61, 0x63, 0x69, 0x74, 0x79, 0x00, 0x06, 0x00, 0x04, 0x00, 0x0D, 0x00, 0x00, 0x00,
  0x03, 0x00, 0x00, 0x00, 0x70, 0x61, 0x64, 0x00, 0x05, 0x00, 0x03, 0x00, 0x0F, 0x00, 0x00, 0x00,
  0x75, 0x50, 0x00, 0x00, 0x05, 0x00, 0x03, 0x00, 0x1C, 0x00, 0x00, 0x00, 0x73, 0x72, 0x63, 0x00,
  0x05, 0x00, 0x04, 0x00, 0x20, 0x00, 0x00, 0x00, 0x75, 0x53, 0x72, 0x63, 0x00, 0x00, 0x00, 0x00,
  0x05, 0x00, 0x03, 0x00, 0x24, 0x00, 0x00, 0x00, 0x64, 0x73, 0x74, 0x00, 0x05, 0x00, 0x04, 0x00,
  0x25, 0x00, 0x00, 0x00, 0x75, 0x44, 0x73, 0x74, 0x00, 0x00, 0x00, 0x00, 0x05, 0x00, 0x04, 0x00,
  0x2B, 0x00, 0x00, 0x00, 0x72, 0x65, 0x73, 0x75, 0x6C, 0x74, 0x00, 0x00, 0x05, 0x00, 0x05, 0x00,
  0x32, 0x00, 0x00, 0x00, 0x46, 0x72, 0x61, 0x67, 0x43, 0x6F, 0x6C, 0x6F, 0x72, 0x00, 0x00, 0x00,
  0x47, 0x00, 0x04, 0x00, 0x0B, 0x00, 0x00, 0x00, 0x1E, 0x00, 0x00, 0x00, 0x00, 0x00, 0x00, 0x00,
  0x47, 0x00, 0x03, 0x00, 0x0D, 0x00, 0x00, 0x00, 0x02, 0x00, 0x00, 0x00, 0x48, 0x00, 0x05, 0x00,
  0x0D, 0x00, 0x00, 0x00, 0x00, 0x00, 0x00, 0x00, 0x23, 0x00, 0x00, 0x00, 0x00, 0x00, 0x00, 0x00,
  0x48, 0x00, 0x05, 0x00, 0x0D, 0x00, 0x00, 0x00, 0x01, 0x00, 0x00, 0x00, 0x23, 0x00, 0x00, 0x00,
  0x08, 0x00, 0x00, 0x00, 0x48, 0x00, 0x05, 0x00, 0x0D, 0x00, 0x00, 0x00, 0x02, 0x00, 0x00, 0x00,
  0x23, 0x00, 0x00, 0x00, 0x10, 0x00, 0x00, 0x00, 0x48, 0x00, 0x05, 0x00, 0x0D, 0x00, 0x00, 0x00,
  0x03, 0x00, 0x00, 0x00, 0x23, 0x00, 0x00, 0x00, 0x14, 0x00, 0x00, 0x00, 0x47, 0x00, 0x04, 0x00,
  0x0F, 0x00, 0x00, 0x00, 0x21, 0x00, 0x00, 0x00, 0x00, 0x00, 0x00, 0x00, 0x47, 0x00, 0x04, 0x00,
  0x0F, 0x00, 0x00, 0x00, 0x22, 0x00, 0x00, 0x00, 0x03, 0x00, 0x00, 0x00, 0x47, 0x00, 0x04, 0x00,
  0x20, 0x00, 0x00, 0x00, 0x21, 0x00, 0x00, 0x00, 0x00, 0x00, 0x00, 0x00, 0x47, 0x00, 0x04, 0x00,
  0x20, 0x00, 0x00, 0x00, 0x22, 0x00, 0x00, 0x00, 0x02, 0x00, 0x00, 0x00, 0x47, 0x00, 0x04, 0x00,
  0x25, 0x00, 0x00, 0x00, 0x21, 0x00, 0x00, 0x00, 0x01, 0x00, 0x00, 0x00, 0x47, 0x00, 0x04, 0x00,
  0x25, 0x00, 0x00, 0x00, 0x22, 0x00, 0x00, 0x00, 0x02, 0x00, 0x00, 0x00, 0x47, 0x00, 0x04, 0x00,
  0x32, 0x00, 0x00, 0x00, 0x1E, 0x00, 0x00, 0x00, 0x00, 0x00, 0x00, 0x00, 0x13, 0x00, 0x02, 0x00,
  0x02, 0x00, 0x00, 0x00, 0x21, 0x00, 0x03, 0x00, 0x03, 0x00, 0x00, 0x00, 0x02, 0x00, 0x00, 0x00,
  0x16, 0x00, 0x03, 0x00, 0x06, 0x00, 0x00, 0x00, 0x20, 0x00, 0x00, 0x00, 0x17, 0x00, 0x04, 0x00,
  0x07, 0x00, 0x00, 0x00, 0x06, 0x00, 0x00, 0x00, 0x02, 0x00, 0x00, 0x00, 0x20, 0x00, 0x04, 0x00,
  0x08, 0x00, 0x00, 0x00, 0x07, 0x00, 0x00, 0x00, 0x07, 0x00, 0x00, 0x00, 0x20, 0x00, 0x04, 0x00,
  0x0A, 0x00, 0x00, 0x00, 0x01, 0x00, 0x00, 0x00, 0x07, 0x00, 0x00, 0x00, 0x3B, 0x00, 0x04, 0x00,
  0x0A, 0x00, 0x00, 0x00, 0x0B, 0x00, 0x00, 0x00, 0x01, 0x00, 0x00, 0x00, 0x1E, 0x00, 0x06, 0x00,
  0x0D, 0x00, 0x00, 0x00, 0x07, 0x00, 0x00, 0x00, 0x07, 0x00, 0x00, 0x00, 0x06, 0x00, 0x00, 0x00,
  0x06, 0x00, 0x00, 0x00, 0x20, 0x00, 0x04, 0x00, 0x0E, 0x00, 0x00, 0x00, 0x02, 0x00, 0x00, 0x00,
  0x0D, 0x00, 0x00, 0x00, 0x3B, 0x00, 0x04, 0x00, 0x0E, 0x00, 0x00, 0x00, 0x0F, 0x00, 0x00, 0x00,
  0x02, 0x00, 0x00, 0x00, 0x15, 0x00, 0x04, 0x00, 0x10, 0x00, 0x00, 0x00, 0x20, 0x00, 0x00, 0x00,
  0x01, 0x00, 0x00, 0x00, 0x2B, 0x00, 0x04, 0x00, 0x10, 0x00, 0x00, 0x00, 0x11, 0x00, 0x00, 0x00,
  0x01, 0x00, 0x00, 0x00, 0x20, 0x00, 0x04, 0x00, 0x12, 0x00, 0x00, 0x00, 0x02, 0x00, 0x00, 0x00,
  0x07, 0x00, 0x00, 0x00, 0x2B, 0x00, 0x04, 0x00, 0x10, 0x00, 0x00, 0x00, 0x16, 0x00, 0x00, 0x00,
  0x00, 0x00, 0x00, 0x00, 0x17, 0x00, 0x04, 0x00, 0x1A, 0x00, 0x00, 0x00, 0x06, 0x00, 0x00, 0x00,
  0x04, 0x00, 0x00, 0x00, 0x20, 0x00, 0x04, 0x00, 0x1B, 0x00, 0x00, 0x00, 0x07, 0x00, 0x00, 0x00,
  0x1A, 0x00, 0x00, 0x00, 0x19, 0x00, 0x09, 0x00, 0x1D, 0x00, 0x00, 0x00, 0x06, 0x00, 0x00, 0x00,
  0x01, 0x00, 0x00, 0x00, 0x00, 0x00, 0x00, 0x00, 0x00, 0x00, 0x00, 0x00, 0x00, 0x00, 0x00, 0x00,
  0x01, 0x00, 0x00, 0x00, 0x00, 0x00, 0x00, 0x00, 0x1B, 0x00, 0x03, 0x00, 0x1E, 0x00, 0x00, 0x00,
  0x1D, 0x00, 0x00, 0x00, 0x20, 0x00, 0x04, 0x00, 0x1F, 0x00, 0x00, 0x00, 0x00, 0x00, 0x00, 0x00,
  0x1E, 0x00, 0x00, 0x00, 0x3B, 0x00, 0x04, 0x00, 0x1F, 0x00, 0x00, 0x00, 0x20, 0x00, 0x00, 0x00,
  0x00, 0x00, 0x00, 0x00, 0x3B, 0x00, 0x04, 0x00, 0x1F, 0x00, 0x00, 0x00, 0x25, 0x00, 0x00, 0x00,
  0x00, 0x00, 0x00, 0x00, 0x17, 0x00, 0x04, 0x00, 0x29, 0x00, 0x00, 0x00, 0x06, 0x00, 0x00, 0x00,
  0x03, 0x00, 0x00, 0x00, 0x20, 0x00, 0x04, 0x00, 0x2A, 0x00, 0x00, 0x00, 0x07, 0x00, 0x00, 0x00,
  0x29, 0x00, 0x00, 0x00, 0x20, 0x00, 0x04, 0x00, 0x31, 0x00, 0x00, 0x00, 0x03, 0x00, 0x00, 0x00,
  0x1A, 0x00, 0x00, 0x00, 0x3B, 0x00, 0x04, 0x00, 0x31, 0x00, 0x00, 0x00, 0x32, 0x00, 0x00, 0x00,
  0x03, 0x00, 0x00, 0x00, 0x15, 0x00, 0x04, 0x00, 0x36, 0x00, 0x00, 0x00, 0x20, 0x00, 0x00, 0x00,
  0x00, 0x00, 0x00, 0x00, 0x2B, 0x00, 0x04, 0x00, 0x36, 0x00, 0x00, 0x00, 0x37, 0x00, 0x00, 0x00,
  0x03, 0x00, 0x00, 0x00, 0x20, 0x00, 0x04, 0x00, 0x38, 0x00, 0x00, 0x00, 0x07, 0x00, 0x00, 0x00,
  0x06, 0x00, 0x00, 0x00, 0x2B, 0x00, 0x04, 0x00, 0x10, 0x00, 0x00, 0x00, 0x3B, 0x00, 0x00, 0x00,
  0x02, 0x00, 0x00, 0x00, 0x20, 0x00, 0x04, 0x00, 0x3C, 0x00, 0x00, 0x00, 0x02, 0x00, 0x00, 0x00,
  0x06, 0x00, 0x00, 0x00, 0x36, 0x00, 0x05, 0x00, 0x02, 0x00, 0x00, 0x00, 0x04, 0x00, 0x00, 0x00,
  0x00, 0x00, 0x00, 0x00, 0x03, 0x00, 0x00, 0x00, 0xF8, 0x00, 0x02, 0x00, 0x05, 0x00, 0x00, 0x00,
  0x3B, 0x00, 0x04, 0x00, 0x08, 0x00, 0x00, 0x00, 0x09, 0x00, 0x00, 0x00, 0x07, 0x00, 0x00, 0x00,
  0x3B, 0x00, 0x04, 0x00, 0x1B, 0x00, 0x00, 0x00, 0x1C, 0x00, 0x00, 0x00, 0x07, 0x00, 0x00, 0x00,
  0x3B, 0x00, 0x04, 0x00, 0x1B, 0x00, 0x00, 0x00, 0x24, 0x00, 0x00, 0x00, 0x07, 0x00, 0x00, 0x00,
  0x3B, 0x00, 0x04, 0x00, 0x2A, 0x00, 0x00, 0x00, 0x2B, 0x00, 0x00, 0x00, 0x07, 0x00, 0x00, 0x00,
  0x3D, 0x00, 0x04, 0x00, 0x07, 0x00, 0x00, 0x00, 0x0C, 0x00, 0x00, 0x00, 0x0B, 0x00, 0x00, 0x00,
  0x41, 0x00, 0x05, 0x00, 0x12, 0x00, 0x00, 0x00, 0x13, 0x00, 0x00, 0x00, 0x0F, 0x00, 0x00, 0x00,
  0x11, 0x00, 0x00, 0x00, 0x3D, 0x00, 0x04, 0x00, 0x07, 0x00, 0x00, 0x00, 0x14, 0x00, 0x00, 0x00,
  0x13, 0x00, 0x00, 0x00, 0x85, 0x00, 0x05, 0x00, 0x07, 0x00, 0x00, 0x00, 0x15, 0x00, 0x00, 0x00,
  0x0C, 0x00, 0x00, 0x00, 0x14, 0x00, 0x00, 0x00, 0x41, 0x00, 0x05, 0x00, 0x12, 0x00, 0x00, 0x00,
  0x17, 0x00, 0x00, 0x00, 0x0F, 0x00, 0x00, 0x00, 0x16, 0x00, 0x00, 0x00, 0x3D, 0x00, 0x04, 0x00,
  0x07, 0x00, 0x00, 0x00, 0x18, 0x00, 0x00, 0x00, 0x17, 0x00, 0x00, 0x00, 0x81, 0x00, 0x05, 0x00,
  0x07, 0x00, 0x00, 0x00, 0x19, 0x00, 0x00, 0x00, 0x15, 0x00, 0x00, 0x00, 0x18, 0x00, 0x00, 0x00,
  0x3E, 0x00, 0x03, 0x00, 0x09, 0x00, 0x00, 0x00, 0x19, 0x00, 0x00, 0x00, 0x3D, 0x00, 0x04, 0x00,
  0x1E, 0x00, 0x00, 0x00, 0x21, 0x00, 0x00, 0x00, 0x20, 0x00, 0x00, 0x00, 0x3D, 0x00, 0x04, 0x00,
  0x07, 0x00, 0x00, 0x00, 0x22, 0x00, 0x00, 0x00, 0x09, 0x00, 0x00, 0x00, 0x57, 0x00, 0x05, 0x00,
  0x1A, 0x00, 0x00, 0x00, 0x23, 0x00, 0x00, 0x00, 0x21, 0x00, 0x00, 0x00, 0x22, 0x00, 0x00, 0x00,
  0x3E, 0x00, 0x03, 0x00, 0x1C, 0x00, 0x00, 0x00, 0x23, 0x00, 0x00, 0x00, 0x3D, 0x00, 0x04, 0x00,
  0x1E, 0x00, 0x00, 0x00, 0x26, 0x00, 0x00, 0x00, 0x25, 0x00, 0x00, 0x00, 0x3D, 0x00, 0x04, 0x00,
  0x07, 0x00, 0x00, 0x00, 0x27, 0x00, 0x00, 0x00, 0x09, 0x00, 0x00, 0x00, 0x57, 0x00, 0x05, 0x00,
  0x1A, 0x00, 0x00, 0x00, 0x28, 0x00, 0x00, 0x00, 0x26, 0x00, 0x00, 0x00, 0x27, 0x00, 0x00, 0x00,
  0x3E, 0x00, 0x03, 0x00, 0x24, 0x00, 0x00, 0x00, 0x28, 0x00, 0x00, 0x00, 0x3D, 0x00, 0x04, 0x00,
  0x1A, 0x00, 0x00, 0x00, 0x2C, 0x00, 0x00, 0x00, 0x1C, 0x00, 0x00, 0x00, 0x4F, 0x00, 0x08, 0x00,
  0x29, 0x00, 0x00, 0x00, 0x2D, 0x00, 0x00, 0x00, 0x2C, 0x00, 0x00, 0x00, 0x2C, 0x00, 0x00, 0x00,
  0x00, 0x00, 0x00, 0x00, 0x01, 0x00, 0x00, 0x00, 0x02, 0x00, 0x00, 0x00, 0x3D, 0x00, 0x04, 0x00,
  0x1A, 0x00, 0x00, 0x00, 0x2E, 0x00, 0x00, 0x00, 0x24, 0x00, 0x00, 0x00, 0x4F, 0x00, 0x08, 0x00,
  0x29, 0x00, 0x00, 0x00, 0x2F, 0x00, 0x00, 0x00, 0x2E, 0x00, 0x00, 0x00, 0x2E, 0x00, 0x00, 0x00,
  0x00, 0x00, 0x00, 0x00, 0x01, 0x00, 0x00, 0x00, 0x02, 0x00, 0x00, 0x00, 0x0C, 0x00, 0x07, 0x00,
  0x29, 0x00, 0x00, 0x00, 0x30, 0x00, 0x00, 0x00, 0x01, 0x00, 0x00, 0x00, 0x25, 0x00, 0x00, 0x00,
  0x2D, 0x00, 0x00, 0x00, 0x2F, 0x00, 0x00, 0x00, 0x3E, 0x00, 0x03, 0x00, 0x2B, 0x00, 0x00, 0x00,
  0x30, 0x00, 0x00, 0x00, 0x3D, 0x00, 0x04, 0x00, 0x1A, 0x00, 0x00, 0x00, 0x33, 0x00, 0x00, 0x00,
  0x24, 0x00, 0x00, 0x00, 0x4F, 0x00, 0x08, 0x00, 0x29, 0x00, 0x00, 0x00, 0x34, 0x00, 0x00, 0x00,
  0x33, 0x00, 0x00, 0x00, 0x33, 0x00, 0x00, 0x00, 0x00, 0x00, 0x00, 0x00, 0x01, 0x00, 0x00, 0x00,
  0x02, 0x00, 0x00, 0x00, 0x3D, 0x00, 0x04, 0x00, 0x29, 0x00, 0x00, 0x00, 0x35, 0x00, 0x00, 0x00,
  0x2B, 0x00, 0x00, 0x00, 0x41, 0x00, 0x05, 0x00, 0x38, 0x00, 0x00, 0x00, 0x39, 0x00, 0x00, 0x00,
  0x1C, 0x00, 0x00, 0x00, 0x37, 0x00, 0x00, 0x00, 0x3D, 0x00, 0x04, 0x00, 0x06, 0x00, 0x00, 0x00,
  0x3A, 0x00, 0x00, 0x00, 0x39, 0x00, 0x00, 0x00, 0x41, 0x00, 0x05, 0x00, 0x3C, 0x00, 0x00, 0x00,
  0x3D, 0x00, 0x00, 0x00, 0x0F, 0x00, 0x00, 0x00, 0x3B, 0x00, 0x00, 0x00, 0x3D, 0x00, 0x04, 0x00,
  0x06, 0x00, 0x00, 0x00, 0x3E, 0x00, 0x00, 0x00, 0x3D, 0x00, 0x00, 0x00, 0x85, 0x00, 0x05, 0x00,
  0x06, 0x00, 0x00, 0x00, 0x3F, 0x00, 0x00, 0x00, 0x3A, 0x00, 0x00, 0x00, 0x3E, 0x00, 0x00, 0x00,
  0x50, 0x00, 0x06, 0x00, 0x29, 0x00, 0x00, 0x00, 0x40, 0x00, 0x00, 0x00, 0x3F, 0x00, 0x00, 0x00,
  0x3F, 0x00, 0x00, 0x00, 0x3F, 0x00, 0x00, 0x00, 0x0C, 0x00, 0x08, 0x00, 0x29, 0x00, 0x00, 0x00,
  0x41, 0x00, 0x00, 0x00, 0x01, 0x00, 0x00, 0x00, 0x2E, 0x00, 0x00, 0x00, 0x34, 0x00, 0x00, 0x00,
  0x35, 0x00, 0x00, 0x00, 0x40, 0x00, 0x00, 0x00, 0x41, 0x00, 0x05, 0x00, 0x38, 0x00, 0x00, 0x00,
  0x42, 0x00, 0x00, 0x00, 0x24, 0x00, 0x00, 0x00, 0x37, 0x00, 0x00, 0x00, 0x3D, 0x00, 0x04, 0x00,
  0x06, 0x00, 0x00, 0x00, 0x43, 0x00, 0x00, 0x00, 0x42, 0x00, 0x00, 0x00, 0x51, 0x00, 0x05, 0x00,
  0x06, 0x00, 0x00, 0x00, 0x44, 0x00, 0x00, 0x00, 0x41, 0x00, 0x00, 0x00, 0x00, 0x00, 0x00, 0x00,
  0x51, 0x00, 0x05, 0x00, 0x06, 0x00, 0x00, 0x00, 0x45, 0x00, 0x00, 0x00, 0x41, 0x00, 0x00, 0x00,
  0x01, 0x00, 0x00, 0x00, 0x51, 0x00, 0x05, 0x00, 0x06, 0x00, 0x00, 0x00, 0x46, 0x00, 0x00, 0x00,
  0x41, 0x00, 0x00, 0x00, 0x02, 0x00, 0x00, 0x00, 0x50, 0x00, 0x07, 0x00, 0x1A, 0x00, 0x00, 0x00,
  0x47, 0x00, 0x00, 0x00, 0x44, 0x00, 0x00, 0x00, 0x45, 0x00, 0x00, 0x00, 0x46, 0x00, 0x00, 0x00,
  0x43, 0x00, 0x00, 0x00, 0x3E, 0x00, 0x03, 0x00, 0x32, 0x00, 0x00, 0x00, 0x47, 0x00, 0x00, 0x00,
  0xFD, 0x00, 0x01, 0x00, 0x38, 0x00, 0x01, 0x00,
};

static const unsigned int g_ps_diff_fragSpvSize = 2008;
static const unsigned char g_ps_diff_fragSpv[] = {
  0x03, 0x02, 0x23, 0x07, 0x00, 0x00, 0x01, 0x00, 0x0B, 0x00, 0x0D, 0x00, 0x49, 0x00, 0x00, 0x00,
  0x00, 0x00, 0x00, 0x00, 0x11, 0x00, 0x02, 0x00, 0x01, 0x00, 0x00, 0x00, 0x0B, 0x00, 0x06, 0x00,
  0x01, 0x00, 0x00, 0x00, 0x47, 0x4C, 0x53, 0x4C, 0x2E, 0x73, 0x74, 0x64, 0x2E, 0x34, 0x35, 0x30,
  0x00, 0x00, 0x00, 0x00, 0x0E, 0x00, 0x03, 0x00, 0x00, 0x00, 0x00, 0x00, 0x01, 0x00, 0x00, 0x00,
  0x0F, 0x00, 0x07, 0x00, 0x04, 0x00, 0x00, 0x00, 0x04, 0x00, 0x00, 0x00, 0x6D, 0x61, 0x69, 0x6E,
  0x00, 0x00, 0x00, 0x00, 0x0B, 0x00, 0x00, 0x00, 0x33, 0x00, 0x00, 0x00, 0x10, 0x00, 0x03, 0x00,
  0x04, 0x00, 0x00, 0x00, 0x07, 0x00, 0x00, 0x00, 0x03, 0x00, 0x03, 0x00, 0x02, 0x00, 0x00, 0x00,
  0xC2, 0x01, 0x00, 0x00, 0x04, 0x00, 0x0A, 0x00, 0x47, 0x4C, 0x5F, 0x47, 0x4F, 0x4F, 0x47, 0x4C,
  0x45, 0x5F, 0x63, 0x70, 0x70, 0x5F, 0x73, 0x74, 0x79, 0x6C, 0x65, 0x5F, 0x6C, 0x69, 0x6E, 0x65,
  0x5F, 0x64, 0x69, 0x72, 0x65, 0x63, 0x74, 0x69, 0x76, 0x65, 0x00, 0x00, 0x04, 0x00, 0x08, 0x00,
  0x47, 0x4C, 0x5F, 0x47, 0x4F, 0x4F, 0x47, 0x4C, 0x45, 0x5F, 0x69, 0x6E, 0x63, 0x6C, 0x75, 0x64,
  0x65, 0x5F, 0x64, 0x69, 0x72, 0x65, 0x63, 0x74, 0x69, 0x76, 0x65, 0x00, 0x05, 0x00, 0x04, 0x00,
  0x04, 0x00, 0x00, 0x00, 0x6D, 0x61, 0x69, 0x6E, 0x00, 0x00, 0x00, 0x00, 0x05, 0x00, 0x03, 0x00,
  0x09, 0x00, 0x00, 0x00, 0x75, 0x76, 0x00, 0x00, 0x05, 0x00, 0x03, 0x00, 0x0B, 0x00, 0x00, 0x00,
  0x76, 0x55, 0x56, 0x00, 0x05, 0x00, 0x05, 0x00, 0x0D, 0x00, 0x00, 0x00, 0x46, 0x72, 0x61, 0x67,
  0x50, 0x61, 0x72, 0x61, 0x6D, 0x73, 0x00, 0x00, 0x06, 0x00, 0x06, 0x00, 0x0D, 0x00, 0x00, 0x00,
  0x00, 0x00, 0x00, 0x00, 0x75, 0x76, 0x4F, 0x66, 0x66, 0x73, 0x65, 0x74, 0x00, 0x00, 0x00, 0x00,
  0x06, 0x00, 0x05, 0x00, 0x0D, 0x00, 0x00, 0x00, 0x01, 0x00, 0x00, 0x00, 0x75, 0x76, 0x53, 0x63,
  0x61, 0x6C, 0x65, 0x00, 0x06, 0x00, 0x05, 0x00, 0x0D, 0x00, 0x00, 0x00, 0x02, 0x00, 0x00, 0x00,
  0x6F, 0x70, 0x61, 0x63, 0x69, 0x74, 0x79, 0x00, 0x06, 0x00, 0x04, 0x00, 0x0D, 0x00, 0x00, 0x00,
  0x03, 0x00, 0x00, 0x00, 0x70, 0x61, 0x64, 0x00, 0x05, 0x00, 0x03, 0x00, 0x0F, 0x00, 0x00, 0x00,
  0x75, 0x50, 0x00, 0x00, 0x05, 0x00, 0x03, 0x00, 0x1C, 0x00, 0x00, 0x00, 0x73, 0x72, 0x63, 0x00,
  0x05, 0x00, 0x04, 0x00, 0x20, 0x00, 0x00, 0x00, 0x75, 0x53, 0x72, 0x63, 0x00, 0x00, 0x00, 0x00,
  0x05, 0x00, 0x03, 0x00, 0x24, 0x00, 0x00, 0x00, 0x64, 0x73, 0x74, 0x00, 0x05, 0x00, 0x04, 0x00,
  0x25, 0x00, 0x00, 0x00, 0x75, 0x44, 0x73, 0x74, 0x00, 0x00, 0x00, 0x00, 0x05, 0x00, 0x04, 0x00,
  0x2B, 0x00, 0x00, 0x00, 0x72, 0x65, 0x73, 0x75, 0x6C, 0x74, 0x00, 0x00, 0x05, 0x00, 0x05, 0x00,
  0x33, 0x00, 0x00, 0x00, 0x46, 0x72, 0x61, 0x67, 0x43, 0x6F, 0x6C, 0x6F, 0x72, 0x00, 0x00, 0x00,
  0x47, 0x00, 0x04, 0x00, 0x0B, 0x00, 0x00, 0x00, 0x1E, 0x00, 0x00, 0x00, 0x00, 0x00, 0x00, 0x00,
  0x47, 0x00, 0x03, 0x00, 0x0D, 0x00, 0x00, 0x00, 0x02, 0x00, 0x00, 0x00, 0x48, 0x00, 0x05, 0x00,
  0x0D, 0x00, 0x00, 0x00, 0x00, 0x00, 0x00, 0x00, 0x23, 0x00, 0x00, 0x00, 0x00, 0x00, 0x00, 0x00,
  0x48, 0x00, 0x05, 0x00, 0x0D, 0x00, 0x00, 0x00, 0x01, 0x00, 0x00, 0x00, 0x23, 0x00, 0x00, 0x00,
  0x08, 0x00, 0x00, 0x00, 0x48, 0x00, 0x05, 0x00, 0x0D, 0x00, 0x00, 0x00, 0x02, 0x00, 0x00, 0x00,
  0x23, 0x00, 0x00, 0x00, 0x10, 0x00, 0x00, 0x00, 0x48, 0x00, 0x05, 0x00, 0x0D, 0x00, 0x00, 0x00,
  0x03, 0x00, 0x00, 0x00, 0x23, 0x00, 0x00, 0x00, 0x14, 0x00, 0x00, 0x00, 0x47, 0x00, 0x04, 0x00,
  0x0F, 0x00, 0x00, 0x00, 0x21, 0x00, 0x00, 0x00, 0x00, 0x00, 0x00, 0x00, 0x47, 0x00, 0x04, 0x00,
  0x0F, 0x00, 0x00, 0x00, 0x22, 0x00, 0x00, 0x00, 0x03, 0x00, 0x00, 0x00, 0x47, 0x00, 0x04, 0x00,
  0x20, 0x00, 0x00, 0x00, 0x21, 0x00, 0x00, 0x00, 0x00, 0x00, 0x00, 0x00, 0x47, 0x00, 0x04, 0x00,
  0x20, 0x00, 0x00, 0x00, 0x22, 0x00, 0x00, 0x00, 0x02, 0x00, 0x00, 0x00, 0x47, 0x00, 0x04, 0x00,
  0x25, 0x00, 0x00, 0x00, 0x21, 0x00, 0x00, 0x00, 0x01, 0x00, 0x00, 0x00, 0x47, 0x00, 0x04, 0x00,
  0x25, 0x00, 0x00, 0x00, 0x22, 0x00, 0x00, 0x00, 0x02, 0x00, 0x00, 0x00, 0x47, 0x00, 0x04, 0x00,
  0x33, 0x00, 0x00, 0x00, 0x1E, 0x00, 0x00, 0x00, 0x00, 0x00, 0x00, 0x00, 0x13, 0x00, 0x02, 0x00,
  0x02, 0x00, 0x00, 0x00, 0x21, 0x00, 0x03, 0x00, 0x03, 0x00, 0x00, 0x00, 0x02, 0x00, 0x00, 0x00,
  0x16, 0x00, 0x03, 0x00, 0x06, 0x00, 0x00, 0x00, 0x20, 0x00, 0x00, 0x00, 0x17, 0x00, 0x04, 0x00,
  0x07, 0x00, 0x00, 0x00, 0x06, 0x00, 0x00, 0x00, 0x02, 0x00, 0x00, 0x00, 0x20, 0x00, 0x04, 0x00,
  0x08, 0x00, 0x00, 0x00, 0x07, 0x00, 0x00, 0x00, 0x07, 0x00, 0x00, 0x00, 0x20, 0x00, 0x04, 0x00,
  0x0A, 0x00, 0x00, 0x00, 0x01, 0x00, 0x00, 0x00, 0x07, 0x00, 0x00, 0x00, 0x3B, 0x00, 0x04, 0x00,
  0x0A, 0x00, 0x00, 0x00, 0x0B, 0x00, 0x00, 0x00, 0x01, 0x00, 0x00, 0x00, 0x1E, 0x00, 0x06, 0x00,
  0x0D, 0x00, 0x00, 0x00, 0x07, 0x00, 0x00, 0x00, 0x07, 0x00, 0x00, 0x00, 0x06, 0x00, 0x00, 0x00,
  0x06, 0x00, 0x00, 0x00, 0x20, 0x00, 0x04, 0x00, 0x0E, 0x00, 0x00, 0x00, 0x02, 0x00, 0x00, 0x00,
  0x0D, 0x00, 0x00, 0x00, 0x3B, 0x00, 0x04, 0x00, 0x0E, 0x00, 0x00, 0x00, 0x0F, 0x00, 0x00, 0x00,
  0x02, 0x00, 0x00, 0x00, 0x15, 0x00, 0x04, 0x00, 0x10, 0x00, 0x00, 0x00, 0x20, 0x00, 0x00, 0x00,
  0x01, 0x00, 0x00, 0x00, 0x2B, 0x00, 0x04, 0x00, 0x10, 0x00, 0x00, 0x00, 0x11, 0x00, 0x00, 0x00,
  0x01, 0x00, 0x00, 0x00, 0x20, 0x00, 0x04, 0x00, 0x12, 0x00, 0x00, 0x00, 0x02, 0x00, 0x00, 0x00,
  0x07, 0x00, 0x00, 0x00, 0x2B, 0x00, 0x04, 0x00, 0x10, 0x00, 0x00, 0x00, 0x16, 0x00, 0x00, 0x00,
  0x00, 0x00, 0x00, 0x00, 0x17, 0x00, 0x04, 0x00, 0x1A, 0x00, 0x00, 0x00, 0x06, 0x00, 0x00, 0x00,
  0x04, 0x00, 0x00, 0x00, 0x20, 0x00, 0x04, 0x00, 0x1B, 0x00, 0x00, 0x00, 0x07, 0x00, 0x00, 0x00,
  0x1A, 0x00, 0x00, 0x00, 0x19, 0x00, 0x09, 0x00, 0x1D, 0x00, 0x00, 0x00, 0x06, 0x00, 0x00, 0x00,
  0x01, 0x00, 0x00, 0x00, 0x00, 0x00, 0x00, 0x00, 0x00, 0x00, 0x00, 0x00, 0x00, 0x00, 0x00, 0x00,
  0x01, 0x00, 0x00, 0x00, 0x00, 0x00, 0x00, 0x00, 0x1B, 0x00, 0x03, 0x00, 0x1E, 0x00, 0x00, 0x00,
  0x1D, 0x00, 0x00, 0x00, 0x20, 0x00, 0x04, 0x00, 0x1F, 0x00, 0x00, 0x00, 0x00, 0x00, 0x00, 0x00,
  0x1E, 0x00, 0x00, 0x00, 0x3B, 0x00, 0x04, 0x00, 0x1F, 0x00, 0x00, 0x00, 0x20, 0x00, 0x00, 0x00,
  0x00, 0x00, 0x00, 0x00, 0x3B, 0x00, 0x04, 0x00, 0x1F, 0x00, 0x00, 0x00, 0x25, 0x00, 0x00, 0x00,
  0x00, 0x00, 0x00, 0x00, 0x17, 0x00, 0x04, 0x00, 0x29, 0x00, 0x00, 0x00, 0x06, 0x00, 0x00, 0x00,
  0x03, 0x00, 0x00, 0x00, 0x20, 0x00, 0x04, 0x00, 0x2A, 0x00, 0x00, 0x00, 0x07, 0x00, 0x00, 0x00,
  0x29, 0x00, 0x00, 0x00, 0x20, 0x00, 0x04, 0x00, 0x32, 0x00, 0x00, 0x00, 0x03, 0x00, 0x00, 0x00,
  0x1A, 0x00, 0x00, 0x00, 0x3B, 0x00, 0x04, 0x00, 0x32, 0x00, 0x00, 0x00, 0x33, 0x00, 0x00, 0x00,
  0x03, 0x00, 0x00, 0x00, 0x15, 0x00, 0x04, 0x00, 0x37, 0x00, 0x00, 0x00, 0x20, 0x00, 0x00, 0x00,
  0x00, 0x00, 0x00, 0x00, 0x2B, 0x00, 0x04, 0x00, 0x37, 0x00, 0x00, 0x00, 0x38, 0x00, 0x00, 0x00,
  0x03, 0x00, 0x00, 0x00, 0x20, 0x00, 0x04, 0x00, 0x39, 0x00, 0x00, 0x00, 0x07, 0x00, 0x00, 0x00,
  0x06, 0x00, 0x00, 0x00, 0x2B, 0x00, 0x04, 0x00, 0x10, 0x00, 0x00, 0x00, 0x3C, 0x00, 0x00, 0x00,
  0x02, 0x00, 0x00, 0x00, 0x20, 0x00, 0x04, 0x00, 0x3D, 0x00, 0x00, 0x00, 0x02, 0x00, 0x00, 0x00,
  0x06, 0x00, 0x00, 0x00, 0x36, 0x00, 0x05, 0x00, 0x02, 0x00, 0x00, 0x00, 0x04, 0x00, 0x00, 0x00,
  0x00, 0x00, 0x00, 0x00, 0x03, 0x00, 0x00, 0x00, 0xF8, 0x00, 0x02, 0x00, 0x05, 0x00, 0x00, 0x00,
  0x3B, 0x00, 0x04, 0x00, 0x08, 0x00, 0x00, 0x00, 0x09, 0x00, 0x00, 0x00, 0x07, 0x00, 0x00, 0x00,
  0x3B, 0x00, 0x04, 0x00, 0x1B, 0x00, 0x00, 0x00, 0x1C, 0x00, 0x00, 0x00, 0x07, 0x00, 0x00, 0x00,
  0x3B, 0x00, 0x04, 0x00, 0x1B, 0x00, 0x00, 0x00, 0x24, 0x00, 0x00, 0x00, 0x07, 0x00, 0x00, 0x00,
  0x3B, 0x00, 0x04, 0x00, 0x2A, 0x00, 0x00, 0x00, 0x2B, 0x00, 0x00, 0x00, 0x07, 0x00, 0x00, 0x00,
  0x3D, 0x00, 0x04, 0x00, 0x07, 0x00, 0x00, 0x00, 0x0C, 0x00, 0x00, 0x00, 0x0B, 0x00, 0x00, 0x00,
  0x41, 0x00, 0x05, 0x00, 0x12, 0x00, 0x00, 0x00, 0x13, 0x00, 0x00, 0x00, 0x0F, 0x00, 0x00, 0x00,
  0x11, 0x00, 0x00, 0x00, 0x3D, 0x00, 0x04, 0x00, 0x07, 0x00, 0x00, 0x00, 0x14, 0x00, 0x00, 0x00,
  0x13, 0x00, 0x00, 0x00, 0x85, 0x00, 0x05, 0x00, 0x07, 0x00, 0x00, 0x00, 0x15, 0x00, 0x00, 0x00,
  0x0C, 0x00, 0x00, 0x00, 0x14, 0x00, 0x00, 0x00, 0x41, 0x00, 0x05, 0x00, 0x12, 0x00, 0x00, 0x00,
  0x17, 0x00, 0x00, 0x00, 0x0F, 0x00, 0x00, 0x00, 0x16, 0x00, 0x00, 0x00, 0x3D, 0x00, 0x04, 0x00,
  0x07, 0x00, 0x00, 0x00, 0x18, 0x00, 0x00, 0x00, 0x17, 0x00, 0x00, 0x00, 0x81, 0x00, 0x05, 0x00,
  0x07, 0x00, 0x00, 0x00, 0x19, 0x00, 0x00, 0x00, 0x15, 0x00, 0x00, 0x00, 0x18, 0x00, 0x00, 0x00,
  0x3E, 0x00, 0x03, 0x00, 0x09, 0x00, 0x00, 0x00, 0x19, 0x00, 0x00, 0x00, 0x3D, 0x00, 0x04, 0x00,
  0x1E, 0x00, 0x00, 0x00, 0x21, 0x00, 0x00, 0x00, 0x20, 0x00, 0x00, 0x00, 0x3D, 0x00, 0x04, 0x00,
  0x07, 0x00, 0x00, 0x00, 0x22, 0x00, 0x00, 0x00, 0x09, 0x00, 0x00, 0x00, 0x57, 0x00, 0x05, 0x00,
  0x1A, 0x00, 0x00, 0x00, 0x23, 0x00, 0x00, 0x00, 0x21, 0x00, 0x00, 0x00, 0x22, 0x00, 0x00, 0x00,
  0x3E, 0x00, 0x03, 0x00, 0x1C, 0x00, 0x00, 0x00, 0x23, 0x00, 0x00, 0x00, 0x3D, 0x00, 0x04, 0x00,
  0x1E, 0x00, 0x00, 0x00, 0x26, 0x00, 0x00, 0x00, 0x25, 0x00, 0x00, 0x00, 0x3D, 0x00, 0x04, 0x00,
  0x07, 0x00, 0x00, 0x00, 0x27, 0x00, 0x00, 0x00, 0x09, 0x00, 0x00, 0x00, 0x57, 0x00, 0x05, 0x00,
  0x1A, 0x00, 0x00, 0x00, 0x28, 0x00, 0x00, 0x00, 0x26, 0x00, 0x00, 0x00, 0x27, 0x00, 0x00, 0x00,
  0x3E, 0x00, 0x03, 0x00, 0x24, 0x00, 0x00, 0x00, 0x28, 0x00, 0x00, 0x00, 0x3D, 0x00, 0x04, 0x00,
  0x1A, 0x00, 0x00, 0x00, 0x2C, 0x00, 0x00, 0x00, 0x1C, 0x00, 0x00, 0x00, 0x4F, 0x00, 0x08, 0x00,
  0x29, 0x00, 0x00, 0x00, 0x2D, 0x00, 0x00, 0x00, 0x2C, 0x00, 0x00, 0x00, 0x2C, 0x00, 0x00, 0x00,
  0x00, 0x00, 0x00, 0x00, 0x01, 0x00, 0x00, 0x00, 0x02, 0x00, 0x00, 0x00, 0x3D, 0x00, 0x04, 0x00,
  0x1A, 0x00, 0x00, 0x00, 0x2E, 0x00, 0x00, 0x00, 0x24, 0x00, 0x00, 0x00, 0x4F, 0x00, 0x08, 0x00,
  0x29, 0x00, 0x00, 0x00, 0x2F, 0x00, 0x00, 0x00, 0x2E, 0x00, 0x00, 0x00, 0x2E, 0x00, 0x00, 0x00,
  0x00, 0x00, 0x00, 0x00, 0x01, 0x00, 0x00, 0x00, 0x02, 0x00, 0x00, 0x00, 0x83, 0x00, 0x05, 0x00,
  0x29, 0x00, 0x00, 0x00, 0x30, 0x00, 0x00, 0x00, 0x2D, 0x00, 0x00, 0x00, 0x2F, 0x00, 0x00, 0x00,
  0x0C, 0x00, 0x06, 0x00, 0x29, 0x00, 0x00, 0x00, 0x31, 0x00, 0x00, 0x00, 0x01, 0x00, 0x00, 0x00,
  0x04, 0x00, 0x00, 0x00, 0x30, 0x00, 0x00, 0x00, 0x3E, 0x00, 0x03, 0x00, 0x2B, 0x00, 0x00, 0x00,
  0x31, 0x00, 0x00, 0x00, 0x3D, 0x00, 0x04, 0x00, 0x1A, 0x00, 0x00, 0x00, 0x34, 0x00, 0x00, 0x00,
  0x24, 0x00, 0x00, 0x00, 0x4F, 0x00, 0x08, 0x00, 0x29, 0x00, 0x00, 0x00, 0x35, 0x00, 0x00, 0x00,
  0x34, 0x00, 0x00, 0x00, 0x34, 0x00, 0x00, 0x00, 0x00, 0x00, 0x00, 0x00, 0x01, 0x00, 0x00, 0x00,
  0x02, 0x00, 0x00, 0x00, 0x3D, 0x00, 0x04, 0x00, 0x29, 0x00, 0x00, 0x00, 0x36, 0x00, 0x00, 0x00,
  0x2B, 0x00, 0x00, 0x00, 0x41, 0x00, 0x05, 0x00, 0x39, 0x00, 0x00, 0x00, 0x3A, 0x00, 0x00, 0x00,
  0x1C, 0x00, 0x00, 0x00, 0x38, 0x00, 0x00, 0x00, 0x3D, 0x00, 0x04, 0x00, 0x06, 0x00, 0x00, 0x00,
  0x3B, 0x00, 0x00, 0x00, 0x3A, 0x00, 0x00, 0x00, 0x41, 0x00, 0x05, 0x00, 0x3D, 0x00, 0x00, 0x00,
  0x3E, 0x00, 0x00, 0x00, 0x0F, 0x00, 0x00, 0x00, 0x3C, 0x00, 0x00, 0x00, 0x3D, 0x00, 0x04, 0x00,
  0x06, 0x00, 0x00, 0x00, 0x3F, 0x00, 0x00, 0x00, 0x3E, 0x00, 0x00, 0x00, 0x85, 0x00, 0x05, 0x00,
  0x06, 0x00, 0x00, 0x00, 0x40, 0x00, 0x00, 0x00, 0x3B, 0x00, 0x00, 0x00, 0x3F, 0x00, 0x00, 0x00,
  0x50, 0x00, 0x06, 0x00, 0x29, 0x00, 0x00, 0x00, 0x41, 0x00, 0x00, 0x00, 0x40, 0x00, 0x00, 0x00,
  0x40, 0x00, 0x00, 0x00, 0x40, 0x00, 0x00, 0x00, 0x0C, 0x00, 0x08, 0x00, 0x29, 0x00, 0x00, 0x00,
  0x42, 0x00, 0x00, 0x00, 0x01, 0x00, 0x00, 0x00, 0x2E, 0x00, 0x00, 0x00, 0x35, 0x00, 0x00, 0x00,
  0x36, 0x00, 0x00, 0x00, 0x41, 0x00, 0x00, 0x00, 0x41, 0x00, 0x05, 0x00, 0x39, 0x00, 0x00, 0x00,
  0x43, 0x00, 0x00, 0x00, 0x24, 0x00, 0x00, 0x00, 0x38, 0x00, 0x00, 0x00, 0x3D, 0x00, 0x04, 0x00,
  0x06, 0x00, 0x00, 0x00, 0x44, 0x00, 0x00, 0x00, 0x43, 0x00, 0x00, 0x00, 0x51, 0x00, 0x05, 0x00,
  0x06, 0x00, 0x00, 0x00, 0x45, 0x00, 0x00, 0x00, 0x42, 0x00, 0x00, 0x00, 0x00, 0x00, 0x00, 0x00,
  0x51, 0x00, 0x05, 0x00, 0x06, 0x00, 0x00, 0x00, 0x46, 0x00, 0x00, 0x00, 0x42, 0x00, 0x00, 0x00,
  0x01, 0x00, 0x00, 0x00, 0x51, 0x00, 0x05, 0x00, 0x06, 0x00, 0x00, 0x00, 0x47, 0x00, 0x00, 0x00,
  0x42, 0x00, 0x00, 0x00, 0x02, 0x00, 0x00, 0x00, 0x50, 0x00, 0x07, 0x00, 0x1A, 0x00, 0x00, 0x00,
  0x48, 0x00, 0x00, 0x00, 0x45, 0x00, 0x00, 0x00, 0x46, 0x00, 0x00, 0x00, 0x47, 0x00, 0x00, 0x00,
  0x44, 0x00, 0x00, 0x00, 0x3E, 0x00, 0x03, 0x00, 0x33, 0x00, 0x00, 0x00, 0x48, 0x00, 0x00, 0x00,
  0xFD, 0x00, 0x01, 0x00, 0x38, 0x00, 0x01, 0x00,
};

static const unsigned int g_ps_exclusion_fragSpvSize = 2072;
static const unsigned char g_ps_exclusion_fragSpv[] = {
  0x03, 0x02, 0x23, 0x07, 0x00, 0x00, 0x01, 0x00, 0x0B, 0x00, 0x0D, 0x00, 0x4D, 0x00, 0x00, 0x00,
  0x00, 0x00, 0x00, 0x00, 0x11, 0x00, 0x02, 0x00, 0x01, 0x00, 0x00, 0x00, 0x0B, 0x00, 0x06, 0x00,
  0x01, 0x00, 0x00, 0x00, 0x47, 0x4C, 0x53, 0x4C, 0x2E, 0x73, 0x74, 0x64, 0x2E, 0x34, 0x35, 0x30,
  0x00, 0x00, 0x00, 0x00, 0x0E, 0x00, 0x03, 0x00, 0x00, 0x00, 0x00, 0x00, 0x01, 0x00, 0x00, 0x00,
  0x0F, 0x00, 0x07, 0x00, 0x04, 0x00, 0x00, 0x00, 0x04, 0x00, 0x00, 0x00, 0x6D, 0x61, 0x69, 0x6E,
  0x00, 0x00, 0x00, 0x00, 0x0B, 0x00, 0x00, 0x00, 0x45, 0x00, 0x00, 0x00, 0x10, 0x00, 0x03, 0x00,
  0x04, 0x00, 0x00, 0x00, 0x07, 0x00, 0x00, 0x00, 0x03, 0x00, 0x03, 0x00, 0x02, 0x00, 0x00, 0x00,
  0xC2, 0x01, 0x00, 0x00, 0x04, 0x00, 0x0A, 0x00, 0x47, 0x4C, 0x5F, 0x47, 0x4F, 0x4F, 0x47, 0x4C,
  0x45, 0x5F, 0x63, 0x70, 0x70, 0x5F, 0x73, 0x74, 0x79, 0x6C, 0x65, 0x5F, 0x6C, 0x69, 0x6E, 0x65,
  0x5F, 0x64, 0x69, 0x72, 0x65, 0x63, 0x74, 0x69, 0x76, 0x65, 0x00, 0x00, 0x04, 0x00, 0x08, 0x00,
  0x47, 0x4C, 0x5F, 0x47, 0x4F, 0x4F, 0x47, 0x4C, 0x45, 0x5F, 0x69, 0x6E, 0x63, 0x6C, 0x75, 0x64,
  0x65, 0x5F, 0x64, 0x69, 0x72, 0x65, 0x63, 0x74, 0x69, 0x76, 0x65, 0x00, 0x05, 0x00, 0x04, 0x00,
  0x04, 0x00, 0x00, 0x00, 0x6D, 0x61, 0x69, 0x6E, 0x00, 0x00, 0x00, 0x00, 0x05, 0x00, 0x03, 0x00,
  0x09, 0x00, 0x00, 0x00, 0x75, 0x76, 0x00, 0x00, 0x05, 0x00, 0x03, 0x00, 0x0B, 0x00, 0x00, 0x00,
  0x76, 0x55, 0x56, 0x00, 0x05, 0x00, 0x05, 0x00, 0x0D, 0x00, 0x00, 0x00, 0x46, 0x72, 0x61, 0x67,
  0x50, 0x61, 0x72, 0x61, 0x6D, 0x73, 0x00, 0x00, 0x06, 0x00, 0x06, 0x00, 0x0D, 0x00, 0x00, 0x00,
  0x00, 0x00, 0x00, 0x00, 0x75, 0x76, 0x4F, 0x66, 0x66, 0x73, 0x65, 0x74, 0x00, 0x00, 0x00, 0x00,
  0x06, 0x00, 0x05, 0x00, 0x0D, 0x00, 0x00, 0x00, 0x01, 0x00, 0x00, 0x00, 0x75, 0x76, 0x53, 0x63,
  0x61, 0x6C, 0x65, 0x00, 0x06, 0x00, 0x05, 0x00, 0x0D, 0x00, 0x00, 0x00, 0x02, 0x00, 0x00, 0x00,
  0x6F, 0x70, 0x61, 0x63, 0x69, 0x74, 0x79, 0x00, 0x06, 0x00, 0x04, 0x00, 0x0D, 0x00, 0x00, 0x00,
  0x03, 0x00, 0x00, 0x00, 0x70, 0x61, 0x64, 0x00, 0x05, 0x00, 0x03, 0x00, 0x0F, 0x00, 0x00, 0x00,
  0x75, 0x50, 0x00, 0x00, 0x05, 0x00, 0x03, 0x00, 0x1C, 0x00, 0x00, 0x00, 0x73, 0x72, 0x63, 0x00,
  0x05, 0x00, 0x04, 0x00, 0x20, 0x00, 0x00, 0x00, 0x75, 0x53, 0x72, 0x63, 0x00, 0x00, 0x00, 0x00,
  0x05, 0x00, 0x03, 0x00, 0x24, 0x00, 0x00, 0x00, 0x64, 0x73, 0x74, 0x00, 0x05, 0x00, 0x04, 0x00,
  0x25, 0x00, 0x00, 0x00, 0x75, 0x44, 0x73, 0x74, 0x00, 0x00, 0x00, 0x00, 0x05, 0x00, 0x04, 0x00,
  0x2B, 0x00, 0x00, 0x00, 0x72, 0x65, 0x73, 0x75, 0x6C, 0x74, 0x00, 0x00, 0x05, 0x00, 0x05, 0x00,
  0x45, 0x00, 0x00, 0x00, 0x46, 0x72, 0x61, 0x67, 0x43, 0x6F, 0x6C, 0x6F, 0x72, 0x00, 0x00, 0x00,
  0x47, 0x00, 0x04, 0x00, 0x0B, 0x00, 0x00, 0x00, 0x1E, 0x00, 0x00, 0x00, 0x00, 0x00, 0x00, 0x00,
  0x47, 0x00, 0x03, 0x00, 0x0D, 0x00, 0x00, 0x00, 0x02, 0x00, 0x00, 0x00, 0x48, 0x00, 0x05, 0x00,
  0x0D, 0x00, 0x00, 0x00, 0x00, 0x00, 0x00, 0x00, 0x23, 0x00, 0x00, 0x00, 0x00, 0x00, 0x00, 0x00,
  0x48, 0x00, 0x05, 0x00, 0x0D, 0x00, 0x00, 0x00, 0x01, 0x00, 0x00, 0x00, 0x23, 0x00, 0x00, 0x00,
  0x08, 0x00, 0x00, 0x00, 0x48, 0x00, 0x05, 0x00, 0x0D, 0x00, 0x00, 0x00, 0x02, 0x00, 0x00, 0x00,
  0x23, 0x00, 0x00, 0x00, 0x10, 0x00, 0x00, 0x00, 0x48, 0x00, 0x05, 0x00, 0x0D, 0x00, 0x00, 0x00,
  0x03, 0x00, 0x00, 0x00, 0x23, 0x00, 0x00, 0x00, 0x14, 0x00, 0x00, 0x00, 0x47, 0x00, 0x04, 0x00,
  0x0F, 0x00, 0x00, 0x00, 0x21, 0x00, 0x00, 0x00, 0x00, 0x00, 0x00, 0x00, 0x47, 0x00, 0x04, 0x00,
  0x0F, 0x00, 0x00, 0x00, 0x22, 0x00, 0x00, 0x00, 0x03, 0x00, 0x00, 0x00, 0x47, 0x00, 0x04, 0x00,
  0x20, 0x00, 0x00, 0x00, 0x21, 0x00, 0x00, 0x00, 0x00, 0x00, 0x00, 0x00, 0x47, 0x00, 0x04, 0x00,
  0x20, 0x00, 0x00, 0x00, 0x22, 0x00, 0x00, 0x00, 0x02, 0x00, 0x00, 0x00, 0x47, 0x00, 0x04, 0x00,
  0x25, 0x00, 0x00, 0x00, 0x21, 0x00, 0x00, 0x00, 0x01, 0x00, 0x00, 0x00, 0x47, 0x00, 0x04, 0x00,
  0x25, 0x00, 0x00, 0x00, 0x22, 0x00, 0x00, 0x00, 0x02, 0x00, 0x00, 0x00, 0x47, 0x00, 0x04, 0x00,
  0x45, 0x00, 0x00, 0x00, 0x1E, 0x00, 0x00, 0x00, 0x00, 0x00, 0x00, 0x00, 0x13, 0x00, 0x02, 0x00,
  0x02, 0x00, 0x00, 0x00, 0x21, 0x00, 0x03, 0x00, 0x03, 0x00, 0x00, 0x00, 0x02, 0x00, 0x00, 0x00,
  0x16, 0x00, 0x03, 0x00, 0x06, 0x00, 0x00, 0x00, 0x20, 0x00, 0x00, 0x00, 0x17, 0x00, 0x04, 0x00,
  0x07, 0x00, 0x00, 0x00, 0x06, 0x00, 0x00, 0x00, 0x02, 0x00, 0x00, 0x00, 0x20, 0x00, 0x04, 0x00,
  0x08, 0x00, 0x00, 0x00, 0x07, 0x00, 0x00, 0x00, 0x07, 0x00, 0x00, 0x00, 0x20, 0x00, 0x04, 0x00,
  0x0A, 0x00, 0x00, 0x00, 0x01, 0x00, 0x00, 0x00, 0x07, 0x00, 0x00, 0x00, 0x3B, 0x00, 0x04, 0x00,
  0x0A, 0x00, 0x00, 0x00, 0x0B, 0x00, 0x00, 0x00, 0x01, 0x00, 0x00, 0x00, 0x1E, 0x00, 0x06, 0x00,
  0x0D, 0x00, 0x00, 0x00, 0x07, 0x00, 0x00, 0x00, 0x07, 0x00, 0x00, 0x00, 0x06, 0x00, 0x00, 0x00,
  0x06, 0x00, 0x00, 0x00, 0x20, 0x00, 0x04, 0x00, 0x0E, 0x00, 0x00, 0x00, 0x02, 0x00, 0x00, 0x00,
  0x0D, 0x00, 0x00, 0x00, 0x3B, 0x00, 0x04, 0x00, 0x0E, 0x00, 0x00, 0x00, 0x0F, 0x00, 0x00, 0x00,
  0x02, 0x00, 0x00, 0x00, 0x15, 0x00, 0x04, 0x00, 0x10, 0x00, 0x00, 0x00, 0x20, 0x00, 0x00, 0x00,
  0x01, 0x00, 0x00, 0x00, 0x2B, 0x00, 0x04, 0x00, 0x10, 0x00, 0x00, 0x00, 0x11, 0x00, 0x00, 0x00,
  0x01, 0x00, 0x00, 0x00, 0x20, 0x00, 0x04, 0x00, 0x12, 0x00, 0x00, 0x00, 0x02, 0x00, 0x00, 0x00,
  0x07, 0x00, 0x00, 0x00, 0x2B, 0x00, 0x04, 0x00, 0x10, 0x00, 0x00, 0x00, 0x16, 0x00, 0x00, 0x00,
  0x00, 0x00, 0x00, 0x00, 0x17, 0x00, 0x04, 0x00, 0x1A, 0x00, 0x00, 0x00, 0x06, 0x00, 0x00, 0x00,
  0x04, 0x00, 0x00, 0x00, 0x20, 0x00, 0x04, 0x00, 0x1B, 0x00, 0x00, 0x00, 0x07, 0x00, 0x00, 0x00,
  0x1A, 0x00, 0x00, 0x00, 0x19, 0x00, 0x09, 0x00, 0x1D, 0x00, 0x00, 0x00, 0x06, 0x00, 0x00, 0x00,
  0x01, 0x00, 0x00, 0x00, 0x00, 0x00, 0x00, 0x00, 0x00, 0x00, 0x00, 0x00, 0x00, 0x00, 0x00, 0x00,
  0x01, 0x00, 0x00, 0x00, 0x00, 0x00, 0x00, 0x00, 0x1B, 0x00, 0x03, 0x00, 0x1E, 0x00, 0x00, 0x00,
  0x1D, 0x00, 0x00, 0x00, 0x20, 0x00, 0x04, 0x00, 0x1F, 0x00, 0x00, 0x00, 0x00, 0x00, 0x00, 0x00,
  0x1E, 0x00, 0x00, 0x00, 0x3B, 0x00, 0x04, 0x00, 0x1F, 0x00, 0x00, 0x00, 0x20, 0x00, 0x00, 0x00,
  0x00, 0x00, 0x00, 0x00, 0x3B, 0x00, 0x04, 0x00, 0x1F, 0x00, 0x00, 0x00, 0x25, 0x00, 0x00, 0x00,
  0x00, 0x00, 0x00, 0x00, 0x17, 0x00, 0x04, 0x00, 0x29, 0x00, 0x00, 0x00, 0x06, 0x00, 0x00, 0x00,
  0x03, 0x00, 0x00, 0x00, 0x20, 0x00, 0x04, 0x00, 0x2A, 0x00, 0x00, 0x00, 0x07, 0x00, 0x00, 0x00,
  0x29, 0x00, 0x00, 0x00, 0x2B, 0x00, 0x04, 0x00, 0x06, 0x00, 0x00, 0x00, 0x35, 0x00, 0x00, 0x00,
  0x00, 0x00, 0x00, 0x40, 0x15, 0x00, 0x04, 0x00, 0x38, 0x00, 0x00, 0x00, 0x20, 0x00, 0x00, 0x00,
  0x00, 0x00, 0x00, 0x00, 0x2B, 0x00, 0x04, 0x00, 0x38, 0x00, 0x00, 0x00, 0x39, 0x00, 0x00, 0x00,
  0x03, 0x00, 0x00, 0x00, 0x20, 0x00, 0x04, 0x00, 0x3A, 0x00, 0x00, 0x00, 0x07, 0x00, 0x00, 0x00,
  0x06, 0x00, 0x00, 0x00, 0x2B, 0x00, 0x04, 0x00, 0x10, 0x00, 0x00, 0x00, 0x3E, 0x00, 0x00, 0x00,
  0x02, 0x00, 0x00, 0x00, 0x20, 0x00, 0x04, 0x00, 0x3F, 0x00, 0x00, 0x00, 0x02, 0x00, 0x00, 0x00,
  0x06, 0x00, 0x00, 0x00, 0x20, 0x00, 0x04, 0x00, 0x44, 0x00, 0x00, 0x00, 0x03, 0x00, 0x00, 0x00,
  0x1A, 0x00, 0x00, 0x00, 0x3B, 0x00, 0x04, 0x00, 0x44, 0x00, 0x00, 0x00, 0x45, 0x00, 0x00, 0x00,
  0x03, 0x00, 0x00, 0x00, 0x36, 0x00, 0x05, 0x00, 0x02, 0x00, 0x00, 0x00, 0x04, 0x00, 0x00, 0x00,
  0x00, 0x00, 0x00, 0x00, 0x03, 0x00, 0x00, 0x00, 0xF8, 0x00, 0x02, 0x00, 0x05, 0x00, 0x00, 0x00,
  0x3B, 0x00, 0x04, 0x00, 0x08, 0x00, 0x00, 0x00, 0x09, 0x00, 0x00, 0x00, 0x07, 0x00, 0x00, 0x00,
  0x3B, 0x00, 0x04, 0x00, 0x1B, 0x00, 0x00, 0x00, 0x1C, 0x00, 0x00, 0x00, 0x07, 0x00, 0x00, 0x00,
  0x3B, 0x00, 0x04, 0x00, 0x1B, 0x00, 0x00, 0x00, 0x24, 0x00, 0x00, 0x00, 0x07, 0x00, 0x00, 0x00,
  0x3B, 0x00, 0x04, 0x00, 0x2A, 0x00, 0x00, 0x00, 0x2B, 0x00, 0x00, 0x00, 0x07, 0x00, 0x00, 0x00,
  0x3D, 0x00, 0x04, 0x00, 0x07, 0x00, 0x00, 0x00, 0x0C, 0x00, 0x00, 0x00, 0x0B, 0x00, 0x00, 0x00,
  0x41, 0x00, 0x05, 0x00, 0x12, 0x00, 0x00, 0x00, 0x13, 0x00, 0x00, 0x00, 0x0F, 0x00, 0x00, 0x00,
  0x11, 0x00, 0x00, 0x00, 0x3D, 0x00, 0x04, 0x00, 0x07, 0x00, 0x00, 0x00, 0x14, 0x00, 0x00, 0x00,
  0x13, 0x00, 0x00, 0x00, 0x85, 0x00, 0x05, 0x00, 0x07, 0x00, 0x00, 0x00, 0x15, 0x00, 0x00, 0x00,
  0x0C, 0x00, 0x00, 0x00, 0x14, 0x00, 0x00, 0x00, 0x41, 0x00, 0x05, 0x00, 0x12, 0x00, 0x00, 0x00,
  0x17, 0x00, 0x00, 0x00, 0x0F, 0x00, 0x00, 0x00, 0x16, 0x00, 0x00, 0x00, 0x3D, 0x00, 0x04, 0x00,
  0x07, 0x00, 0x00, 0x00, 0x18, 0x00, 0x00, 0x00, 0x17, 0x00, 0x00, 0x00, 0x81, 0x00, 0x05, 0x00,
  0x07, 0x00, 0x00, 0x00, 0x19, 0x00, 0x00, 0x00, 0x15, 0x00, 0x00, 0x00, 0x18, 0x00, 0x00, 0x00,
  0x3E, 0x00, 0x03, 0x00, 0x09, 0x00, 0x00, 0x00, 0x19, 0x00, 0x00, 0x00, 0x3D, 0x00, 0x04, 0x00,
  0x1E, 0x00, 0x00, 0x00, 0x21, 0x00, 0x00, 0x00, 0x20, 0x00, 0x00, 0x00, 0x3D, 0x00, 0x04, 0x00,
  0x07, 0x00, 0x00, 0x00, 0x22, 0x00, 0x00, 0x00, 0x09, 0x00, 0x00, 0x00, 0x57, 0x00, 0x05, 0x00,
  0x1A, 0x00, 0x00, 0x00, 0x23, 0x00, 0x00, 0x00, 0x21, 0x00, 0x00, 0x00, 0x22, 0x00, 0x00, 0x00,
  0x3E, 0x00, 0x03, 0x00, 0x1C, 0x00, 0x00, 0x00, 0x23, 0x00, 0x00, 0x00, 0x3D, 0x00, 0x04, 0x00,
  0x1E, 0x00, 0x00, 0x00, 0x26, 0x00, 0x00, 0x00, 0x25, 0x00, 0x00, 0x00, 0x3D, 0x00, 0x04, 0x00,
  0x07, 0x00, 0x00, 0x00, 0x27, 0x00, 0x00, 0x00, 0x09, 0x00, 0x00, 0x00, 0x57, 0x00, 0x05, 0x00,
  0x1A, 0x00, 0x00, 0x00, 0x28, 0x00, 0x00, 0x00, 0x26, 0x00, 0x00, 0x00, 0x27, 0x00, 0x00, 0x00,
  0x3E, 0x00, 0x03, 0x00, 0x24, 0x00, 0x00, 0x00, 0x28, 0x00, 0x00, 0x00, 0x3D, 0x00, 0x04, 0x00,
  0x1A, 0x00, 0x00, 0x00, 0x2C, 0x00, 0x00, 0x00, 0x24, 0x00, 0x00, 0x00, 0x4F, 0x00, 0x08, 0x00,
  0x29, 0x00, 0x00, 0x00, 0x2D, 0x00, 0x00, 0x00, 0x2C, 0x00, 0x00, 0x00, 0x2C, 0x00, 0x00, 0x00,
  0x00, 0x00, 0x00, 0x00, 0x01, 0x00, 0x00, 0x00, 0x02, 0x00, 0x00, 0x00, 0x3D, 0x00, 0x04, 0x00,
  0x1A, 0x00, 0x00, 0x00, 0x2E, 0x00, 0x00, 0x00, 0x1C, 0x00, 0x00, 0x00, 0x4F, 0x00, 0x08, 0x00,
  0x29, 0x00, 0x00, 0x00, 0x2F, 0x00, 0x00, 0x00, 0x2E, 0x00, 0x00, 0x00, 0x2E, 0x00, 0x00, 0x00,
  0x00, 0x00, 0x00, 0x00, 0x01, 0x00, 0x00, 0x00, 0x02, 0x00, 0x00, 0x00, 0x3D, 0x00, 0x04, 0x00,
  0x1A, 0x00, 0x00, 0x00, 0x30, 0x00, 0x00, 0x00, 0x1C, 0x00, 0x00, 0x00, 0x4F, 0x00, 0x08, 0x00,
  0x29, 0x00, 0x00, 0x00, 0x31, 0x00, 0x00, 0x00, 0x30, 0x00, 0x00, 0x00, 0x30, 0x00, 0x00, 0x00,
  0x00, 0x00, 0x00, 0x00, 0x01, 0x00, 0x00, 0x00, 0x02, 0x00, 0x00, 0x00, 0x3D, 0x00, 0x04, 0x00,
  0x1A, 0x00, 0x00, 0x00, 0x32, 0x00, 0x00, 0x00, 0x24, 0x00, 0x00, 0x00, 0x4F, 0x00, 0x08, 0x00,
  0x29, 0x00, 0x00, 0x00, 0x33, 0x00, 0x00, 0x00, 0x32, 0x00, 0x00, 0x00, 0x32, 0x00, 0x00, 0x00,
  0x00, 0x00, 0x00, 0x00, 0x01, 0x00, 0x00, 0x00, 0x02, 0x00, 0x00, 0x00, 0x85, 0x00, 0x05, 0x00,
  0x29, 0x00, 0x00, 0x00, 0x34, 0x00, 0x00, 0x00, 0x31, 0x00, 0x00, 0x00, 0x33, 0x00, 0x00, 0x00,
  0x8E, 0x00, 0x05, 0x00, 0x29, 0x00, 0x00, 0x00, 0x36, 0x00, 0x00, 0x00, 0x34, 0x00, 0x00, 0x00,
  0x35, 0x00, 0x00, 0x00, 0x83, 0x00, 0x05, 0x00, 0x29, 0x00, 0x00, 0x00, 0x37, 0x00, 0x00, 0x00,
  0x2F, 0x00, 0x00, 0x00, 0x36, 0x00, 0x00, 0x00, 0x41, 0x00, 0x05, 0x00, 0x3A, 0x00, 0x00, 0x00,
  0x3B, 0x00, 0x00, 0x00, 0x1C, 0x00, 0x00, 0x00, 0x39, 0x00, 0x00, 0x00, 0x3D, 0x00, 0x04, 0x00,
  0x06, 0x00, 0x00, 0x00, 0x3C, 0x00, 0x00, 0x00, 0x3B, 0x00, 0x00, 0x00, 0x8E, 0x00, 0x05, 0x00,
  0x29, 0x00, 0x00, 0x00, 0x3D, 0x00, 0x00, 0x00, 0x37, 0x00, 0x00, 0x00, 0x3C, 0x00, 0x00, 0x00,
  0x41, 0x00, 0x05, 0x00, 0x3F, 0x00, 0x00, 0x00, 0x40, 0x00, 0x00, 0x00, 0x0F, 0x00, 0x00, 0x00,
  0x3E, 0x00, 0x00, 0x00, 0x3D, 0x00, 0x04, 0x00, 0x06, 0x00, 0x00, 0x00, 0x41, 0x00, 0x00, 0x00,
  0x40, 0x00, 0x00, 0x00, 0x8E, 0x00, 0x05, 0x00, 0x29, 0x00, 0x00, 0x00, 0x42, 0x00, 0x00, 0x00,
  0x3D, 0x00, 0x00, 0x00, 0x41, 0x00, 0x00, 0x00, 0x81, 0x00, 0x05, 0x00, 0x29, 0x00, 0x00, 0x00,
  0x43, 0x00, 0x00, 0x00, 0x2D, 0x00, 0x00, 0x00, 0x42, 0x00, 0x00, 0x00, 0x3E, 0x00, 0x03, 0x00,
  0x2B, 0x00, 0x00, 0x00, 0x43, 0x00, 0x00, 0x00, 0x3D, 0x00, 0x04, 0x00, 0x29, 0x00, 0x00, 0x00,
  0x46, 0x00, 0x00, 0x00, 0x2B, 0x00, 0x00, 0x00, 0x41, 0x00, 0x05, 0x00, 0x3A, 0x00, 0x00, 0x00,
  0x47, 0x00, 0x00, 0x00, 0x24, 0x00, 0x00, 0x00, 0x39, 0x00, 0x00, 0x00, 0x3D, 0x00, 0x04, 0x00,
  0x06, 0x00, 0x00, 0x00, 0x48, 0x00, 0x00, 0x00, 0x47, 0x00, 0x00, 0x00, 0x51, 0x00, 0x05, 0x00,
  0x06, 0x00, 0x00, 0x00, 0x49, 0x00, 0x00, 0x00, 0x46, 0x00, 0x00, 0x00, 0x00, 0x00, 0x00, 0x00,
  0x51, 0x00, 0x05, 0x00, 0x06, 0x00, 0x00, 0x00, 0x4A, 0x00, 0x00, 0x00, 0x46, 0x00, 0x00, 0x00,
  0x01, 0x00, 0x00, 0x00, 0x51, 0x00, 0x05, 0x00, 0x06, 0x00, 0x00, 0x00, 0x4B, 0x00, 0x00, 0x00,
  0x46, 0x00, 0x00, 0x00, 0x02, 0x00, 0x00, 0x00, 0x50, 0x00, 0x07, 0x00, 0x1A, 0x00, 0x00, 0x00,
  0x4C, 0x00, 0x00, 0x00, 0x49, 0x00, 0x00, 0x00, 0x4A, 0x00, 0x00, 0x00, 0x4B, 0x00, 0x00, 0x00,
  0x48, 0x00, 0x00, 0x00, 0x3E, 0x00, 0x03, 0x00, 0x45, 0x00, 0x00, 0x00, 0x4C, 0x00, 0x00, 0x00,
  0xFD, 0x00, 0x01, 0x00, 0x38, 0x00, 0x01, 0x00,
};

static const unsigned int g_ps_hardlight_fragSpvSize = 2500;
static const unsigned char g_ps_hardlight_fragSpv[] = {
  0x03, 0x02, 0x23, 0x07, 0x00, 0x00, 0x01, 0x00, 0x0B, 0x00, 0x0D, 0x00, 0x60, 0x00, 0x00, 0x00,
  0x00, 0x00, 0x00, 0x00, 0x11, 0x00, 0x02, 0x00, 0x01, 0x00, 0x00, 0x00, 0x0B, 0x00, 0x06, 0x00,
  0x01, 0x00, 0x00, 0x00, 0x47, 0x4C, 0x53, 0x4C, 0x2E, 0x73, 0x74, 0x64, 0x2E, 0x34, 0x35, 0x30,
  0x00, 0x00, 0x00, 0x00, 0x0E, 0x00, 0x03, 0x00, 0x00, 0x00, 0x00, 0x00, 0x01, 0x00, 0x00, 0x00,
  0x0F, 0x00, 0x07, 0x00, 0x04, 0x00, 0x00, 0x00, 0x04, 0x00, 0x00, 0x00, 0x6D, 0x61, 0x69, 0x6E,
  0x00, 0x00, 0x00, 0x00, 0x0B, 0x00, 0x00, 0x00, 0x4A, 0x00, 0x00, 0x00, 0x10, 0x00, 0x03, 0x00,
  0x04, 0x00, 0x00, 0x00, 0x07, 0x00, 0x00, 0x00, 0x03, 0x00, 0x03, 0x00, 0x02, 0x00, 0x00, 0x00,
  0xC2, 0x01, 0x00, 0x00, 0x04, 0x00, 0x0A, 0x00, 0x47, 0x4C, 0x5F, 0x47, 0x4F, 0x4F, 0x47, 0x4C,
  0x45, 0x5F, 0x63, 0x70, 0x70, 0x5F, 0x73, 0x74, 0x79, 0x6C, 0x65, 0x5F, 0x6C, 0x69, 0x6E, 0x65,
  0x5F, 0x64, 0x69, 0x72, 0x65, 0x63, 0x74, 0x69, 0x76, 0x65, 0x00, 0x00, 0x04, 0x00, 0x08, 0x00,
  0x47, 0x4C, 0x5F, 0x47, 0x4F, 0x4F, 0x47, 0x4C, 0x45, 0x5F, 0x69, 0x6E, 0x63, 0x6C, 0x75, 0x64,
  0x65, 0x5F, 0x64, 0x69, 0x72, 0x65, 0x63, 0x74, 0x69, 0x76, 0x65, 0x00, 0x05, 0x00, 0x04, 0x00,
  0x04, 0x00, 0x00, 0x00, 0x6D, 0x61, 0x69, 0x6E, 0x00, 0x00, 0x00, 0x00, 0x05, 0x00, 0x03, 0x00,
  0x09, 0x00, 0x00, 0x00, 0x75, 0x76, 0x00, 0x00, 0x05, 0x00, 0x03, 0x00, 0x0B, 0x00, 0x00, 0x00,
  0x76, 0x55, 0x56, 0x00, 0x05, 0x00, 0x05, 0x00, 0x0D, 0x00, 0x00, 0x00, 0x46, 0x72, 0x61, 0x67,
  0x50, 0x61, 0x72, 0x61, 0x6D, 0x73, 0x00, 0x00, 0x06, 0x00, 0x06, 0x00, 0x0D, 0x00, 0x00, 0x00,
  0x00, 0x00, 0x00, 0x00, 0x75, 0x76, 0x4F, 0x66, 0x66, 0x73, 0x65, 0x74, 0x00, 0x00, 0x00, 0x00,
  0x06, 0x00, 0x05, 0x00, 0x0D, 0x00, 0x00, 0x00, 0x01, 0x00, 0x00, 0x00, 0x75, 0x76, 0x53, 0x63,
  0x61, 0x6C, 0x65, 0x00, 0x06, 0x00, 0x05, 0x00, 0x0D, 0x00, 0x00, 0x00, 0x02, 0x00, 0x00, 0x00,
  0x6F, 0x70, 0x61, 0x63, 0x69, 0x74, 0x79, 0x00, 0x06, 0x00, 0x04, 0x00, 0x0D, 0x00, 0x00, 0x00,
  0x03, 0x00, 0x00, 0x00, 0x70, 0x61, 0x64, 0x00, 0x05, 0x00, 0x03, 0x00, 0x0F, 0x00, 0x00, 0x00,
  0x75, 0x50, 0x00, 0x00, 0x05, 0x00, 0x03, 0x00, 0x1C, 0x00, 0x00, 0x00, 0x73, 0x72, 0x63, 0x00,
  0x05, 0x00, 0x04, 0x00, 0x20, 0x00, 0x00, 0x00, 0x75, 0x53, 0x72, 0x63, 0x00, 0x00, 0x00, 0x00,
  0x05, 0x00, 0x03, 0x00, 0x24, 0x00, 0x00, 0x00, 0x64, 0x73, 0x74, 0x00, 0x05, 0x00, 0x04, 0x00,
  0x25, 0x00, 0x00, 0x00, 0x75, 0x44, 0x73, 0x74, 0x00, 0x00, 0x00, 0x00, 0x05, 0x00, 0x03, 0x00,
  0x2B, 0x00, 0x00, 0x00, 0x73, 0x64, 0x00, 0x00, 0x05, 0x00, 0x04, 0x00, 0x31, 0x00, 0x00, 0x00,
  0x72, 0x65, 0x73, 0x75, 0x6C, 0x74, 0x00, 0x00, 0x05, 0x00, 0x05, 0x00, 0x4A, 0x00, 0x00, 0x00,
  0x46, 0x72, 0x61, 0x67, 0x43, 0x6F, 0x6C, 0x6F, 0x72, 0x00, 0x00, 0x00, 0x47, 0x00, 0x04, 0x00,
  0x0B, 0x00, 0x00, 0x00, 0x1E, 0x00, 0x00, 0x00, 0x00, 0x00, 0x00, 0x00, 0x47, 0x00, 0x03, 0x00,
  0x0D, 0x00, 0x00, 0x00, 0x02, 0x00, 0x00, 0x00, 0x48, 0x00, 0x05, 0x00, 0x0D, 0x00, 0x00, 0x00,
  0x00, 0x00, 0x00, 0x00, 0x23, 0x00, 0x00, 0x00, 0x00, 0x00, 0x00, 0x00, 0x48, 0x00, 0x05, 0x00,
  0x0D, 0x00, 0x00, 0x00, 0x01, 0x00, 0x00, 0x00, 0x23, 0x00, 0x00, 0x00, 0x08, 0x00, 0x00, 0x00,
  0x48, 0x00, 0x05, 0x00, 0x0D, 0x00, 0x00, 0x00, 0x02, 0x00, 0x00, 0x00, 0x23, 0x00, 0x00, 0x00,
  0x10, 0x00, 0x00, 0x00, 0x48, 0x00, 0x05, 0x00, 0x0D, 0x00, 0x00, 0x00, 0x03, 0x00, 0x00, 0x00,
  0x23, 0x00, 0x00, 0x00, 0x14, 0x00, 0x00, 0x00, 0x47, 0x00, 0x04, 0x00, 0x0F, 0x00, 0x00, 0x00,
  0x21, 0x00, 0x00, 0x00, 0x00, 0x00, 0x00, 0x00, 0x47, 0x00, 0x04, 0x00, 0x0F, 0x00, 0x00, 0x00,
  0x22, 0x00, 0x00, 0x00, 0x03, 0x00, 0x00, 0x00, 0x47, 0x00, 0x04, 0x00, 0x20, 0x00, 0x00, 0x00,
  0x21, 0x00, 0x00, 0x00, 0x00, 0x00, 0x00, 0x00, 0x47, 0x00, 0x04, 0x00, 0x20, 0x00, 0x00, 0x00,
  0x22, 0x00, 0x00, 0x00, 0x02, 0x00, 0x00, 0x00, 0x47, 0x00, 0x04, 0x00, 0x25, 0x00, 0x00, 0x00,
  0x21, 0x00, 0x00, 0x00, 0x01, 0x00, 0x00, 0x00, 0x47, 0x00, 0x04, 0x00, 0x25, 0x00, 0x00, 0x00,
  0x22, 0x00, 0x00, 0x00, 0x02, 0x00, 0x00, 0x00, 0x47, 0x00, 0x04, 0x00, 0x4A, 0x00, 0x00, 0x00,
  0x1E, 0x00, 0x00, 0x00, 0x00, 0x00, 0x00, 0x00, 0x13, 0x00, 0x02, 0x00, 0x02, 0x00, 0x00, 0x00,
  0x21, 0x00, 0x03, 0x00, 0x03, 0x00, 0x00, 0x00, 0x02, 0x00, 0x00, 0x00, 0x16, 0x00, 0x03, 0x00,
  0x06, 0x00, 0x00, 0x00, 0x20, 0x00, 0x00, 0x00, 0x17, 0x00, 0x04, 0x00, 0x07, 0x00, 0x00, 0x00,
  0x06, 0x00, 0x00, 0x00, 0x02, 0x00, 0x00, 0x00, 0x20, 0x00, 0x04, 0x00, 0x08, 0x00, 0x00, 0x00,
  0x07, 0x00, 0x00, 0x00, 0x07, 0x00, 0x00, 0x00, 0x20, 0x00, 0x04, 0x00, 0x0A, 0x00, 0x00, 0x00,
  0x01, 0x00, 0x00, 0x00, 0x07, 0x00, 0x00, 0x00, 0x3B, 0x00, 0x04, 0x00, 0x0A, 0x00, 0x00, 0x00,
  0x0B, 0x00, 0x00, 0x00, 0x01, 0x00, 0x00, 0x00, 0x1E, 0x00, 0x06, 0x00, 0x0D, 0x00, 0x00, 0x00,
  0x07, 0x00, 0x00, 0x00, 0x07, 0x00, 0x00, 0x00, 0x06, 0x00, 0x00, 0x00, 0x06, 0x00, 0x00, 0x00,
  0x20, 0x00, 0x04, 0x00, 0x0E, 0x00, 0x00, 0x00, 0x02, 0x00, 0x00, 0x00, 0x0D, 0x00, 0x00, 0x00,
  0x3B, 0x00, 0x04, 0x00, 0x0E, 0x00, 0x00, 0x00, 0x0F, 0x00, 0x00, 0x00, 0x02, 0x00, 0x00, 0x00,
  0x15, 0x00, 0x04, 0x00, 0x10, 0x00, 0x00, 0x00, 0x20, 0x00, 0x00, 0x00, 0x01, 0x00, 0x00, 0x00,
  0x2B, 0x00, 0x04, 0x00, 0x10, 0x00, 0x00, 0x00, 0x11, 0x00, 0x00, 0x00, 0x01, 0x00, 0x00, 0x00,
  0x20, 0x00, 0x04, 0x00, 0x12, 0x00, 0x00, 0x00, 0x02, 0x00, 0x00, 0x00, 0x07, 0x00, 0x00, 0x00,
  0x2B, 0x00, 0x04, 0x00, 0x10, 0x00, 0x00, 0x00, 0x16, 0x00, 0x00, 0x00, 0x00, 0x00, 0x00, 0x00,
  0x17, 0x00, 0x04, 0x00, 0x1A, 0x00, 0x00, 0x00, 0x06, 0x00, 0x00, 0x00, 0x04, 0x00, 0x00, 0x00,
  0x20, 0x00, 0x04, 0x00, 0x1B, 0x00, 0x00, 0x00, 0x07, 0x00, 0x00, 0x00, 0x1A, 0x00, 0x00, 0x00,
  0x19, 0x00, 0x09, 0x00, 0x1D, 0x00, 0x00, 0x00, 0x06, 0x00, 0x00, 0x00, 0x01, 0x00, 0x00, 0x00,
  0x00, 0x00, 0x00, 0x00, 0x00, 0x00, 0x00, 0x00, 0x00, 0x00, 0x00, 0x00, 0x01, 0x00, 0x00, 0x00,
  0x00, 0x00, 0x00, 0x00, 0x1B, 0x00, 0x03, 0x00, 0x1E, 0x00, 0x00, 0x00, 0x1D, 0x00, 0x00, 0x00,
  0x20, 0x00, 0x04, 0x00, 0x1F, 0x00, 0x00, 0x00, 0x00, 0x00, 0x00, 0x00, 0x1E, 0x00, 0x00, 0x00,
  0x3B, 0x00, 0x04, 0x00, 0x1F, 0x00, 0x00, 0x00, 0x20, 0x00, 0x00, 0x00, 0x00, 0x00, 0x00, 0x00,
  0x3B, 0x00, 0x04, 0x00, 0x1F, 0x00, 0x00, 0x00, 0x25, 0x00, 0x00, 0x00, 0x00, 0x00, 0x00, 0x00,
  0x17, 0x00, 0x04, 0x00, 0x29, 0x00, 0x00, 0x00, 0x06, 0x00, 0x00, 0x00, 0x03, 0x00, 0x00, 0x00,
  0x20, 0x00, 0x04, 0x00, 0x2A, 0x00, 0x00, 0x00, 0x07, 0x00, 0x00, 0x00, 0x29, 0x00, 0x00, 0x00,
  0x2B, 0x00, 0x04, 0x00, 0x06, 0x00, 0x00, 0x00, 0x32, 0x00, 0x00, 0x00, 0x00, 0x00, 0x00, 0x3F,
  0x2B, 0x00, 0x04, 0x00, 0x06, 0x00, 0x00, 0x00, 0x3C, 0x00, 0x00, 0x00, 0x00, 0x00, 0x00, 0x40,
  0x2B, 0x00, 0x04, 0x00, 0x06, 0x00, 0x00, 0x00, 0x3F, 0x00, 0x00, 0x00, 0x00, 0x00, 0x80, 0x40,
  0x2B, 0x00, 0x04, 0x00, 0x06, 0x00, 0x00, 0x00, 0x42, 0x00, 0x00, 0x00, 0x00, 0x00, 0x80, 0x3F,
  0x20, 0x00, 0x04, 0x00, 0x49, 0x00, 0x00, 0x00, 0x03, 0x00, 0x00, 0x00, 0x1A, 0x00, 0x00, 0x00,
  0x3B, 0x00, 0x04, 0x00, 0x49, 0x00, 0x00, 0x00, 0x4A, 0x00, 0x00, 0x00, 0x03, 0x00, 0x00, 0x00,
  0x15, 0x00, 0x04, 0x00, 0x4E, 0x00, 0x00, 0x00, 0x20, 0x00, 0x00, 0x00, 0x00, 0x00, 0x00, 0x00,
  0x2B, 0x00, 0x04, 0x00, 0x4E, 0x00, 0x00, 0x00, 0x4F, 0x00, 0x00, 0x00, 0x03, 0x00, 0x00, 0x00,
  0x20, 0x00, 0x04, 0x00, 0x50, 0x00, 0x00, 0x00, 0x07, 0x00, 0x00, 0x00, 0x06, 0x00, 0x00, 0x00,
  0x2B, 0x00, 0x04, 0x00, 0x10, 0x00, 0x00, 0x00, 0x53, 0x00, 0x00, 0x00, 0x02, 0x00, 0x00, 0x00,
  0x20, 0x00, 0x04, 0x00, 0x54, 0x00, 0x00, 0x00, 0x02, 0x00, 0x00, 0x00, 0x06, 0x00, 0x00, 0x00,
  0x36, 0x00, 0x05, 0x00, 0x02, 0x00, 0x00, 0x00, 0x04, 0x00, 0x00, 0x00, 0x00, 0x00, 0x00, 0x00,
  0x03, 0x00, 0x00, 0x00, 0xF8, 0x00, 0x02, 0x00, 0x05, 0x00, 0x00, 0x00, 0x3B, 0x00, 0x04, 0x00,
  0x08, 0x00, 0x00, 0x00, 0x09, 0x00, 0x00, 0x00, 0x07, 0x00, 0x00, 0x00, 0x3B, 0x00, 0x04, 0x00,
  0x1B, 0x00, 0x00, 0x00, 0x1C, 0x00, 0x00, 0x00, 0x07, 0x00, 0x00, 0x00, 0x3B, 0x00, 0x04, 0x00,
  0x1B, 0x00, 0x00, 0x00, 0x24, 0x00, 0x00, 0x00, 0x07, 0x00, 0x00, 0x00, 0x3B, 0x00, 0x04, 0x00,
  0x2A, 0x00, 0x00, 0x00, 0x2B, 0x00, 0x00, 0x00, 0x07, 0x00, 0x00, 0x00, 0x3B, 0x00, 0x04, 0x00,
  0x2A, 0x00, 0x00, 0x00, 0x31, 0x00, 0x00, 0x00, 0x07, 0x00, 0x00, 0x00, 0x3D, 0x00, 0x04, 0x00,
  0x07, 0x00, 0x00, 0x00, 0x0C, 0x00, 0x00, 0x00, 0x0B, 0x00, 0x00, 0x00, 0x41, 0x00, 0x05, 0x00,
  0x12, 0x00, 0x00, 0x00, 0x13, 0x00, 0x00, 0x00, 0x0F, 0x00, 0x00, 0x00, 0x11, 0x00, 0x00, 0x00,
  0x3D, 0x00, 0x04, 0x00, 0x07, 0x00, 0x00, 0x00, 0x14, 0x00, 0x00, 0x00, 0x13, 0x00, 0x00, 0x00,
  0x85, 0x00, 0x05, 0x00, 0x07, 0x00, 0x00, 0x00, 0x15, 0x00, 0x00, 0x00, 0x0C, 0x00, 0x00, 0x00,
  0x14, 0x00, 0x00, 0x00, 0x41, 0x00, 0x05, 0x00, 0x12, 0x00, 0x00, 0x00, 0x17, 0x00, 0x00, 0x00,
  0x0F, 0x00, 0x00, 0x00, 0x16, 0x00, 0x00, 0x00, 0x3D, 0x00, 0x04, 0x00, 0x07, 0x00, 0x00, 0x00,
  0x18, 0x00, 0x00, 0x00, 0x17, 0x00, 0x00, 0x00, 0x81, 0x00, 0x05, 0x00, 0x07, 0x00, 0x00, 0x00,
  0x19, 0x00, 0x00, 0x00, 0x15, 0x00, 0x00, 0x00, 0x18, 0x00, 0x00, 0x00, 0x3E, 0x00, 0x03, 0x00,
  0x09, 0x00, 0x00, 0x00, 0x19, 0x00, 0x00, 0x00, 0x3D, 0x00, 0x04, 0x00, 0x1E, 0x00, 0x00, 0x00,
  0x21, 0x00, 0x00, 0x00, 0x20, 0x00, 0x00, 0x00, 0x3D, 0x00, 0x04, 0x00, 0x07, 0x00, 0x00, 0x00,
  0x22, 0x00, 0x00, 0x00, 0x09, 0x00, 0x00, 0x00, 0x57, 0x00, 0x05, 0x00, 0x1A, 0x00, 0x00, 0x00,
  0x23, 0x00, 0x00, 0x00, 0x21, 0x00, 0x00, 0x00, 0x22, 0x00, 0x00, 0x00, 0x3E, 0x00, 0x03, 0x00,
  0x1C, 0x00, 0x00, 0x00, 0x23, 0x00, 0x00, 0x00, 0x3D, 0x00, 0x04, 0x00, 0x1E, 0x00, 0x00, 0x00,
  0x26, 0x00, 0x00, 0x00, 0x25, 0x00, 0x00, 0x00, 0x3D, 0x00, 0x04, 0x00, 0x07, 0x00, 0x00, 0x00,
  0x27, 0x00, 0x00, 0x00, 0x09, 0x00, 0x00, 0x00, 0x57, 0x00, 0x05, 0x00, 0x1A, 0x00, 0x00, 0x00,
  0x28, 0x00, 0x00, 0x00, 0x26, 0x00, 0x00, 0x00, 0x27, 0x00, 0x00, 0x00, 0x3E, 0x00, 0x03, 0x00,
  0x24, 0x00, 0x00, 0x00, 0x28, 0x00, 0x00, 0x00, 0x3D, 0x00, 0x04, 0x00, 0x1A, 0x00, 0x00, 0x00,
  0x2C, 0x00, 0x00, 0x00, 0x1C, 0x00, 0x00, 0x00, 0x4F, 0x00, 0x08, 0x00, 0x29, 0x00, 0x00, 0x00,
  0x2D, 0x00, 0x00, 0x00, 0x2C, 0x00, 0x00, 0x00, 0x2C, 0x00, 0x00, 0x00, 0x00, 0x00, 0x00, 0x00,
  0x01, 0x00, 0x00, 0x00, 0x02, 0x00, 0x00, 0x00, 0x3D, 0x00, 0x04, 0x00, 0x1A, 0x00, 0x00, 0x00,
  0x2E, 0x00, 0x00, 0x00, 0x24, 0x00, 0x00, 0x00, 0x4F, 0x00, 0x08, 0x00, 0x29, 0x00, 0x00, 0x00,
  0x2F, 0x00, 0x00, 0x00, 0x2E, 0x00, 0x00, 0x00, 0x2E, 0x00, 0x00, 0x00, 0x00, 0x00, 0x00, 0x00,
  0x01, 0x00, 0x00, 0x00, 0x02, 0x00, 0x00, 0x00, 0x85, 0x00, 0x05, 0x00, 0x29, 0x00, 0x00, 0x00,
  0x30, 0x00, 0x00, 0x00, 0x2D, 0x00, 0x00, 0x00, 0x2F, 0x00, 0x00, 0x00, 0x3E, 0x00, 0x03, 0x00,
  0x2B, 0x00, 0x00, 0x00, 0x30, 0x00, 0x00, 0x00, 0x3D, 0x00, 0x04, 0x00, 0x1A, 0x00, 0x00, 0x00,
  0x33, 0x00, 0x00, 0x00, 0x1C, 0x00, 0x00, 0x00, 0x4F, 0x00, 0x08, 0x00, 0x29, 0x00, 0x00, 0x00,
  0x34, 0x00, 0x00, 0x00, 0x33, 0x00, 0x00, 0x00, 0x33, 0x00, 0x00, 0x00, 0x00, 0x00, 0x00, 0x00,
  0x01, 0x00, 0x00, 0x00, 0x02, 0x00, 0x00, 0x00, 0x50, 0x00, 0x06, 0x00, 0x29, 0x00, 0x00, 0x00,
  0x35, 0x00, 0x00, 0x00, 0x32, 0x00, 0x00, 0x00, 0x32, 0x00, 0x00, 0x00, 0x32, 0x00, 0x00, 0x00,
  0x0C, 0x00, 0x07, 0x00, 0x29, 0x00, 0x00, 0x00, 0x36, 0x00, 0x00, 0x00, 0x01, 0x00, 0x00, 0x00,
  0x30, 0x00, 0x00, 0x00, 0x35, 0x00, 0x00, 0x00, 0x34, 0x00, 0x00, 0x00, 0x3D, 0x00, 0x04, 0x00,
  0x1A, 0x00, 0x00, 0x00, 0x37, 0x00, 0x00, 0x00, 0x1C, 0x00, 0x00, 0x00, 0x4F, 0x00, 0x08, 0x00,
  0x29, 0x00, 0x00, 0x00, 0x38, 0x00, 0x00, 0x00, 0x37, 0x00, 0x00, 0x00, 0x37, 0x00, 0x00, 0x00,
  0x00, 0x00, 0x00, 0x00, 0x01, 0x00, 0x00, 0x00, 0x02, 0x00, 0x00, 0x00, 0x3D, 0x00, 0x04, 0x00,
  0x1A, 0x00, 0x00, 0x00, 0x39, 0x00, 0x00, 0x00, 0x24, 0x00, 0x00, 0x00, 0x4F, 0x00, 0x08, 0x00,
  0x29, 0x00, 0x00, 0x00, 0x3A, 0x00, 0x00, 0x00, 0x39, 0x00, 0x00, 0x00, 0x39, 0x00, 0x00, 0x00,
  0x00, 0x00, 0x00, 0x00, 0x01, 0x00, 0x00, 0x00, 0x02, 0x00, 0x00, 0x00, 0x81, 0x00, 0x05, 0x00,
  0x29, 0x00, 0x00, 0x00, 0x3B, 0x00, 0x00, 0x00, 0x38, 0x00, 0x00, 0x00, 0x3A, 0x00, 0x00, 0x00,
  0x8E, 0x00, 0x05, 0x00, 0x29, 0x00, 0x00, 0x00, 0x3D, 0x00, 0x00, 0x00, 0x3B, 0x00, 0x00, 0x00,
  0x3C, 0x00, 0x00, 0x00, 0x3D, 0x00, 0x04, 0x00, 0x29, 0x00, 0x00, 0x00, 0x3E, 0x00, 0x00, 0x00,
  0x2B, 0x00, 0x00, 0x00, 0x8E, 0x00, 0x05, 0x00, 0x29, 0x00, 0x00, 0x00, 0x40, 0x00, 0x00, 0x00,
  0x3E, 0x00, 0x00, 0x00, 0x3F, 0x00, 0x00, 0x00, 0x83, 0x00, 0x05, 0x00, 0x29, 0x00, 0x00, 0x00,
  0x41, 0x00, 0x00, 0x00, 0x3D, 0x00, 0x00, 0x00, 0x40, 0x00, 0x00, 0x00, 0x50, 0x00, 0x06, 0x00,
  0x29, 0x00, 0x00, 0x00, 0x43, 0x00, 0x00, 0x00, 0x42, 0x00, 0x00, 0x00, 0x42, 0x00, 0x00, 0x00,
  0x42, 0x00, 0x00, 0x00, 0x83, 0x00, 0x05, 0x00, 0x29, 0x00, 0x00, 0x00, 0x44, 0x00, 0x00, 0x00,
  0x41, 0x00, 0x00, 0x00, 0x43, 0x00, 0x00, 0x00, 0x85, 0x00, 0x05, 0x00, 0x29, 0x00, 0x00, 0x00,
  0x45, 0x00, 0x00, 0x00, 0x36, 0x00, 0x00, 0x00, 0x44, 0x00, 0x00, 0x00, 0x3D, 0x00, 0x04, 0x00,
  0x29, 0x00, 0x00, 0x00, 0x46, 0x00, 0x00, 0x00, 0x2B, 0x00, 0x00, 0x00, 0x8E, 0x00, 0x05, 0x00,
  0x29, 0x00, 0x00, 0x00, 0x47, 0x00, 0x00, 0x00, 0x46, 0x00, 0x00, 0x00, 0x3C, 0x00, 0x00, 0x00,
  0x81, 0x00, 0x05, 0x00, 0x29, 0x00, 0x00, 0x00, 0x48, 0x00, 0x00, 0x00, 0x45, 0x00, 0x00, 0x00,
  0x47, 0x00, 0x00, 0x00, 0x3E, 0x00, 0x03, 0x00, 0x31, 0x00, 0x00, 0x00, 0x48, 0x00, 0x00, 0x00,
  0x3D, 0x00, 0x04, 0x00, 0x1A, 0x00, 0x00, 0x00, 0x4B, 0x00, 0x00, 0x00, 0x24, 0x00, 0x00, 0x00,
  0x4F, 0x00, 0x08, 0x00, 0x29, 0x00, 0x00, 0x00, 0x4C, 0x00, 0x00, 0x00, 0x4B, 0x00, 0x00, 0x00,
  0x4B, 0x00, 0x00, 0x00, 0x00, 0x00, 0x00, 0x00, 0x01, 0x00, 0x00, 0x00, 0x02, 0x00, 0x00, 0x00,
  0x3D, 0x00, 0x04, 0x00, 0x29, 0x00, 0x00, 0x00, 0x4D, 0x00, 0x00, 0x00, 0x31, 0x00, 0x00, 0x00,
  0x41, 0x00, 0x05, 0x00, 0x50, 0x00, 0x00, 0x00, 0x51, 0x00, 0x00, 0x00, 0x1C, 0x00, 0x00, 0x00,
  0x4F, 0x00, 0x00, 0x00, 0x3D, 0x00, 0x04, 0x00, 0x06, 0x00, 0x00, 0x00, 0x52, 0x00, 0x00, 0x00,
  0x51, 0x00, 0x00, 0x00, 0x41, 0x00, 0x05, 0x00, 0x54, 0x00, 0x00, 0x00, 0x55, 0x00, 0x00, 0x00,
  0x0F, 0x00, 0x00, 0x00, 0x53, 0x00, 0x00, 0x00, 0x3D, 0x00, 0x04, 0x00, 0x06, 0x00, 0x00, 0x00,
  0x56, 0x00, 0x00, 0x00, 0x55, 0x00, 0x00, 0x00, 0x85, 0x00, 0x05, 0x00, 0x06, 0x00, 0x00, 0x00,
  0x57, 0x00, 0x00, 0x00, 0x52, 0x00, 0x00, 0x00, 0x56, 0x00, 0x00, 0x00, 0x50, 0x00, 0x06, 0x00,
  0x29, 0x00, 0x00, 0x00, 0x58, 0x00, 0x00, 0x00, 0x57, 0x00, 0x00, 0x00, 0x57, 0x00, 0x00, 0x00,
  0x57, 0x00, 0x00, 0x00, 0x0C, 0x00, 0x08, 0x00, 0x29, 0x00, 0x00, 0x00, 0x59, 0x00, 0x00, 0x00,
  0x01, 0x00, 0x00, 0x00, 0x2E, 0x00, 0x00, 0x00, 0x4C, 0x00, 0x00, 0x00, 0x4D, 0x00, 0x00, 0x00,
  0x58, 0x00, 0x00, 0x00, 0x41, 0x00, 0x05, 0x00, 0x50, 0x00, 0x00, 0x00, 0x5A, 0x00, 0x00, 0x00,
  0x24, 0x00, 0x00, 0x00, 0x4F, 0x00, 0x00, 0x00, 0x3D, 0x00, 0x04, 0x00, 0x06, 0x00, 0x00, 0x00,
  0x5B, 0x00, 0x00, 0x00, 0x5A, 0x00, 0x00, 0x00, 0x51, 0x00, 0x05, 0x00, 0x06, 0x00, 0x00, 0x00,
  0x5C, 0x00, 0x00, 0x00, 0x59, 0x00, 0x00, 0x00, 0x00, 0x00, 0x00, 0x00, 0x51, 0x00, 0x05, 0x00,
  0x06, 0x00, 0x00, 0x00, 0x5D, 0x00, 0x00, 0x00, 0x59, 0x00, 0x00, 0x00, 0x01, 0x00, 0x00, 0x00,
  0x51, 0x00, 0x05, 0x00, 0x06, 0x00, 0x00, 0x00, 0x5E, 0x00, 0x00, 0x00, 0x59, 0x00, 0x00, 0x00,
  0x02, 0x00, 0x00, 0x00, 0x50, 0x00, 0x07, 0x00, 0x1A, 0x00, 0x00, 0x00, 0x5F, 0x00, 0x00, 0x00,
  0x5C, 0x00, 0x00, 0x00, 0x5D, 0x00, 0x00, 0x00, 0x5E, 0x00, 0x00, 0x00, 0x5B, 0x00, 0x00, 0x00,
  0x3E, 0x00, 0x03, 0x00, 0x4A, 0x00, 0x00, 0x00, 0x5F, 0x00, 0x00, 0x00, 0xFD, 0x00, 0x01, 0x00,
  0x38, 0x00, 0x01, 0x00,
};

static const unsigned int g_ps_lighten_fragSpvSize = 1992;
static const unsigned char g_ps_lighten_fragSpv[] = {
  0x03, 0x02, 0x23, 0x07, 0x00, 0x00, 0x01, 0x00, 0x0B, 0x00, 0x0D, 0x00, 0x48, 0x00, 0x00, 0x00,
  0x00, 0x00, 0x00, 0x00, 0x11, 0x00, 0x02, 0x00, 0x01, 0x00, 0x00, 0x00, 0x0B, 0x00, 0x06, 0x00,
  0x01, 0x00, 0x00, 0x00, 0x47, 0x4C, 0x53, 0x4C, 0x2E, 0x73, 0x74, 0x64, 0x2E, 0x34, 0x35, 0x30,
  0x00, 0x00, 0x00, 0x00, 0x0E, 0x00, 0x03, 0x00, 0x00, 0x00, 0x00, 0x00, 0x01, 0x00, 0x00, 0x00,
  0x0F, 0x00, 0x07, 0x00, 0x04, 0x00, 0x00, 0x00, 0x04, 0x00, 0x00, 0x00, 0x6D, 0x61, 0x69, 0x6E,
  0x00, 0x00, 0x00, 0x00, 0x0B, 0x00, 0x00, 0x00, 0x32, 0x00, 0x00, 0x00, 0x10, 0x00, 0x03, 0x00,
  0x04, 0x00, 0x00, 0x00, 0x07, 0x00, 0x00, 0x00, 0x03, 0x00, 0x03, 0x00, 0x02, 0x00, 0x00, 0x00,
  0xC2, 0x01, 0x00, 0x00, 0x04, 0x00, 0x0A, 0x00, 0x47, 0x4C, 0x5F, 0x47, 0x4F, 0x4F, 0x47, 0x4C,
  0x45, 0x5F, 0x63, 0x70, 0x70, 0x5F, 0x73, 0x74, 0x79, 0x6C, 0x65, 0x5F, 0x6C, 0x69, 0x6E, 0x65,
  0x5F, 0x64, 0x69, 0x72, 0x65, 0x63, 0x74, 0x69, 0x76, 0x65, 0x00, 0x00, 0x04, 0x00, 0x08, 0x00,
  0x47, 0x4C, 0x5F, 0x47, 0x4F, 0x4F, 0x47, 0x4C, 0x45, 0x5F, 0x69, 0x6E, 0x63, 0x6C, 0x75, 0x64,
  0x65, 0x5F, 0x64, 0x69, 0x72, 0x65, 0x63, 0x74, 0x69, 0x76, 0x65, 0x00, 0x05, 0x00, 0x04, 0x00,
  0x04, 0x00, 0x00, 0x00, 0x6D, 0x61, 0x69, 0x6E, 0x00, 0x00, 0x00, 0x00, 0x05, 0x00, 0x03, 0x00,
  0x09, 0x00, 0x00, 0x00, 0x75, 0x76, 0x00, 0x00, 0x05, 0x00, 0x03, 0x00, 0x0B, 0x00, 0x00, 0x00,
  0x76, 0x55, 0x56, 0x00, 0x05, 0x00, 0x05, 0x00, 0x0D, 0x00, 0x00, 0x00, 0x46, 0x72, 0x61, 0x67,
  0x50, 0x61, 0x72, 0x61, 0x6D, 0x73, 0x00, 0x00, 0x06, 0x00, 0x06, 0x00, 0x0D, 0x00, 0x00, 0x00,
  0x00, 0x00, 0x00, 0x00, 0x75, 0x76, 0x4F, 0x66, 0x66, 0x73, 0x65, 0x74, 0x00, 0x00, 0x00, 0x00,
  0x06, 0x00, 0x05, 0x00, 0x0D, 0x00, 0x00, 0x00, 0x01, 0x00, 0x00, 0x00, 0x75, 0x76, 0x53, 0x63,
  0x61, 0x6C, 0x65, 0x00, 0x06, 0x00, 0x05, 0x00, 0x0D, 0x00, 0x00, 0x00, 0x02, 0x00, 0x00, 0x00,
  0x6F, 0x70, 0x61, 0x63, 0x69, 0x74, 0x79, 0x00, 0x06, 0x00, 0x04, 0x00, 0x0D, 0x00, 0x00, 0x00,
  0x03, 0x00, 0x00, 0x00, 0x70, 0x61, 0x64, 0x00, 0x05, 0x00, 0x03, 0x00, 0x0F, 0x00, 0x00, 0x00,
  0x75, 0x50, 0x00, 0x00, 0x05, 0x00, 0x03, 0x00, 0x1C, 0x00, 0x00, 0x00, 0x73, 0x72, 0x63, 0x00,
  0x05, 0x00, 0x04, 0x00, 0x20, 0x00, 0x00, 0x00, 0x75, 0x53, 0x72, 0x63, 0x00, 0x00, 0x00, 0x00,
  0x05, 0x00, 0x03, 0x00, 0x24, 0x00, 0x00, 0x00, 0x64, 0x73, 0x74, 0x00, 0x05, 0x00, 0x04, 0x00,
  0x25, 0x00, 0x00, 0x00, 0x75, 0x44, 0x73, 0x74, 0x00, 0x00, 0x00, 0x00, 0x05, 0x00, 0x04, 0x00,
  0x2B, 0x00, 0x00, 0x00, 0x72, 0x65, 0x73, 0x75, 0x6C, 0x74, 0x00, 0x00, 0x05, 0x00, 0x05, 0x00,
  0x32, 0x00, 0x00, 0x00, 0x46, 0x72, 0x61, 0x67, 0x43, 0x6F, 0x6C, 0x6F, 0x72, 0x00, 0x00, 0x00,
  0x47, 0x00, 0x04, 0x00, 0x0B, 0x00, 0x00, 0x00, 0x1E, 0x00, 0x00, 0x00, 0x00, 0x00, 0x00, 0x00,
  0x47, 0x00, 0x03, 0x00, 0x0D, 0x00, 0x00, 0x00, 0x02, 0x00, 0x00, 0x00, 0x48, 0x00, 0x05, 0x00,
  0x0D, 0x00, 0x00, 0x00, 0x00, 0x00, 0x00, 0x00, 0x23, 0x00, 0x00, 0x00, 0x00, 0x00, 0x00, 0x00,
  0x48, 0x00, 0x05, 0x00, 0x0D, 0x00, 0x00, 0x00, 0x01, 0x00, 0x00, 0x00, 0x23, 0x00, 0x00, 0x00,
  0x08, 0x00, 0x00, 0x00, 0x48, 0x00, 0x05, 0x00, 0x0D, 0x00, 0x00, 0x00, 0x02, 0x00, 0x00, 0x00,
  0x23, 0x00, 0x00, 0x00, 0x10, 0x00, 0x00, 0x00, 0x48, 0x00, 0x05, 0x00, 0x0D, 0x00, 0x00, 0x00,
  0x03, 0x00, 0x00, 0x00, 0x23, 0x00, 0x00, 0x00, 0x14, 0x00, 0x00, 0x00, 0x47, 0x00, 0x04, 0x00,
  0x0F, 0x00, 0x00, 0x00, 0x21, 0x00, 0x00, 0x00, 0x00, 0x00, 0x00, 0x00, 0x47, 0x00, 0x04, 0x00,
  0x0F, 0x00, 0x00, 0x00, 0x22, 0x00, 0x00, 0x00, 0x03, 0x00, 0x00, 0x00, 0x47, 0x00, 0x04, 0x00,
  0x20, 0x00, 0x00, 0x00, 0x21, 0x00, 0x00, 0x00, 0x00, 0x00, 0x00, 0x00, 0x47, 0x00, 0x04, 0x00,
  0x20, 0x00, 0x00, 0x00, 0x22, 0x00, 0x00, 0x00, 0x02, 0x00, 0x00, 0x00, 0x47, 0x00, 0x04, 0x00,
  0x25, 0x00, 0x00, 0x00, 0x21, 0x00, 0x00, 0x00, 0x01, 0x00, 0x00, 0x00, 0x47, 0x00, 0x04, 0x00,
  0x25, 0x00, 0x00, 0x00, 0x22, 0x00, 0x00, 0x00, 0x02, 0x00, 0x00, 0x00, 0x47, 0x00, 0x04, 0x00,
  0x32, 0x00, 0x00, 0x00, 0x1E, 0x00, 0x00, 0x00, 0x00, 0x00, 0x00, 0x00, 0x13, 0x00, 0x02, 0x00,
  0x02, 0x00, 0x00, 0x00, 0x21, 0x00, 0x03, 0x00, 0x03, 0x00, 0x00, 0x00, 0x02, 0x00, 0x00, 0x00,
  0x16, 0x00, 0x03, 0x00, 0x06, 0x00, 0x00, 0x00, 0x20, 0x00, 0x00, 0x00, 0x17, 0x00, 0x04, 0x00,
  0x07, 0x00, 0x00, 0x00, 0x06, 0x00, 0x00, 0x00, 0x02, 0x00, 0x00, 0x00, 0x20, 0x00, 0x04, 0x00,
  0x08, 0x00, 0x00, 0x00, 0x07, 0x00, 0x00, 0x00, 0x07, 0x00, 0x00, 0x00, 0x20, 0x00, 0x04, 0x00,
  0x0A, 0x00, 0x00, 0x00, 0x01, 0x00, 0x00, 0x00, 0x07, 0x00, 0x00, 0x00, 0x3B, 0x00, 0x04, 0x00,
  0x0A, 0x00, 0x00, 0x00, 0x0B, 0x00, 0x00, 0x00, 0x01, 0x00, 0x00, 0x00, 0x1E, 0x00, 0x06, 0x00,
  0x0D, 0x00, 0x00, 0x00, 0x07, 0x00, 0x00, 0x00, 0x07, 0x00, 0x00, 0x00, 0x06, 0x00, 0x00, 0x00,
  0x06, 0x00, 0x00, 0x00, 0x20, 0x00, 0x04, 0x00, 0x0E, 0x00, 0x00, 0x00, 0x02, 0x00, 0x00, 0x00,
  0x0D, 0x00, 0x00, 0x00, 0x3B, 0x00, 0x04, 0x00, 0x0E, 0x00, 0x00, 0x00, 0x0F, 0x00, 0x00, 0x00,
  0x02, 0x00, 0x00, 0x00, 0x15, 0x00, 0x04, 0x00, 0x10, 0x00, 0x00, 0x00, 0x20, 0x00, 0x00, 0x00,
  0x01, 0x00, 0x00, 0x00, 0x2B, 0x00, 0x04, 0x00, 0x10, 0x00, 0x00, 0x00, 0x11, 0x00, 0x00, 0x00,
  0x01, 0x00, 0x00, 0x00, 0x20, 0x00, 0x04, 0x00, 0x12, 0x00, 0x00, 0x00, 0x02, 0x00, 0x00, 0x00,
  0x07, 0x00, 0x00, 0x00, 0x2B, 0x00, 0x04, 0x00, 0x10, 0x00, 0x00, 0x00, 0x16, 0x00, 0x00, 0x00,
  0x00, 0x00, 0x00, 0x00, 0x17, 0x00, 0x04, 0x00, 0x1A, 0x00, 0x00, 0x00, 0x06, 0x00, 0x00, 0x00,
  0x04, 0x00, 0x00, 0x00, 0x20, 0x00, 0x04, 0x00, 0x1B, 0x00, 0x00, 0x00, 0x07, 0x00, 0x00, 0x00,
  0x1A, 0x00, 0x00, 0x00, 0x19, 0x00, 0x09, 0x00, 0x1D, 0x00, 0x00, 0x00, 0x06, 0x00, 0x00, 0x00,
  0x01, 0x00, 0x00, 0x00, 0x00, 0x00, 0x00, 0x00, 0x00, 0x00, 0x00, 0x00, 0x00, 0x00, 0x00, 0x00,
  0x01, 0x00, 0x00, 0x00, 0x00, 0x00, 0x00, 0x00, 0x1B, 0x00, 0x03, 0x00, 0x1E, 0x00, 0x00, 0x00,
  0x1D, 0x00, 0x00, 0x00, 0x20, 0x00, 0x04, 0x00, 0x1F, 0x00, 0x00, 0x00, 0x00, 0x00, 0x00, 0x00,
  0x1E, 0x00, 0x00, 0x00, 0x3B, 0x00, 0x04, 0x00, 0x1F, 0x00, 0x00, 0x00, 0x20, 0x00, 0x00, 0x00,
  0x00, 0x00, 0x00, 0x00, 0x3B, 0x00, 0x04, 0x00, 0x1F, 0x00, 0x00, 0x00, 0x25, 0x00, 0x00, 0x00,
  0x00, 0x00, 0x00, 0x00, 0x17, 0x00, 0x04, 0x00, 0x29, 0x00, 0x00, 0x00, 0x06, 0x00, 0x00, 0x00,
  0x03, 0x00, 0x00, 0x00, 0x20, 0x00, 0x04, 0x00, 0x2A, 0x00, 0x00, 0x00, 0x07, 0x00, 0x00, 0x00,
  0x29, 0x00, 0x00, 0x00, 0x20, 0x00, 0x04, 0x00, 0x31, 0x00, 0x00, 0x00, 0x03, 0x00, 0x00, 0x00,
  0x1A, 0x00, 0x00, 0x00, 0x3B, 0x00, 0x04, 0x00, 0x31, 0x00, 0x00, 0x00, 0x32, 0x00, 0x00, 0x00,
  0x03, 0x00, 0x00, 0x00, 0x15, 0x00, 0x04, 0x00, 0x36, 0x00, 0x00, 0x00, 0x20, 0x00, 0x00, 0x00,
  0x00, 0x00, 0x00, 0x00, 0x2B, 0x00, 0x04, 0x00, 0x36, 0x00, 0x00, 0x00, 0x37, 0x00, 0x00, 0x00,
  0x03, 0x00, 0x00, 0x00, 0x20, 0x00, 0x04, 0x00, 0x38, 0x00, 0x00, 0x00, 0x07, 0x00, 0x00, 0x00,
  0x06, 0x00, 0x00, 0x00, 0x2B, 0x00, 0x04, 0x00, 0x10, 0x00, 0x00, 0x00, 0x3B, 0x00, 0x00, 0x00,
  0x02, 0x00, 0x00, 0x00, 0x20, 0x00, 0x04, 0x00, 0x3C, 0x00, 0x00, 0x00, 0x02, 0x00, 0x00, 0x00,
  0x06, 0x00, 0x00, 0x00, 0x36, 0x00, 0x05, 0x00, 0x02, 0x00, 0x00, 0x00, 0x04, 0x00, 0x00, 0x00,
  0x00, 0x00, 0x00, 0x00, 0x03, 0x00, 0x00, 0x00, 0xF8, 0x00, 0x02, 0x00, 0x05, 0x00, 0x00, 0x00,
  0x3B, 0x00, 0x04, 0x00, 0x08, 0x00, 0x00, 0x00, 0x09, 0x00, 0x00, 0x00, 0x07, 0x00, 0x00, 0x00,
  0x3B, 0x00, 0x04, 0x00, 0x1B, 0x00, 0x00, 0x00, 0x1C, 0x00, 0x00, 0x00, 0x07, 0x00, 0x00, 0x00,
  0x3B, 0x00, 0x04, 0x00, 0x1B, 0x00, 0x00, 0x00, 0x24, 0x00, 0x00, 0x00, 0x07, 0x00, 0x00, 0x00,
  0x3B, 0x00, 0x04, 0x00, 0x2A, 0x00, 0x00, 0x00, 0x2B, 0x00, 0x00, 0x00, 0x07, 0x00, 0x00, 0x00,
  0x3D, 0x00, 0x04, 0x00, 0x07, 0x00, 0x00, 0x00, 0x0C, 0x00, 0x00, 0x00, 0x0B, 0x00, 0x00, 0x00,
  0x41, 0x00, 0x05, 0x00, 0x12, 0x00, 0x00, 0x00, 0x13, 0x00, 0x00, 0x00, 0x0F, 0x00, 0x00, 0x00,
  0x11, 0x00, 0x00, 0x00, 0x3D, 0x00, 0x04, 0x00, 0x07, 0x00, 0x00, 0x00, 0x14, 0x00, 0x00, 0x00,
  0x13, 0x00, 0x00, 0x00, 0x85, 0x00, 0x05, 0x00, 0x07, 0x00, 0x00, 0x00, 0x15, 0x00, 0x00, 0x00,
  0x0C, 0x00, 0x00, 0x00, 0x14, 0x00, 0x00, 0x00, 0x41, 0x00, 0x05, 0x00, 0x12, 0x00, 0x00, 0x00,
  0x17, 0x00, 0x00, 0x00, 0x0F, 0x00, 0x00, 0x00, 0x16, 0x00, 0x00, 0x00, 0x3D, 0x00, 0x04, 0x00,
  0x07, 0x00, 0x00, 0x00, 0x18, 0x00, 0x00, 0x00, 0x17, 0x00, 0x00, 0x00, 0x81, 0x00, 0x05, 0x00,
  0x07, 0x00, 0x00, 0x00, 0x19, 0x00, 0x00, 0x00, 0x15, 0x00, 0x00, 0x00, 0x18, 0x00, 0x00, 0x00,
  0x3E, 0x00, 0x03, 0x00, 0x09, 0x00, 0x00, 0x00, 0x19, 0x00, 0x00, 0x00, 0x3D, 0x00, 0x04, 0x00,
  0x1E, 0x00, 0x00, 0x00, 0x21, 0x00, 0x00, 0x00, 0x20, 0x00, 0x00, 0x00, 0x3D, 0x00, 0x04, 0x00,
  0x07, 0x00, 0x00, 0x00, 0x22, 0x00, 0x00, 0x00, 0x09, 0x00, 0x00, 0x00, 0x57, 0x00, 0x05, 0x00,
  0x1A, 0x00, 0x00, 0x00, 0x23, 0x00, 0x00, 0x00, 0x21, 0x00, 0x00, 0x00, 0x22, 0x00, 0x00, 0x00,
  0x3E, 0x00, 0x03, 0x00, 0x1C, 0x00, 0x00, 0x00, 0x23, 0x00, 0x00, 0x00, 0x3D, 0x00, 0x04, 0x00,
  0x1E, 0x00, 0x00, 0x00, 0x26, 0x00, 0x00, 0x00, 0x25, 0x00, 0x00, 0x00, 0x3D, 0x00, 0x04, 0x00,
  0x07, 0x00, 0x00, 0x00, 0x27, 0x00, 0x00, 0x00, 0x09, 0x00, 0x00, 0x00, 0x57, 0x00, 0x05, 0x00,
  0x1A, 0x00, 0x00, 0x00, 0x28, 0x00, 0x00, 0x00, 0x26, 0x00, 0x00, 0x00, 0x27, 0x00, 0x00, 0x00,
  0x3E, 0x00, 0x03, 0x00, 0x24, 0x00, 0x00, 0x00, 0x28, 0x00, 0x00, 0x00, 0x3D, 0x00, 0x04, 0x00,
  0x1A, 0x00, 0x00, 0x00, 0x2C, 0x00, 0x00, 0x00, 0x1C, 0x00, 0x00, 0x00, 0x4F, 0x00, 0x08, 0x00,
  0x29, 0x00, 0x00, 0x00, 0x2D, 0x00, 0x00, 0x00, 0x2C, 0x00, 0x00, 0x00, 0x2C, 0x00, 0x00, 0x00,
  0x00, 0x00, 0x00, 0x00, 0x01, 0x00, 0x00, 0x00, 0x02, 0x00, 0x00, 0x00, 0x3D, 0x00, 0x04, 0x00,
  0x1A, 0x00, 0x00, 0x00, 0x2E, 0x00, 0x00, 0x00, 0x24, 0x00, 0x00, 0x00, 0x4F, 0x00, 0x08, 0x00,
  0x29, 0x00, 0x00, 0x00, 0x2F, 0x00, 0x00, 0x00, 0x2E, 0x00, 0x00, 0x00, 0x2E, 0x00, 0x00, 0x00,
  0x00, 0x00, 0x00, 0x00, 0x01, 0x00, 0x00, 0x00, 0x02, 0x00, 0x00, 0x00, 0x0C, 0x00, 0x07, 0x00,
  0x29, 0x00, 0x00, 0x00, 0x30, 0x00, 0x00, 0x00, 0x01, 0x00, 0x00, 0x00, 0x28, 0x00, 0x00, 0x00,
  0x2D, 0x00, 0x00, 0x00, 0x2F, 0x00, 0x00, 0x00, 0x3E, 0x00, 0x03, 0x00, 0x2B, 0x00, 0x00, 0x00,
  0x30, 0x00, 0x00, 0x00, 0x3D, 0x00, 0x04, 0x00, 0x1A, 0x00, 0x00, 0x00, 0x33, 0x00, 0x00, 0x00,
  0x24, 0x00, 0x00, 0x00, 0x4F, 0x00, 0x08, 0x00, 0x29, 0x00, 0x00, 0x00, 0x34, 0x00, 0x00, 0x00,
  0x33, 0x00, 0x00, 0x00, 0x33, 0x00, 0x00, 0x00, 0x00, 0x00, 0x00, 0x00, 0x01, 0x00, 0x00, 0x00,
  0x02, 0x00, 0x00, 0x00, 0x3D, 0x00, 0x04, 0x00, 0x29, 0x00, 0x00, 0x00, 0x35, 0x00, 0x00, 0x00,
  0x2B, 0x00, 0x00, 0x00, 0x41, 0x00, 0x05, 0x00, 0x38, 0x00, 0x00, 0x00, 0x39, 0x00, 0x00, 0x00,
  0x1C, 0x00, 0x00, 0x00, 0x37, 0x00, 0x00, 0x00, 0x3D, 0x00, 0x04, 0x00, 0x06, 0x00, 0x00, 0x00,
  0x3A, 0x00, 0x00, 0x00, 0x39, 0x00, 0x00, 0x00, 0x41, 0x00, 0x05, 0x00, 0x3C, 0x00, 0x00, 0x00,
  0x3D, 0x00, 0x00, 0x00, 0x0F, 0x00, 0x00, 0x00, 0x3B, 0x00, 0x00, 0x00, 0x3D, 0x00, 0x04, 0x00,
  0x06, 0x00, 0x00, 0x00, 0x3E, 0x00, 0x00, 0x00, 0x3D, 0x00, 0x00, 0x00, 0x85, 0x00, 0x05, 0x00,
  0x06, 0x00, 0x00, 0x00, 0x3F, 0x00, 0x00, 0x00, 0x3A, 0x00, 0x00, 0x00, 0x3E, 0x00, 0x00, 0x00,
  0x50, 0x00, 0x06, 0x00, 0x29, 0x00, 0x00, 0x00, 0x40, 0x00, 0x00, 0x00, 0x3F, 0x00, 0x00, 0x00,
  0x3F, 0x00, 0x00, 0x00, 0x3F, 0x00, 0x00, 0x00, 0x0C, 0x00, 0x08, 0x00, 0x29, 0x00, 0x00, 0x00,
  0x41, 0x00, 0x00, 0x00, 0x01, 0x00, 0x00, 0x00, 0x2E, 0x00, 0x00, 0x00, 0x34, 0x00, 0x00, 0x00,
  0x35, 0x00, 0x00, 0x00, 0x40, 0x00, 0x00, 0x00, 0x41, 0x00, 0x05, 0x00, 0x38, 0x00, 0x00, 0x00,
  0x42, 0x00, 0x00, 0x00, 0x24, 0x00, 0x00, 0x00, 0x37, 0x00, 0x00, 0x00, 0x3D, 0x00, 0x04, 0x00,
  0x06, 0x00, 0x00, 0x00, 0x43, 0x00, 0x00, 0x00, 0x42, 0x00, 0x00, 0x00, 0x51, 0x00, 0x05, 0x00,
  0x06, 0x00, 0x00, 0x00, 0x44, 0x00, 0x00, 0x00, 0x41, 0x00, 0x00, 0x00, 0x00, 0x00, 0x00, 0x00,
  0x51, 0x00, 0x05, 0x00, 0x06, 0x00, 0x00, 0x00, 0x45, 0x00, 0x00, 0x00, 0x41, 0x00, 0x00, 0x00,
  0x01, 0x00, 0x00, 0x00, 0x51, 0x00, 0x05, 0x00, 0x06, 0x00, 0x00, 0x00, 0x46, 0x00, 0x00, 0x00,
  0x41, 0x00, 0x00, 0x00, 0x02, 0x00, 0x00, 0x00, 0x50, 0x00, 0x07, 0x00, 0x1A, 0x00, 0x00, 0x00,
  0x47, 0x00, 0x00, 0x00, 0x44, 0x00, 0x00, 0x00, 0x45, 0x00, 0x00, 0x00, 0x46, 0x00, 0x00, 0x00,
  0x43, 0x00, 0x00, 0x00, 0x3E, 0x00, 0x03, 0x00, 0x32, 0x00, 0x00, 0x00, 0x47, 0x00, 0x00, 0x00,
  0xFD, 0x00, 0x01, 0x00, 0x38, 0x00, 0x01, 0x00,
};

static const unsigned int g_ps_overlay_fragSpvSize = 3032;
static const unsigned char g_ps_overlay_fragSpv[] = {
  0x03, 0x02, 0x23, 0x07, 0x00, 0x00, 0x01, 0x00, 0x0B, 0x00, 0x0D, 0x00, 0x77, 0x00, 0x00, 0x00,
  0x00, 0x00, 0x00, 0x00, 0x11, 0x00, 0x02, 0x00, 0x01, 0x00, 0x00, 0x00, 0x0B, 0x00, 0x06, 0x00,
  0x01, 0x00, 0x00, 0x00, 0x47, 0x4C, 0x53, 0x4C, 0x2E, 0x73, 0x74, 0x64, 0x2E, 0x34, 0x35, 0x30,
  0x00, 0x00, 0x00, 0x00, 0x0E, 0x00, 0x03, 0x00, 0x00, 0x00, 0x00, 0x00, 0x01, 0x00, 0x00, 0x00,
  0x0F, 0x00, 0x07, 0x00, 0x04, 0x00, 0x00, 0x00, 0x04, 0x00, 0x00, 0x00, 0x6D, 0x61, 0x69, 0x6E,
  0x00, 0x00, 0x00, 0x00, 0x0B, 0x00, 0x00, 0x00, 0x62, 0x00, 0x00, 0x00, 0x10, 0x00, 0x03, 0x00,
  0x04, 0x00, 0x00, 0x00, 0x07, 0x00, 0x00, 0x00, 0x03, 0x00, 0x03, 0x00, 0x02, 0x00, 0x00, 0x00,
  0xC2, 0x01, 0x00, 0x00, 0x04, 0x00, 0x0A, 0x00, 0x47, 0x4C, 0x5F, 0x47, 0x4F, 0x4F, 0x47, 0x4C,
  0x45, 0x5F, 0x63, 0x70, 0x70, 0x5F, 0x73, 0x74, 0x79, 0x6C, 0x65, 0x5F, 0x6C, 0x69, 0x6E, 0x65,
  0x5F, 0x64, 0x69, 0x72, 0x65, 0x63, 0x74, 0x69, 0x76, 0x65, 0x00, 0x00, 0x04, 0x00, 0x08, 0x00,
  0x47, 0x4C, 0x5F, 0x47, 0x4F, 0x4F, 0x47, 0x4C, 0x45, 0x5F, 0x69, 0x6E, 0x63, 0x6C, 0x75, 0x64,
  0x65, 0x5F, 0x64, 0x69, 0x72, 0x65, 0x63, 0x74, 0x69, 0x76, 0x65, 0x00, 0x05, 0x00, 0x04, 0x00,
  0x04, 0x00, 0x00, 0x00, 0x6D, 0x61, 0x69, 0x6E, 0x00, 0x00, 0x00, 0x00, 0x05, 0x00, 0x03, 0x00,
  0x09, 0x00, 0x00, 0x00, 0x75, 0x76, 0x00, 0x00, 0x05, 0x00, 0x03, 0x00, 0x0B, 0x00, 0x00, 0x00,
  0x76, 0x55, 0x56, 0x00, 0x05, 0x00, 0x05, 0x00, 0x0D, 0x00, 0x00, 0x00, 0x46, 0x72, 0x61, 0x67,
  0x50, 0x61, 0x72, 0x61, 0x6D, 0x73, 0x00, 0x00, 0x06, 0x00, 0x06, 0x00, 0x0D, 0x00, 0x00, 0x00,
  0x00, 0x00, 0x00, 0x00, 0x75, 0x76, 0x4F, 0x66, 0x66, 0x73, 0x65, 0x74, 0x00, 0x00, 0x00, 0x00,
  0x06, 0x00, 0x05, 0x00, 0x0D, 0x00, 0x00, 0x00, 0x01, 0x00, 0x00, 0x00, 0x75, 0x76, 0x53, 0x63,
  0x61, 0x6C, 0x65, 0x00, 0x06, 0x00, 0x05, 0x00, 0x0D, 0x00, 0x00, 0x00, 0x02, 0x00, 0x00, 0x00,
  0x6F, 0x70, 0x61, 0x63, 0x69, 0x74, 0x79, 0x00, 0x06, 0x00, 0x04, 0x00, 0x0D, 0x00, 0x00, 0x00,
  0x03, 0x00, 0x00, 0x00, 0x70, 0x61, 0x64, 0x00, 0x05, 0x00, 0x03, 0x00, 0x0F, 0x00, 0x00, 0x00,
  0x75, 0x50, 0x00, 0x00, 0x05, 0x00, 0x03, 0x00, 0x1C, 0x00, 0x00, 0x00, 0x73, 0x72, 0x63, 0x00,
  0x05, 0x00, 0x04, 0x00, 0x20, 0x00, 0x00, 0x00, 0x75, 0x53, 0x72, 0x63, 0x00, 0x00, 0x00, 0x00,
  0x05, 0x00, 0x03, 0x00, 0x24, 0x00, 0x00, 0x00, 0x64, 0x73, 0x74, 0x00, 0x05, 0x00, 0x04, 0x00,
  0x25, 0x00, 0x00, 0x00, 0x75, 0x44, 0x73, 0x74, 0x00, 0x00, 0x00, 0x00, 0x05, 0x00, 0x03, 0x00,
  0x2A, 0x00, 0x00, 0x00, 0x6C, 0x75, 0x6D, 0x00, 0x05, 0x00, 0x04, 0x00, 0x34, 0x00, 0x00, 0x00,
  0x72, 0x65, 0x73, 0x75, 0x6C, 0x74, 0x00, 0x00, 0x05, 0x00, 0x04, 0x00, 0x3A, 0x00, 0x00, 0x00,
  0x64, 0x61, 0x72, 0x6B, 0x00, 0x00, 0x00, 0x00, 0x05, 0x00, 0x05, 0x00, 0x62, 0x00, 0x00, 0x00,
  0x46, 0x72, 0x61, 0x67, 0x43, 0x6F, 0x6C, 0x6F, 0x72, 0x00, 0x00, 0x00, 0x47, 0x00, 0x04, 0x00,
  0x0B, 0x00, 0x00, 0x00, 0x1E, 0x00, 0x00, 0x00, 0x00, 0x00, 0x00, 0x00, 0x47, 0x00, 0x03, 0x00,
  0x0D, 0x00, 0x00, 0x00, 0x02, 0x00, 0x00, 0x00, 0x48, 0x00, 0x05, 0x00, 0x0D, 0x00, 0x00, 0x00,
  0x00, 0x00, 0x00, 0x00, 0x23, 0x00, 0x00, 0x00, 0x00, 0x00, 0x00, 0x00, 0x48, 0x00, 0x05, 0x00,
  0x0D, 0x00, 0x00, 0x00, 0x01, 0x00, 0x00, 0x00, 0x23, 0x00, 0x00, 0x00, 0x08, 0x00, 0x00, 0x00,
  0x48, 0x00, 0x05, 0x00, 0x0D, 0x00, 0x00, 0x00, 0x02, 0x00, 0x00, 0x00, 0x23, 0x00, 0x00, 0x00,
  0x10, 0x00, 0x00, 0x00, 0x48, 0x00, 0x05, 0x00, 0x0D, 0x00, 0x00, 0x00, 0x03, 0x00, 0x00, 0x00,
  0x23, 0x00, 0x00, 0x00, 0x14, 0x00, 0x00, 0x00, 0x47, 0x00, 0x04, 0x00, 0x0F, 0x00, 0x00, 0x00,
  0x21, 0x00, 0x00, 0x00, 0x00, 0x00, 0x00, 0x00, 0x47, 0x00, 0x04, 0x00, 0x0F, 0x00, 0x00, 0x00,
  0x22, 0x00, 0x00, 0x00, 0x03, 0x00, 0x00, 0x00, 0x47, 0x00, 0x04, 0x00, 0x20, 0x00, 0x00, 0x00,
  0x21, 0x00, 0x00, 0x00, 0x00, 0x00, 0x00, 0x00, 0x47, 0x00, 0x04, 0x00, 0x20, 0x00, 0x00, 0x00,
  0x22, 0x00, 0x00, 0x00, 0x02, 0x00, 0x00, 0x00, 0x47, 0x00, 0x04, 0x00, 0x25, 0x00, 0x00, 0x00,
  0x21, 0x00, 0x00, 0x00, 0x01, 0x00, 0x00, 0x00, 0x47, 0x00, 0x04, 0x00, 0x25, 0x00, 0x00, 0x00,
  0x22, 0x00, 0x00, 0x00, 0x02, 0x00, 0x00, 0x00, 0x47, 0x00, 0x04, 0x00, 0x62, 0x00, 0x00, 0x00,
  0x1E, 0x00, 0x00, 0x00, 0x00, 0x00, 0x00, 0x00, 0x13, 0x00, 0x02, 0x00, 0x02, 0x00, 0x00, 0x00,
  0x21, 0x00, 0x03, 0x00, 0x03, 0x00, 0x00, 0x00, 0x02, 0x00, 0x00, 0x00, 0x16, 0x00, 0x03, 0x00,
  0x06, 0x00, 0x00, 0x00, 0x20, 0x00, 0x00, 0x00, 0x17, 0x00, 0x04, 0x00, 0x07, 0x00, 0x00, 0x00,
  0x06, 0x00, 0x00, 0x00, 0x02, 0x00, 0x00, 0x00, 0x20, 0x00, 0x04, 0x00, 0x08, 0x00, 0x00, 0x00,
  0x07, 0x00, 0x00, 0x00, 0x07, 0x00, 0x00, 0x00, 0x20, 0x00, 0x04, 0x00, 0x0A, 0x00, 0x00, 0x00,
  0x01, 0x00, 0x00, 0x00, 0x07, 0x00, 0x00, 0x00, 0x3B, 0x00, 0x04, 0x00, 0x0A, 0x00, 0x00, 0x00,
  0x0B, 0x00, 0x00, 0x00, 0x01, 0x00, 0x00, 0x00, 0x1E, 0x00, 0x06, 0x00, 0x0D, 0x00, 0x00, 0x00,
  0x07, 0x00, 0x00, 0x00, 0x07, 0x00, 0x00, 0x00, 0x06, 0x00, 0x00, 0x00, 0x06, 0x00, 0x00, 0x00,
  0x20, 0x00, 0x04, 0x00, 0x0E, 0x00, 0x00, 0x00, 0x02, 0x00, 0x00, 0x00, 0x0D, 0x00, 0x00, 0x00,
  0x3B, 0x00, 0x04, 0x00, 0x0E, 0x00, 0x00, 0x00, 0x0F, 0x00, 0x00, 0x00, 0x02, 0x00, 0x00, 0x00,
  0x15, 0x00, 0x04, 0x00, 0x10, 0x00, 0x00, 0x00, 0x20, 0x00, 0x00, 0x00, 0x01, 0x00, 0x00, 0x00,
  0x2B, 0x00, 0x04, 0x00, 0x10, 0x00, 0x00, 0x00, 0x11, 0x00, 0x00, 0x00, 0x01, 0x00, 0x00, 0x00,
  0x20, 0x00, 0x04, 0x00, 0x12, 0x00, 0x00, 0x00, 0x02, 0x00, 0x00, 0x00, 0x07, 0x00, 0x00, 0x00,
  0x2B, 0x00, 0x04, 0x00, 0x10, 0x00, 0x00, 0x00, 0x16, 0x00, 0x00, 0x00, 0x00, 0x00, 0x00, 0x00,
  0x17, 0x00, 0x04, 0x00, 0x1A, 0x00, 0x00, 0x00, 0x06, 0x00, 0x00, 0x00, 0x04, 0x00, 0x00, 0x00,
  0x20, 0x00, 0x04, 0x00, 0x1B, 0x00, 0x00, 0x00, 0x07, 0x00, 0x00, 0x00, 0x1A, 0x00, 0x00, 0x00,
  0x19, 0x00, 0x09, 0x00, 0x1D, 0x00, 0x00, 0x00, 0x06, 0x00, 0x00, 0x00, 0x01, 0x00, 0x00, 0x00,
  0x00, 0x00, 0x00, 0x00, 0x00, 0x00, 0x00, 0x00, 0x00, 0x00, 0x00, 0x00, 0x01, 0x00, 0x00, 0x00,
  0x00, 0x00, 0x00, 0x00, 0x1B, 0x00, 0x03, 0x00, 0x1E, 0x00, 0x00, 0x00, 0x1D, 0x00, 0x00, 0x00,
  0x20, 0x00, 0x04, 0x00, 0x1F, 0x00, 0x00, 0x00, 0x00, 0x00, 0x00, 0x00, 0x1E, 0x00, 0x00, 0x00,
  0x3B, 0x00, 0x04, 0x00, 0x1F, 0x00, 0x00, 0x00, 0x20, 0x00, 0x00, 0x00, 0x00, 0x00, 0x00, 0x00,
  0x3B, 0x00, 0x04, 0x00, 0x1F, 0x00, 0x00, 0x00, 0x25, 0x00, 0x00, 0x00, 0x00, 0x00, 0x00, 0x00,
  0x20, 0x00, 0x04, 0x00, 0x29, 0x00, 0x00, 0x00, 0x07, 0x00, 0x00, 0x00, 0x06, 0x00, 0x00, 0x00,
  0x17, 0x00, 0x04, 0x00, 0x2B, 0x00, 0x00, 0x00, 0x06, 0x00, 0x00, 0x00, 0x03, 0x00, 0x00, 0x00,
  0x2B, 0x00, 0x04, 0x00, 0x06, 0x00, 0x00, 0x00, 0x2E, 0x00, 0x00, 0x00, 0x87, 0x16, 0x99, 0x3E,
  0x2B, 0x00, 0x04, 0x00, 0x06, 0x00, 0x00, 0x00, 0x2F, 0x00, 0x00, 0x00, 0xA2, 0x45, 0x16, 0x3F,
  0x2B, 0x00, 0x04, 0x00, 0x06, 0x00, 0x00, 0x00, 0x30, 0x00, 0x00, 0x00, 0xD5, 0x78, 0xE9, 0x3D,
  0x2C, 0x00, 0x06, 0x00, 0x2B, 0x00, 0x00, 0x00, 0x31, 0x00, 0x00, 0x00, 0x2E, 0x00, 0x00, 0x00,
  0x2F, 0x00, 0x00, 0x00, 0x30, 0x00, 0x00, 0x00, 0x20, 0x00, 0x04, 0x00, 0x33, 0x00, 0x00, 0x00,
  0x07, 0x00, 0x00, 0x00, 0x2B, 0x00, 0x00, 0x00, 0x14, 0x00, 0x02, 0x00, 0x37, 0x00, 0x00, 0x00,
  0x17, 0x00, 0x04, 0x00, 0x38, 0x00, 0x00, 0x00, 0x37, 0x00, 0x00, 0x00, 0x03, 0x00, 0x00, 0x00,
  0x20, 0x00, 0x04, 0x00, 0x39, 0x00, 0x00, 0x00, 0x07, 0x00, 0x00, 0x00, 0x38, 0x00, 0x00, 0x00,
  0x2B, 0x00, 0x04, 0x00, 0x06, 0x00, 0x00, 0x00, 0x3D, 0x00, 0x00, 0x00, 0x00, 0x00, 0x00, 0x3F,
  0x2C, 0x00, 0x06, 0x00, 0x2B, 0x00, 0x00, 0x00, 0x3E, 0x00, 0x00, 0x00, 0x3D, 0x00, 0x00, 0x00,
  0x3D, 0x00, 0x00, 0x00, 0x3D, 0x00, 0x00, 0x00, 0x2B, 0x00, 0x04, 0x00, 0x06, 0x00, 0x00, 0x00,
  0x41, 0x00, 0x00, 0x00, 0x00, 0x00, 0x00, 0x40, 0x2B, 0x00, 0x04, 0x00, 0x06, 0x00, 0x00, 0x00,
  0x49, 0x00, 0x00, 0x00, 0x00, 0x00, 0x00, 0x00, 0x2B, 0x00, 0x04, 0x00, 0x06, 0x00, 0x00, 0x00,
  0x4A, 0x00, 0x00, 0x00, 0x00, 0x00, 0x80, 0x3F, 0x2C, 0x00, 0x06, 0x00, 0x2B, 0x00, 0x00, 0x00,
  0x4B, 0x00, 0x00, 0x00, 0x49, 0x00, 0x00, 0x00, 0x49, 0x00, 0x00, 0x00, 0x49, 0x00, 0x00, 0x00,
  0x2C, 0x00, 0x06, 0x00, 0x2B, 0x00, 0x00, 0x00, 0x4C, 0x00, 0x00, 0x00, 0x4A, 0x00, 0x00, 0x00,
  0x4A, 0x00, 0x00, 0x00, 0x4A, 0x00, 0x00, 0x00, 0x20, 0x00, 0x04, 0x00, 0x61, 0x00, 0x00, 0x00,
  0x03, 0x00, 0x00, 0x00, 0x1A, 0x00, 0x00, 0x00, 0x3B, 0x00, 0x04, 0x00, 0x61, 0x00, 0x00, 0x00,
  0x62, 0x00, 0x00, 0x00, 0x03, 0x00, 0x00, 0x00, 0x15, 0x00, 0x04, 0x00, 0x66, 0x00, 0x00, 0x00,
  0x20, 0x00, 0x00, 0x00, 0x00, 0x00, 0x00, 0x00, 0x2B, 0x00, 0x04, 0x00, 0x66, 0x00, 0x00, 0x00,
  0x67, 0x00, 0x00, 0x00, 0x03, 0x00, 0x00, 0x00, 0x2B, 0x00, 0x04, 0x00, 0x10, 0x00, 0x00, 0x00,
  0x6A, 0x00, 0x00, 0x00, 0x02, 0x00, 0x00, 0x00, 0x20, 0x00, 0x04, 0x00, 0x6B, 0x00, 0x00, 0x00,
  0x02, 0x00, 0x00, 0x00, 0x06, 0x00, 0x00, 0x00, 0x36, 0x00, 0x05, 0x00, 0x02, 0x00, 0x00, 0x00,
  0x04, 0x00, 0x00, 0x00, 0x00, 0x00, 0x00, 0x00, 0x03, 0x00, 0x00, 0x00, 0xF8, 0x00, 0x02, 0x00,
  0x05, 0x00, 0x00, 0x00, 0x3B, 0x00, 0x04, 0x00, 0x08, 0x00, 0x00, 0x00, 0x09, 0x00, 0x00, 0x00,
  0x07, 0x00, 0x00, 0x00, 0x3B, 0x00, 0x04, 0x00, 0x1B, 0x00, 0x00, 0x00, 0x1C, 0x00, 0x00, 0x00,
  0x07, 0x00, 0x00, 0x00, 0x3B, 0x00, 0x04, 0x00, 0x1B, 0x00, 0x00, 0x00, 0x24, 0x00, 0x00, 0x00,
  0x07, 0x00, 0x00, 0x00, 0x3B, 0x00, 0x04, 0x00, 0x29, 0x00, 0x00, 0x00, 0x2A, 0x00, 0x00, 0x00,
  0x07, 0x00, 0x00, 0x00, 0x3B, 0x00, 0x04, 0x00, 0x33, 0x00, 0x00, 0x00, 0x34, 0x00, 0x00, 0x00,
  0x07, 0x00, 0x00, 0x00, 0x3B, 0x00, 0x04, 0x00, 0x39, 0x00, 0x00, 0x00, 0x3A, 0x00, 0x00, 0x00,
  0x07, 0x00, 0x00, 0x00, 0x3D, 0x00, 0x04, 0x00, 0x07, 0x00, 0x00, 0x00, 0x0C, 0x00, 0x00, 0x00,
  0x0B, 0x00, 0x00, 0x00, 0x41, 0x00, 0x05, 0x00, 0x12, 0x00, 0x00, 0x00, 0x13, 0x00, 0x00, 0x00,
  0x0F, 0x00, 0x00, 0x00, 0x11, 0x00, 0x00, 0x00, 0x3D, 0x00, 0x04, 0x00, 0x07, 0x00, 0x00, 0x00,
  0x14, 0x00, 0x00, 0x00, 0x13, 0x00, 0x00, 0x00, 0x85, 0x00, 0x05, 0x00, 0x07, 0x00, 0x00, 0x00,
  0x15, 0x00, 0x00, 0x00, 0x0C, 0x00, 0x00, 0x00, 0x14, 0x00, 0x00, 0x00, 0x41, 0x00, 0x05, 0x00,
  0x12, 0x00, 0x00, 0x00, 0x17, 0x00, 0x00, 0x00, 0x0F, 0x00, 0x00, 0x00, 0x16, 0x00, 0x00, 0x00,
  0x3D, 0x00, 0x04, 0x00, 0x07, 0x00, 0x00, 0x00, 0x18, 0x00, 0x00, 0x00, 0x17, 0x00, 0x00, 0x00,
  0x81, 0x00, 0x05, 0x00, 0x07, 0x00, 0x00, 0x00, 0x19, 0x00, 0x00, 0x00, 0x15, 0x00, 0x00, 0x00,
  0x18, 0x00, 0x00, 0x00, 0x3E, 0x00, 0x03, 0x00, 0x09, 0x00, 0x00, 0x00, 0x19, 0x00, 0x00, 0x00,
  0x3D, 0x00, 0x04, 0x00, 0x1E, 0x00, 0x00, 0x00, 0x21, 0x00, 0x00, 0x00, 0x20, 0x00, 0x00, 0x00,
  0x3D, 0x00, 0x04, 0x00, 0x07, 0x00, 0x00, 0x00, 0x22, 0x00, 0x00, 0x00, 0x09, 0x00, 0x00, 0x00,
  0x57, 0x00, 0x05, 0x00, 0x1A, 0x00, 0x00, 0x00, 0x23, 0x00, 0x00, 0x00, 0x21, 0x00, 0x00, 0x00,
  0x22, 0x00, 0x00, 0x00, 0x3E, 0x00, 0x03, 0x00, 0x1C, 0x00, 0x00, 0x00, 0x23, 0x00, 0x00, 0x00,
  0x3D, 0x00, 0x04, 0x00, 0x1E, 0x00, 0x00, 0x00, 0x26, 0x00, 0x00, 0x00, 0x25, 0x00, 0x00, 0x00,
  0x3D, 0x00, 0x04, 0x00, 0x07, 0x00, 0x00, 0x00, 0x27, 0x00, 0x00, 0x00, 0x09, 0x00, 0x00, 0x00,
  0x57, 0x00, 0x05, 0x00, 0x1A, 0x00, 0x00, 0x00, 0x28, 0x00, 0x00, 0x00, 0x26, 0x00, 0x00, 0x00,
  0x27, 0x00, 0x00, 0x00, 0x3E, 0x00, 0x03, 0x00, 0x24, 0x00, 0x00, 0x00, 0x28, 0x00, 0x00, 0x00,
  0x3D, 0x00, 0x04, 0x00, 0x1A, 0x00, 0x00, 0x00, 0x2C, 0x00, 0x00, 0x00, 0x24, 0x00, 0x00, 0x00,
  0x4F, 0x00, 0x08, 0x00, 0x2B, 0x00, 0x00, 0x00, 0x2D, 0x00, 0x00, 0x00, 0x2C, 0x00, 0x00, 0x00,
  0x2C, 0x00, 0x00, 0x00, 0x00, 0x00, 0x00, 0x00, 0x01, 0x00, 0x00, 0x00, 0x02, 0x00, 0x00, 0x00,
  0x94, 0x00, 0x05, 0x00, 0x06, 0x00, 0x00, 0x00, 0x32, 0x00, 0x00, 0x00, 0x2D, 0x00, 0x00, 0x00,
  0x31, 0x00, 0x00, 0x00, 0x3E, 0x00, 0x03, 0x00, 0x2A, 0x00, 0x00, 0x00, 0x32, 0x00, 0x00, 0x00,
  0x3D, 0x00, 0x04, 0x00, 0x1A, 0x00, 0x00, 0x00, 0x35, 0x00, 0x00, 0x00, 0x24, 0x00, 0x00, 0x00,
  0x4F, 0x00, 0x08, 0x00, 0x2B, 0x00, 0x00, 0x00, 0x36, 0x00, 0x00, 0x00, 0x35, 0x00, 0x00, 0x00,
  0x35, 0x00, 0x00, 0x00, 0x00, 0x00, 0x00, 0x00, 0x01, 0x00, 0x00, 0x00, 0x02, 0x00, 0x00, 0x00,
  0x3E, 0x00, 0x03, 0x00, 0x34, 0x00, 0x00, 0x00, 0x36, 0x00, 0x00, 0x00, 0x3D, 0x00, 0x04, 0x00,
  0x1A, 0x00, 0x00, 0x00, 0x3B, 0x00, 0x00, 0x00, 0x24, 0x00, 0x00, 0x00, 0x4F, 0x00, 0x08, 0x00,
  0x2B, 0x00, 0x00, 0x00, 0x3C, 0x00, 0x00, 0x00, 0x3B, 0x00, 0x00, 0x00, 0x3B, 0x00, 0x00, 0x00,
  0x00, 0x00, 0x00, 0x00, 0x01, 0x00, 0x00, 0x00, 0x02, 0x00, 0x00, 0x00, 0xB8, 0x00, 0x05, 0x00,
  0x38, 0x00, 0x00, 0x00, 0x3F, 0x00, 0x00, 0x00, 0x3C, 0x00, 0x00, 0x00, 0x3E, 0x00, 0x00, 0x00,
  0x3E, 0x00, 0x03, 0x00, 0x3A, 0x00, 0x00, 0x00, 0x3F, 0x00, 0x00, 0x00, 0x3D, 0x00, 0x04, 0x00,
  0x2B, 0x00, 0x00, 0x00, 0x40, 0x00, 0x00, 0x00, 0x34, 0x00, 0x00, 0x00, 0x3D, 0x00, 0x04, 0x00,
  0x1A, 0x00, 0x00, 0x00, 0x42, 0x00, 0x00, 0x00, 0x1C, 0x00, 0x00, 0x00, 0x4F, 0x00, 0x08, 0x00,
  0x2B, 0x00, 0x00, 0x00, 0x43, 0x00, 0x00, 0x00, 0x42, 0x00, 0x00, 0x00, 0x42, 0x00, 0x00, 0x00,
  0x00, 0x00, 0x00, 0x00, 0x01, 0x00, 0x00, 0x00, 0x02, 0x00, 0x00, 0x00, 0x8E, 0x00, 0x05, 0x00,
  0x2B, 0x00, 0x00, 0x00, 0x44, 0x00, 0x00, 0x00, 0x43, 0x00, 0x00, 0x00, 0x41, 0x00, 0x00, 0x00,
  0x3D, 0x00, 0x04, 0x00, 0x1A, 0x00, 0x00, 0x00, 0x45, 0x00, 0x00, 0x00, 0x24, 0x00, 0x00, 0x00,
  0x4F, 0x00, 0x08, 0x00, 0x2B, 0x00, 0x00, 0x00, 0x46, 0x00, 0x00, 0x00, 0x45, 0x00, 0x00, 0x00,
  0x45, 0x00, 0x00, 0x00, 0x00, 0x00, 0x00, 0x00, 0x01, 0x00, 0x00, 0x00, 0x02, 0x00, 0x00, 0x00,
  0x85, 0x00, 0x05, 0x00, 0x2B, 0x00, 0x00, 0x00, 0x47, 0x00, 0x00, 0x00, 0x44, 0x00, 0x00, 0x00,
  0x46, 0x00, 0x00, 0x00, 0x3D, 0x00, 0x04, 0x00, 0x38, 0x00, 0x00, 0x00, 0x48, 0x00, 0x00, 0x00,
  0x3A, 0x00, 0x00, 0x00, 0xA9, 0x00, 0x06, 0x00, 0x2B, 0x00, 0x00, 0x00, 0x4D, 0x00, 0x00, 0x00,
  0x48, 0x00, 0x00, 0x00, 0x4C, 0x00, 0x00, 0x00, 0x4B, 0x00, 0x00, 0x00, 0x0C, 0x00, 0x08, 0x00,
  0x2B, 0x00, 0x00, 0x00, 0x4E, 0x00, 0x00, 0x00, 0x01, 0x00, 0x00, 0x00, 0x2E, 0x00, 0x00, 0x00,
  0x40, 0x00, 0x00, 0x00, 0x47, 0x00, 0x00, 0x00, 0x4D, 0x00, 0x00, 0x00, 0x3E, 0x00, 0x03, 0x00,
  0x34, 0x00, 0x00, 0x00, 0x4E, 0x00, 0x00, 0x00, 0x3D, 0x00, 0x04, 0x00, 0x2B, 0x00, 0x00, 0x00,
  0x4F, 0x00, 0x00, 0x00, 0x34, 0x00, 0x00, 0x00, 0x3D, 0x00, 0x04, 0x00, 0x1A, 0x00, 0x00, 0x00,
  0x50, 0x00, 0x00, 0x00, 0x1C, 0x00, 0x00, 0x00, 0x4F, 0x00, 0x08, 0x00, 0x2B, 0x00, 0x00, 0x00,
  0x51, 0x00, 0x00, 0x00, 0x50, 0x00, 0x00, 0x00, 0x50, 0x00, 0x00, 0x00, 0x00, 0x00, 0x00, 0x00,
  0x01, 0x00, 0x00, 0x00, 0x02, 0x00, 0x00, 0x00, 0x50, 0x00, 0x06, 0x00, 0x2B, 0x00, 0x00, 0x00,
  0x52, 0x00, 0x00, 0x00, 0x4A, 0x00, 0x00, 0x00, 0x4A, 0x00, 0x00, 0x00, 0x4A, 0x00, 0x00, 0x00,
  0x83, 0x00, 0x05, 0x00, 0x2B, 0x00, 0x00, 0x00, 0x53, 0x00, 0x00, 0x00, 0x52, 0x00, 0x00, 0x00,
  0x51, 0x00, 0x00, 0x00, 0x8E, 0x00, 0x05, 0x00, 0x2B, 0x00, 0x00, 0x00, 0x54, 0x00, 0x00, 0x00,
  0x53, 0x00, 0x00, 0x00, 0x41, 0x00, 0x00, 0x00, 0x3D, 0x00, 0x04, 0x00, 0x1A, 0x00, 0x00, 0x00,
  0x55, 0x00, 0x00, 0x00, 0x24, 0x00, 0x00, 0x00, 0x4F, 0x00, 0x08, 0x00, 0x2B, 0x00, 0x00, 0x00,
  0x56, 0x00, 0x00, 0x00, 0x55, 0x00, 0x00, 0x00, 0x55, 0x00, 0x00, 0x00, 0x00, 0x00, 0x00, 0x00,
  0x01, 0x00, 0x00, 0x00, 0x02, 0x00, 0x00, 0x00, 0x50, 0x00, 0x06, 0x00, 0x2B, 0x00, 0x00, 0x00,
  0x57, 0x00, 0x00, 0x00, 0x4A, 0x00, 0x00, 0x00, 0x4A, 0x00, 0x00, 0x00, 0x4A, 0x00, 0x00, 0x00,
  0x83, 0x00, 0x05, 0x00, 0x2B, 0x00, 0x00, 0x00, 0x58, 0x00, 0x00, 0x00, 0x57, 0x00, 0x00, 0x00,
  0x56, 0x00, 0x00, 0x00, 0x85, 0x00, 0x05, 0x00, 0x2B, 0x00, 0x00, 0x00, 0x59, 0x00, 0x00, 0x00,
  0x54, 0x00, 0x00, 0x00, 0x58, 0x00, 0x00, 0x00, 0x50, 0x00, 0x06, 0x00, 0x2B, 0x00, 0x00, 0x00,
  0x5A, 0x00, 0x00, 0x00, 0x4A, 0x00, 0x00, 0x00, 0x4A, 0x00, 0x00, 0x00, 0x4A, 0x00, 0x00, 0x00,
  0x83, 0x00, 0x05, 0x00, 0x2B, 0x00, 0x00, 0x00, 0x5B, 0x00, 0x00, 0x00, 0x5A, 0x00, 0x00, 0x00,
  0x59, 0x00, 0x00, 0x00, 0x3D, 0x00, 0x04, 0x00, 0x38, 0x00, 0x00, 0x00, 0x5C, 0x00, 0x00, 0x00,
  0x3A, 0x00, 0x00, 0x00, 0xA9, 0x00, 0x06, 0x00, 0x2B, 0x00, 0x00, 0x00, 0x5D, 0x00, 0x00, 0x00,
  0x5C, 0x00, 0x00, 0x00, 0x4C, 0x00, 0x00, 0x00, 0x4B, 0x00, 0x00, 0x00, 0x50, 0x00, 0x06, 0x00,
  0x2B, 0x00, 0x00, 0x00, 0x5E, 0x00, 0x00, 0x00, 0x4A, 0x00, 0x00, 0x00, 0x4A, 0x00, 0x00, 0x00,
  0x4A, 0x00, 0x00, 0x00, 0x83, 0x00, 0x05, 0x00, 0x2B, 0x00, 0x00, 0x00, 0x5F, 0x00, 0x00, 0x00,
  0x5E, 0x00, 0x00, 0x00, 0x5D, 0x00, 0x00, 0x00, 0x0C, 0x00, 0x08, 0x00, 0x2B, 0x00, 0x00, 0x00,
  0x60, 0x00, 0x00, 0x00, 0x01, 0x00, 0x00, 0x00, 0x2E, 0x00, 0x00, 0x00, 0x4F, 0x00, 0x00, 0x00,
  0x5B, 0x00, 0x00, 0x00, 0x5F, 0x00, 0x00, 0x00, 0x3E, 0x00, 0x03, 0x00, 0x34, 0x00, 0x00, 0x00,
  0x60, 0x00, 0x00, 0x00, 0x3D, 0x00, 0x04, 0x00, 0x1A, 0x00, 0x00, 0x00, 0x63, 0x00, 0x00, 0x00,
  0x24, 0x00, 0x00, 0x00, 0x4F, 0x00, 0x08, 0x00, 0x2B, 0x00, 0x00, 0x00, 0x64, 0x00, 0x00, 0x00,
  0x63, 0x00, 0x00, 0x00, 0x63, 0x00, 0x00, 0x00, 0x00, 0x00, 0x00, 0x00, 0x01, 0x00, 0x00, 0x00,
  0x02, 0x00, 0x00, 0x00, 0x3D, 0x00, 0x04, 0x00, 0x2B, 0x00, 0x00, 0x00, 0x65, 0x00, 0x00, 0x00,
  0x34, 0x00, 0x00, 0x00, 0x41, 0x00, 0x05, 0x00, 0x29, 0x00, 0x00, 0x00, 0x68, 0x00, 0x00, 0x00,
  0x1C, 0x00, 0x00, 0x00, 0x67, 0x00, 0x00, 0x00, 0x3D, 0x00, 0x04, 0x00, 0x06, 0x00, 0x00, 0x00,
  0x69, 0x00, 0x00, 0x00, 0x68, 0x00, 0x00, 0x00, 0x41, 0x00, 0x05, 0x00, 0x6B, 0x00, 0x00, 0x00,
  0x6C, 0x00, 0x00, 0x00, 0x0F, 0x00, 0x00, 0x00, 0x6A, 0x00, 0x00, 0x00, 0x3D, 0x00, 0x04, 0x00,
  0x06, 0x00, 0x00, 0x00, 0x6D, 0x00, 0x00, 0x00, 0x6C, 0x00, 0x00, 0x00, 0x85, 0x00, 0x05, 0x00,
  0x06, 0x00, 0x00, 0x00, 0x6E, 0x00, 0x00, 0x00, 0x69, 0x00, 0x00, 0x00, 0x6D, 0x00, 0x00, 0x00,
  0x50, 0x00, 0x06, 0x00, 0x2B, 0x00, 0x00, 0x00, 0x6F, 0x00, 0x00, 0x00, 0x6E, 0x00, 0x00, 0x00,
  0x6E, 0x00, 0x00, 0x00, 0x6E, 0x00, 0x00, 0x00, 0x0C, 0x00, 0x08, 0x00, 0x2B, 0x00, 0x00, 0x00,
  0x70, 0x00, 0x00, 0x00, 0x01, 0x00, 0x00, 0x00, 0x2E, 0x00, 0x00, 0x00, 0x64, 0x00, 0x00, 0x00,
  0x65, 0x00, 0x00, 0x00, 0x6F, 0x00, 0x00, 0x00, 0x41, 0x00, 0x05, 0x00, 0x29, 0x00, 0x00, 0x00,
  0x71, 0x00, 0x00, 0x00, 0x24, 0x00, 0x00, 0x00, 0x67, 0x00, 0x00, 0x00, 0x3D, 0x00, 0x04, 0x00,
  0x06, 0x00, 0x00, 0x00, 0x72, 0x00, 0x00, 0x00, 0x71, 0x00, 0x00, 0x00, 0x51, 0x00, 0x05, 0x00,
  0x06, 0x00, 0x00, 0x00, 0x73, 0x00, 0x00, 0x00, 0x70, 0x00, 0x00, 0x00, 0x00, 0x00, 0x00, 0x00,
  0x51, 0x00, 0x05, 0x00, 0x06, 0x00, 0x00, 0x00, 0x74, 0x00, 0x00, 0x00, 0x70, 0x00, 0x00, 0x00,
  0x01, 0x00, 0x00, 0x00, 0x51, 0x00, 0x05, 0x00, 0x06, 0x00, 0x00, 0x00, 0x75, 0x00, 0x00, 0x00,
  0x70, 0x00, 0x00, 0x00, 0x02, 0x00, 0x00, 0x00, 0x50, 0x00, 0x07, 0x00, 0x1A, 0x00, 0x00, 0x00,
  0x76, 0x00, 0x00, 0x00, 0x73, 0x00, 0x00, 0x00, 0x74, 0x00, 0x00, 0x00, 0x75, 0x00, 0x00, 0x00,
  0x72, 0x00, 0x00, 0x00, 0x3E, 0x00, 0x03, 0x00, 0x62, 0x00, 0x00, 0x00, 0x76, 0x00, 0x00, 0x00,
  0xFD, 0x00, 0x01, 0x00, 0x38, 0x00, 0x01, 0x00,
};

static const unsigned int g_ps_softlight_fragSpvSize = 2532;
static const unsigned char g_ps_softlight_fragSpv[] = {
  0x03, 0x02, 0x23, 0x07, 0x00, 0x00, 0x01, 0x00, 0x0B, 0x00, 0x0D, 0x00, 0x61, 0x00, 0x00, 0x00,
  0x00, 0x00, 0x00, 0x00, 0x11, 0x00, 0x02, 0x00, 0x01, 0x00, 0x00, 0x00, 0x0B, 0x00, 0x06, 0x00,
  0x01, 0x00, 0x00, 0x00, 0x47, 0x4C, 0x53, 0x4C, 0x2E, 0x73, 0x74, 0x64, 0x2E, 0x34, 0x35, 0x30,
  0x00, 0x00, 0x00, 0x00, 0x0E, 0x00, 0x03, 0x00, 0x00, 0x00, 0x00, 0x00, 0x01, 0x00, 0x00, 0x00,
  0x0F, 0x00, 0x07, 0x00, 0x04, 0x00, 0x00, 0x00, 0x04, 0x00, 0x00, 0x00, 0x6D, 0x61, 0x69, 0x6E,
  0x00, 0x00, 0x00, 0x00, 0x0B, 0x00, 0x00, 0x00, 0x4B, 0x00, 0x00, 0x00, 0x10, 0x00, 0x03, 0x00,
  0x04, 0x00, 0x00, 0x00, 0x07, 0x00, 0x00, 0x00, 0x03, 0x00, 0x03, 0x00, 0x02, 0x00, 0x00, 0x00,
  0xC2, 0x01, 0x00, 0x00, 0x04, 0x00, 0x0A, 0x00, 0x47, 0x4C, 0x5F, 0x47, 0x4F, 0x4F, 0x47, 0x4C,
  0x45, 0x5F, 0x63, 0x70, 0x70, 0x5F, 0x73, 0x74, 0x79, 0x6C, 0x65, 0x5F, 0x6C, 0x69, 0x6E, 0x65,
  0x5F, 0x64, 0x69, 0x72, 0x65, 0x63, 0x74, 0x69, 0x76, 0x65, 0x00, 0x00, 0x04, 0x00, 0x08, 0x00,
  0x47, 0x4C, 0x5F, 0x47, 0x4F, 0x4F, 0x47, 0x4C, 0x45, 0x5F, 0x69, 0x6E, 0x63, 0x6C, 0x75, 0x64,
  0x65, 0x5F, 0x64, 0x69, 0x72, 0x65, 0x63, 0x74, 0x69, 0x76, 0x65, 0x00, 0x05, 0x00, 0x04, 0x00,
  0x04, 0x00, 0x00, 0x00, 0x6D, 0x61, 0x69, 0x6E, 0x00, 0x00, 0x00, 0x00, 0x05, 0x00, 0x03, 0x00,
  0x09, 0x00, 0x00, 0x00, 0x75, 0x76, 0x00, 0x00, 0x05, 0x00, 0x03, 0x00, 0x0B, 0x00, 0x00, 0x00,
  0x76, 0x55, 0x56, 0x00, 0x05, 0x00, 0x05, 0x00, 0x0D, 0x00, 0x00, 0x00, 0x46, 0x72, 0x61, 0x67,
  0x50, 0x61, 0x72, 0x61, 0x6D, 0x73, 0x00, 0x00, 0x06, 0x00, 0x06, 0x00, 0x0D, 0x00, 0x00, 0x00,
  0x00, 0x00, 0x00, 0x00, 0x75, 0x76, 0x4F, 0x66, 0x66, 0x73, 0x65, 0x74, 0x00, 0x00, 0x00, 0x00,
  0x06, 0x00, 0x05, 0x00, 0x0D, 0x00, 0x00, 0x00, 0x01, 0x00, 0x00, 0x00, 0x75, 0x76, 0x53, 0x63,
  0x61, 0x6C, 0x65, 0x00, 0x06, 0x00, 0x05, 0x00, 0x0D, 0x00, 0x00, 0x00, 0x02, 0x00, 0x00, 0x00,
  0x6F, 0x70, 0x61, 0x63, 0x69, 0x74, 0x79, 0x00, 0x06, 0x00, 0x04, 0x00, 0x0D, 0x00, 0x00, 0x00,
  0x03, 0x00, 0x00, 0x00, 0x70, 0x61, 0x64, 0x00, 0x05, 0x00, 0x03, 0x00, 0x0F, 0x00, 0x00, 0x00,
  0x75, 0x50, 0x00, 0x00, 0x05, 0x00, 0x03, 0x00, 0x1C, 0x00, 0x00, 0x00, 0x73, 0x72, 0x63, 0x00,
  0x05, 0x00, 0x04, 0x00, 0x20, 0x00, 0x00, 0x00, 0x75, 0x53, 0x72, 0x63, 0x00, 0x00, 0x00, 0x00,
  0x05, 0x00, 0x03, 0x00, 0x24, 0x00, 0x00, 0x00, 0x64, 0x73, 0x74, 0x00, 0x05, 0x00, 0x04, 0x00,
  0x25, 0x00, 0x00, 0x00, 0x75, 0x44, 0x73, 0x74, 0x00, 0x00, 0x00, 0x00, 0x05, 0x00, 0x03, 0x00,
  0x2B, 0x00, 0x00, 0x00, 0x74, 0x00, 0x00, 0x00, 0x05, 0x00, 0x04, 0x00, 0x34, 0x00, 0x00, 0x00,
  0x72, 0x65, 0x73, 0x75, 0x6C, 0x74, 0x00, 0x00, 0x05, 0x00, 0x05, 0x00, 0x4B, 0x00, 0x00, 0x00,
  0x46, 0x72, 0x61, 0x67, 0x43, 0x6F, 0x6C, 0x6F, 0x72, 0x00, 0x00, 0x00, 0x47, 0x00, 0x04, 0x00,
  0x0B, 0x00, 0x00, 0x00, 0x1E, 0x00, 0x00, 0x00, 0x00, 0x00, 0x00, 0x00, 0x47, 0x00, 0x03, 0x00,
  0x0D, 0x00, 0x00, 0x00, 0x02, 0x00, 0x00, 0x00, 0x48, 0x00, 0x05, 0x00, 0x0D, 0x00, 0x00, 0x00,
  0x00, 0x00, 0x00, 0x00, 0x23, 0x00, 0x00, 0x00, 0x00, 0x00, 0x00, 0x00, 0x48, 0x00, 0x05, 0x00,
  0x0D, 0x00, 0x00, 0x00, 0x01, 0x00, 0x00, 0x00, 0x23, 0x00, 0x00, 0x00, 0x08, 0x00, 0x00, 0x00,
  0x48, 0x00, 0x05, 0x00, 0x0D, 0x00, 0x00, 0x00, 0x02, 0x00, 0x00, 0x00, 0x23, 0x00, 0x00, 0x00,
  0x10, 0x00, 0x00, 0x00, 0x48, 0x00, 0x05, 0x00, 0x0D, 0x00, 0x00, 0x00, 0x03, 0x00, 0x00, 0x00,
  0x23, 0x00, 0x00, 0x00, 0x14, 0x00, 0x00, 0x00, 0x47, 0x00, 0x04, 0x00, 0x0F, 0x00, 0x00, 0x00,
  0x21, 0x00, 0x00, 0x00, 0x00, 0x00, 0x00, 0x00, 0x47, 0x00, 0x04, 0x00, 0x0F, 0x00, 0x00, 0x00,
  0x22, 0x00, 0x00, 0x00, 0x03, 0x00, 0x00, 0x00, 0x47, 0x00, 0x04, 0x00, 0x20, 0x00, 0x00, 0x00,
  0x21, 0x00, 0x00, 0x00, 0x00, 0x00, 0x00, 0x00, 0x47, 0x00, 0x04, 0x00, 0x20, 0x00, 0x00, 0x00,
  0x22, 0x00, 0x00, 0x00, 0x02, 0x00, 0x00, 0x00, 0x47, 0x00, 0x04, 0x00, 0x25, 0x00, 0x00, 0x00,
  0x21, 0x00, 0x00, 0x00, 0x01, 0x00, 0x00, 0x00, 0x47, 0x00, 0x04, 0x00, 0x25, 0x00, 0x00, 0x00,
  0x22, 0x00, 0x00, 0x00, 0x02, 0x00, 0x00, 0x00, 0x47, 0x00, 0x04, 0x00, 0x4B, 0x00, 0x00, 0x00,
  0x1E, 0x00, 0x00, 0x00, 0x00, 0x00, 0x00, 0x00, 0x13, 0x00, 0x02, 0x00, 0x02, 0x00, 0x00, 0x00,
  0x21, 0x00, 0x03, 0x00, 0x03, 0x00, 0x00, 0x00, 0x02, 0x00, 0x00, 0x00, 0x16, 0x00, 0x03, 0x00,
  0x06, 0x00, 0x00, 0x00, 0x20, 0x00, 0x00, 0x00, 0x17, 0x00, 0x04, 0x00, 0x07, 0x00, 0x00, 0x00,
  0x06, 0x00, 0x00, 0x00, 0x02, 0x00, 0x00, 0x00, 0x20, 0x00, 0x04, 0x00, 0x08, 0x00, 0x00, 0x00,
  0x07, 0x00, 0x00, 0x00, 0x07, 0x00, 0x00, 0x00, 0x20, 0x00, 0x04, 0x00, 0x0A, 0x00, 0x00, 0x00,
  0x01, 0x00, 0x00, 0x00, 0x07, 0x00, 0x00, 0x00, 0x3B, 0x00, 0x04, 0x00, 0x0A, 0x00, 0x00, 0x00,
  0x0B, 0x00, 0x00, 0x00, 0x01, 0x00, 0x00, 0x00, 0x1E, 0x00, 0x06, 0x00, 0x0D, 0x00, 0x00, 0x00,
  0x07, 0x00, 0x00, 0x00, 0x07, 0x00, 0x00, 0x00, 0x06, 0x00, 0x00, 0x00, 0x06, 0x00, 0x00, 0x00,
  0x20, 0x00, 0x04, 0x00, 0x0E, 0x00, 0x00, 0x00, 0x02, 0x00, 0x00, 0x00, 0x0D, 0x00, 0x00, 0x00,
  0x3B, 0x00, 0x04, 0x00, 0x0E, 0x00, 0x00, 0x00, 0x0F, 0x00, 0x00, 0x00, 0x02, 0x00, 0x00, 0x00,
  0x15, 0x00, 0x04, 0x00, 0x10, 0x00, 0x00, 0x00, 0x20, 0x00, 0x00, 0x00, 0x01, 0x00, 0x00, 0x00,
  0x2B, 0x00, 0x04, 0x00, 0x10, 0x00, 0x00, 0x00, 0x11, 0x00, 0x00, 0x00, 0x01, 0x00, 0x00, 0x00,
  0x20, 0x00, 0x04, 0x00, 0x12, 0x00, 0x00, 0x00, 0x02, 0x00, 0x00, 0x00, 0x07, 0x00, 0x00, 0x00,
  0x2B, 0x00, 0x04, 0x00, 0x10, 0x00, 0x00, 0x00, 0x16, 0x00, 0x00, 0x00, 0x00, 0x00, 0x00, 0x00,
  0x17, 0x00, 0x04, 0x00, 0x1A, 0x00, 0x00, 0x00, 0x06, 0x00, 0x00, 0x00, 0x04, 0x00, 0x00, 0x00,
  0x20, 0x00, 0x04, 0x00, 0x1B, 0x00, 0x00, 0x00, 0x07, 0x00, 0x00, 0x00, 0x1A, 0x00, 0x00, 0x00,
  0x19, 0x00, 0x09, 0x00, 0x1D, 0x00, 0x00, 0x00, 0x06, 0x00, 0x00, 0x00, 0x01, 0x00, 0x00, 0x00,
  0x00, 0x00, 0x00, 0x00, 0x00, 0x00, 0x00, 0x00, 0x00, 0x00, 0x00, 0x00, 0x01, 0x00, 0x00, 0x00,
  0x00, 0x00, 0x00, 0x00, 0x1B, 0x00, 0x03, 0x00, 0x1E, 0x00, 0x00, 0x00, 0x1D, 0x00, 0x00, 0x00,
  0x20, 0x00, 0x04, 0x00, 0x1F, 0x00, 0x00, 0x00, 0x00, 0x00, 0x00, 0x00, 0x1E, 0x00, 0x00, 0x00,
  0x3B, 0x00, 0x04, 0x00, 0x1F, 0x00, 0x00, 0x00, 0x20, 0x00, 0x00, 0x00, 0x00, 0x00, 0x00, 0x00,
  0x3B, 0x00, 0x04, 0x00, 0x1F, 0x00, 0x00, 0x00, 0x25, 0x00, 0x00, 0x00, 0x00, 0x00, 0x00, 0x00,
  0x17, 0x00, 0x04, 0x00, 0x29, 0x00, 0x00, 0x00, 0x06, 0x00, 0x00, 0x00, 0x03, 0x00, 0x00, 0x00,
  0x20, 0x00, 0x04, 0x00, 0x2A, 0x00, 0x00, 0x00, 0x07, 0x00, 0x00, 0x00, 0x29, 0x00, 0x00, 0x00,
  0x2B, 0x00, 0x04, 0x00, 0x06, 0x00, 0x00, 0x00, 0x2C, 0x00, 0x00, 0x00, 0x00, 0x00, 0x00, 0x3F,
  0x2B, 0x00, 0x04, 0x00, 0x06, 0x00, 0x00, 0x00, 0x2F, 0x00, 0x00, 0x00, 0x6F, 0x12, 0x83, 0x3A,
  0x2B, 0x00, 0x04, 0x00, 0x06, 0x00, 0x00, 0x00, 0x37, 0x00, 0x00, 0x00, 0x00, 0x00, 0x80, 0x3F,
  0x2B, 0x00, 0x04, 0x00, 0x06, 0x00, 0x00, 0x00, 0x42, 0x00, 0x00, 0x00, 0x00, 0x00, 0x00, 0x40,
  0x20, 0x00, 0x04, 0x00, 0x4A, 0x00, 0x00, 0x00, 0x03, 0x00, 0x00, 0x00, 0x1A, 0x00, 0x00, 0x00,
  0x3B, 0x00, 0x04, 0x00, 0x4A, 0x00, 0x00, 0x00, 0x4B, 0x00, 0x00, 0x00, 0x03, 0x00, 0x00, 0x00,
  0x15, 0x00, 0x04, 0x00, 0x4F, 0x00, 0x00, 0x00, 0x20, 0x00, 0x00, 0x00, 0x00, 0x00, 0x00, 0x00,
  0x2B, 0x00, 0x04, 0x00, 0x4F, 0x00, 0x00, 0x00, 0x50, 0x00, 0x00, 0x00, 0x03, 0x00, 0x00, 0x00,
  0x20, 0x00, 0x04, 0x00, 0x51, 0x00, 0x00, 0x00, 0x07, 0x00, 0x00, 0x00, 0x06, 0x00, 0x00, 0x00,
  0x2B, 0x00, 0x04, 0x00, 0x10, 0x00, 0x00, 0x00, 0x54, 0x00, 0x00, 0x00, 0x02, 0x00, 0x00, 0x00,
  0x20, 0x00, 0x04, 0x00, 0x55, 0x00, 0x00, 0x00, 0x02, 0x00, 0x00, 0x00, 0x06, 0x00, 0x00, 0x00,
  0x36, 0x00, 0x05, 0x00, 0x02, 0x00, 0x00, 0x00, 0x04, 0x00, 0x00, 0x00, 0x00, 0x00, 0x00, 0x00,
  0x03, 0x00, 0x00, 0x00, 0xF8, 0x00, 0x02, 0x00, 0x05, 0x00, 0x00, 0x00, 0x3B, 0x00, 0x04, 0x00,
  0x08, 0x00, 0x00, 0x00, 0x09, 0x00, 0x00, 0x00, 0x07, 0x00, 0x00, 0x00, 0x3B, 0x00, 0x04, 0x00,
  0x1B, 0x00, 0x00, 0x00, 0x1C, 0x00, 0x00, 0x00, 0x07, 0x00, 0x00, 0x00, 0x3B, 0x00, 0x04, 0x00,
  0x1B, 0x00, 0x00, 0x00, 0x24, 0x00, 0x00, 0x00, 0x07, 0x00, 0x00, 0x00, 0x3B, 0x00, 0x04, 0x00,
  0x2A, 0x00, 0x00, 0x00, 0x2B, 0x00, 0x00, 0x00, 0x07, 0x00, 0x00, 0x00, 0x3B, 0x00, 0x04, 0x00,
  0x2A, 0x00, 0x00, 0x00, 0x34, 0x00, 0x00, 0x00, 0x07, 0x00, 0x00, 0x00, 0x3D, 0x00, 0x04, 0x00,
  0x07, 0x00, 0x00, 0x00, 0x0C, 0x00, 0x00, 0x00, 0x0B, 0x00, 0x00, 0x00, 0x41, 0x00, 0x05, 0x00,
  0x12, 0x00, 0x00, 0x00, 0x13, 0x00, 0x00, 0x00, 0x0F, 0x00, 0x00, 0x00, 0x11, 0x00, 0x00, 0x00,
  0x3D, 0x00, 0x04, 0x00, 0x07, 0x00, 0x00, 0x00, 0x14, 0x00, 0x00, 0x00, 0x13, 0x00, 0x00, 0x00,
  0x85, 0x00, 0x05, 0x00, 0x07, 0x00, 0x00, 0x00, 0x15, 0x00, 0x00, 0x00, 0x0C, 0x00, 0x00, 0x00,
  0x14, 0x00, 0x00, 0x00, 0x41, 0x00, 0x05, 0x00, 0x12, 0x00, 0x00, 0x00, 0x17, 0x00, 0x00, 0x00,
  0x0F, 0x00, 0x00, 0x00, 0x16, 0x00, 0x00, 0x00, 0x3D, 0x00, 0x04, 0x00, 0x07, 0x00, 0x00, 0x00,
  0x18, 0x00, 0x00, 0x00, 0x17, 0x00, 0x00, 0x00, 0x81, 0x00, 0x05, 0x00, 0x07, 0x00, 0x00, 0x00,
  0x19, 0x00, 0x00, 0x00, 0x15, 0x00, 0x00, 0x00, 0x18, 0x00, 0x00, 0x00, 0x3E, 0x00, 0x03, 0x00,
  0x09, 0x00, 0x00, 0x00, 0x19, 0x00, 0x00, 0x00, 0x3D, 0x00, 0x04, 0x00, 0x1E, 0x00, 0x00, 0x00,
  0x21, 0x00, 0x00, 0x00, 0x20, 0x00, 0x00, 0x00, 0x3D, 0x00, 0x04, 0x00, 0x07, 0x00, 0x00, 0x00,
  0x22, 0x00, 0x00, 0x00, 0x09, 0x00, 0x00, 0x00, 0x57, 0x00, 0x05, 0x00, 0x1A, 0x00, 0x00, 0x00,
  0x23, 0x00, 0x00, 0x00, 0x21, 0x00, 0x00, 0x00, 0x22, 0x00, 0x00, 0x00, 0x3E, 0x00, 0x03, 0x00,
  0x1C, 0x00, 0x00, 0x00, 0x23, 0x00, 0x00, 0x00, 0x3D, 0x00, 0x04, 0x00, 0x1E, 0x00, 0x00, 0x00,
  0x26, 0x00, 0x00, 0x00, 0x25, 0x00, 0x00, 0x00, 0x3D, 0x00, 0x04, 0x00, 0x07, 0x00, 0x00, 0x00,
  0x27, 0x00, 0x00, 0x00, 0x09, 0x00, 0x00, 0x00, 0x57, 0x00, 0x05, 0x00, 0x1A, 0x00, 0x00, 0x00,
  0x28, 0x00, 0x00, 0x00, 0x26, 0x00, 0x00, 0x00, 0x27, 0x00, 0x00, 0x00, 0x3E, 0x00, 0x03, 0x00,
  0x24, 0x00, 0x00, 0x00, 0x28, 0x00, 0x00, 0x00, 0x3D, 0x00, 0x04, 0x00, 0x1A, 0x00, 0x00, 0x00,
  0x2D, 0x00, 0x00, 0x00, 0x1C, 0x00, 0x00, 0x00, 0x4F, 0x00, 0x08, 0x00, 0x29, 0x00, 0x00, 0x00,
  0x2E, 0x00, 0x00, 0x00, 0x2D, 0x00, 0x00, 0x00, 0x2D, 0x00, 0x00, 0x00, 0x00, 0x00, 0x00, 0x00,
  0x01, 0x00, 0x00, 0x00, 0x02, 0x00, 0x00, 0x00, 0x50, 0x00, 0x06, 0x00, 0x29, 0x00, 0x00, 0x00,
  0x30, 0x00, 0x00, 0x00, 0x2F, 0x00, 0x00, 0x00, 0x2F, 0x00, 0x00, 0x00, 0x2F, 0x00, 0x00, 0x00,
  0x81, 0x00, 0x05, 0x00, 0x29, 0x00, 0x00, 0x00, 0x31, 0x00, 0x00, 0x00, 0x2E, 0x00, 0x00, 0x00,
  0x30, 0x00, 0x00, 0x00, 0x50, 0x00, 0x06, 0x00, 0x29, 0x00, 0x00, 0x00, 0x32, 0x00, 0x00, 0x00,
  0x2C, 0x00, 0x00, 0x00, 0x2C, 0x00, 0x00, 0x00, 0x2C, 0x00, 0x00, 0x00, 0x88, 0x00, 0x05, 0x00,
  0x29, 0x00, 0x00, 0x00, 0x33, 0x00, 0x00, 0x00, 0x32, 0x00, 0x00, 0x00, 0x31, 0x00, 0x00, 0x00,
  0x3E, 0x00, 0x03, 0x00, 0x2B, 0x00, 0x00, 0x00, 0x33, 0x00, 0x00, 0x00, 0x3D, 0x00, 0x04, 0x00,
  0x1A, 0x00, 0x00, 0x00, 0x35, 0x00, 0x00, 0x00, 0x24, 0x00, 0x00, 0x00, 0x4F, 0x00, 0x08, 0x00,
  0x29, 0x00, 0x00, 0x00, 0x36, 0x00, 0x00, 0x00, 0x35, 0x00, 0x00, 0x00, 0x35, 0x00, 0x00, 0x00,
  0x00, 0x00, 0x00, 0x00, 0x01, 0x00, 0x00, 0x00, 0x02, 0x00, 0x00, 0x00, 0x3D, 0x00, 0x04, 0x00,
  0x1A, 0x00, 0x00, 0x00, 0x38, 0x00, 0x00, 0x00, 0x1C, 0x00, 0x00, 0x00, 0x4F, 0x00, 0x08, 0x00,
  0x29, 0x00, 0x00, 0x00, 0x39, 0x00, 0x00, 0x00, 0x38, 0x00, 0x00, 0x00, 0x38, 0x00, 0x00, 0x00,
  0x00, 0x00, 0x00, 0x00, 0x01, 0x00, 0x00, 0x00, 0x02, 0x00, 0x00, 0x00, 0x50, 0x00, 0x06, 0x00,
  0x29, 0x00, 0x00, 0x00, 0x3A, 0x00, 0x00, 0x00, 0x2C, 0x00, 0x00, 0x00, 0x2C, 0x00, 0x00, 0x00,
  0x2C, 0x00, 0x00, 0x00, 0x0C, 0x00, 0x07, 0x00, 0x29, 0x00, 0x00, 0x00, 0x3B, 0x00, 0x00, 0x00,
  0x01, 0x00, 0x00, 0x00, 0x30, 0x00, 0x00, 0x00, 0x3A, 0x00, 0x00, 0x00, 0x39, 0x00, 0x00, 0x00,
  0x50, 0x00, 0x06, 0x00, 0x29, 0x00, 0x00, 0x00, 0x3C, 0x00, 0x00, 0x00, 0x37, 0x00, 0x00, 0x00,
  0x37, 0x00, 0x00, 0x00, 0x37, 0x00, 0x00, 0x00, 0x83, 0x00, 0x05, 0x00, 0x29, 0x00, 0x00, 0x00,
  0x3D, 0x00, 0x00, 0x00, 0x3C, 0x00, 0x00, 0x00, 0x3B, 0x00, 0x00, 0x00, 0x3D, 0x00, 0x04, 0x00,
  0x1A, 0x00, 0x00, 0x00, 0x3E, 0x00, 0x00, 0x00, 0x1C, 0x00, 0x00, 0x00, 0x4F, 0x00, 0x08, 0x00,
  0x29, 0x00, 0x00, 0x00, 0x3F, 0x00, 0x00, 0x00, 0x3E, 0x00, 0x00, 0x00, 0x3E, 0x00, 0x00, 0x00,
  0x00, 0x00, 0x00, 0x00, 0x01, 0x00, 0x00, 0x00, 0x02, 0x00, 0x00, 0x00, 0x50, 0x00, 0x06, 0x00,
  0x29, 0x00, 0x00, 0x00, 0x40, 0x00, 0x00, 0x00, 0x37, 0x00, 0x00, 0x00, 0x37, 0x00, 0x00, 0x00,
  0x37, 0x00, 0x00, 0x00, 0x83, 0x00, 0x05, 0x00, 0x29, 0x00, 0x00, 0x00, 0x41, 0x00, 0x00, 0x00,
  0x40, 0x00, 0x00, 0x00, 0x3F, 0x00, 0x00, 0x00, 0x8E, 0x00, 0x05, 0x00, 0x29, 0x00, 0x00, 0x00,
  0x43, 0x00, 0x00, 0x00, 0x41, 0x00, 0x00, 0x00, 0x42, 0x00, 0x00, 0x00, 0x3D, 0x00, 0x04, 0x00,
  0x29, 0x00, 0x00, 0x00, 0x44, 0x00, 0x00, 0x00, 0x2B, 0x00, 0x00, 0x00, 0x83, 0x00, 0x05, 0x00,
  0x29, 0x00, 0x00, 0x00, 0x45, 0x00, 0x00, 0x00, 0x43, 0x00, 0x00, 0x00, 0x44, 0x00, 0x00, 0x00,
  0x85, 0x00, 0x05, 0x00, 0x29, 0x00, 0x00, 0x00, 0x46, 0x00, 0x00, 0x00, 0x3D, 0x00, 0x00, 0x00,
  0x45, 0x00, 0x00, 0x00, 0x3D, 0x00, 0x04, 0x00, 0x29, 0x00, 0x00, 0x00, 0x47, 0x00, 0x00, 0x00,
  0x2B, 0x00, 0x00, 0x00, 0x81, 0x00, 0x05, 0x00, 0x29, 0x00, 0x00, 0x00, 0x48, 0x00, 0x00, 0x00,
  0x46, 0x00, 0x00, 0x00, 0x47, 0x00, 0x00, 0x00, 0x0C, 0x00, 0x07, 0x00, 0x29, 0x00, 0x00, 0x00,
  0x49, 0x00, 0x00, 0x00, 0x01, 0x00, 0x00, 0x00, 0x1A, 0x00, 0x00, 0x00, 0x36, 0x00, 0x00, 0x00,
  0x48, 0x00, 0x00, 0x00, 0x3E, 0x00, 0x03, 0x00, 0x34, 0x00, 0x00, 0x00, 0x49, 0x00, 0x00, 0x00,
  0x3D, 0x00, 0x04, 0x00, 0x1A, 0x00, 0x00, 0x00, 0x4C, 0x00, 0x00, 0x00, 0x24, 0x00, 0x00, 0x00,
  0x4F, 0x00, 0x08, 0x00, 0x29, 0x00, 0x00, 0x00, 0x4D, 0x00, 0x00, 0x00, 0x4C, 0x00, 0x00, 0x00,
  0x4C, 0x00, 0x00, 0x00, 0x00, 0x00, 0x00, 0x00, 0x01, 0x00, 0x00, 0x00, 0x02, 0x00, 0x00, 0x00,
  0x3D, 0x00, 0x04, 0x00, 0x29, 0x00, 0x00, 0x00, 0x4E, 0x00, 0x00, 0x00, 0x34, 0x00, 0x00, 0x00,
  0x41, 0x00, 0x05, 0x00, 0x51, 0x00, 0x00, 0x00, 0x52, 0x00, 0x00, 0x00, 0x1C, 0x00, 0x00, 0x00,
  0x50, 0x00, 0x00, 0x00, 0x3D, 0x00, 0x04, 0x00, 0x06, 0x00, 0x00, 0x00, 0x53, 0x00, 0x00, 0x00,
  0x52, 0x00, 0x00, 0x00, 0x41, 0x00, 0x05, 0x00, 0x55, 0x00, 0x00, 0x00, 0x56, 0x00, 0x00, 0x00,
  0x0F, 0x00, 0x00, 0x00, 0x54, 0x00, 0x00, 0x00, 0x3D, 0x00, 0x04, 0x00, 0x06, 0x00, 0x00, 0x00,
  0x57, 0x00, 0x00, 0x00, 0x56, 0x00, 0x00, 0x00, 0x85, 0x00, 0x05, 0x00, 0x06, 0x00, 0x00, 0x00,
  0x58, 0x00, 0x00, 0x00, 0x53, 0x00, 0x00, 0x00, 0x57, 0x00, 0x00, 0x00, 0x50, 0x00, 0x06, 0x00,
  0x29, 0x00, 0x00, 0x00, 0x59, 0x00, 0x00, 0x00, 0x58, 0x00, 0x00, 0x00, 0x58, 0x00, 0x00, 0x00,
  0x58, 0x00, 0x00, 0x00, 0x0C, 0x00, 0x08, 0x00, 0x29, 0x00, 0x00, 0x00, 0x5A, 0x00, 0x00, 0x00,
  0x01, 0x00, 0x00, 0x00, 0x2E, 0x00, 0x00, 0x00, 0x4D, 0x00, 0x00, 0x00, 0x4E, 0x00, 0x00, 0x00,
  0x59, 0x00, 0x00, 0x00, 0x41, 0x00, 0x05, 0x00, 0x51, 0x00, 0x00, 0x00, 0x5B, 0x00, 0x00, 0x00,
  0x24, 0x00, 0x00, 0x00, 0x50, 0x00, 0x00, 0x00, 0x3D, 0x00, 0x04, 0x00, 0x06, 0x00, 0x00, 0x00,
  0x5C, 0x00, 0x00, 0x00, 0x5B, 0x00, 0x00, 0x00, 0x51, 0x00, 0x05, 0x00, 0x06, 0x00, 0x00, 0x00,
  0x5D, 0x00, 0x00, 0x00, 0x5A, 0x00, 0x00, 0x00, 0x00, 0x00, 0x00, 0x00, 0x51, 0x00, 0x05, 0x00,
  0x06, 0x00, 0x00, 0x00, 0x5E, 0x00, 0x00, 0x00, 0x5A, 0x00, 0x00, 0x00, 0x01, 0x00, 0x00, 0x00,
  0x51, 0x00, 0x05, 0x00, 0x06, 0x00, 0x00, 0x00, 0x5F, 0x00, 0x00, 0x00, 0x5A, 0x00, 0x00, 0x00,
  0x02, 0x00, 0x00, 0x00, 0x50, 0x00, 0x07, 0x00, 0x1A, 0x00, 0x00, 0x00, 0x60, 0x00, 0x00, 0x00,
  0x5D, 0x00, 0x00, 0x00, 0x5E, 0x00, 0x00, 0x00, 0x5F, 0x00, 0x00, 0x00, 0x5C, 0x00, 0x00, 0x00,
  0x3E, 0x00, 0x03, 0x00, 0x4B, 0x00, 0x00, 0x00, 0x60, 0x00, 0x00, 0x00, 0xFD, 0x00, 0x01, 0x00,
  0x38, 0x00, 0x01, 0x00,
};

static const unsigned int g_quad_fragSpvSize = 1368;
static const unsigned char g_quad_fragSpv[] = {
  0x03, 0x02, 0x23, 0x07, 0x00, 0x00, 0x01, 0x00, 0x0B, 0x00, 0x0D, 0x00, 0x2F, 0x00, 0x00, 0x00,
  0x00, 0x00, 0x00, 0x00, 0x11, 0x00, 0x02, 0x00, 0x01, 0x00, 0x00, 0x00, 0x0B, 0x00, 0x06, 0x00,
  0x01, 0x00, 0x00, 0x00, 0x47, 0x4C, 0x53, 0x4C, 0x2E, 0x73, 0x74, 0x64, 0x2E, 0x34, 0x35, 0x30,
  0x00, 0x00, 0x00, 0x00, 0x0E, 0x00, 0x03, 0x00, 0x00, 0x00, 0x00, 0x00, 0x01, 0x00, 0x00, 0x00,
  0x0F, 0x00, 0x07, 0x00, 0x04, 0x00, 0x00, 0x00, 0x04, 0x00, 0x00, 0x00, 0x6D, 0x61, 0x69, 0x6E,
  0x00, 0x00, 0x00, 0x00, 0x0B, 0x00, 0x00, 0x00, 0x1C, 0x00, 0x00, 0x00, 0x10, 0x00, 0x03, 0x00,
  0x04, 0x00, 0x00, 0x00, 0x07, 0x00, 0x00, 0x00, 0x03, 0x00, 0x03, 0x00, 0x02, 0x00, 0x00, 0x00,
  0xC2, 0x01, 0x00, 0x00, 0x04, 0x00, 0x0A, 0x00, 0x47, 0x4C, 0x5F, 0x47, 0x4F, 0x4F, 0x47, 0x4C,
  0x45, 0x5F, 0x63, 0x70, 0x70, 0x5F, 0x73, 0x74, 0x79, 0x6C, 0x65, 0x5F, 0x6C, 0x69, 0x6E, 0x65,
  0x5F, 0x64, 0x69, 0x72, 0x65, 0x63, 0x74, 0x69, 0x76, 0x65, 0x00, 0x00, 0x04, 0x00, 0x08, 0x00,
  0x47, 0x4C, 0x5F, 0x47, 0x4F, 0x4F, 0x47, 0x4C, 0x45, 0x5F, 0x69, 0x6E, 0x63, 0x6C, 0x75, 0x64,
  0x65, 0x5F, 0x64, 0x69, 0x72, 0x65, 0x63, 0x74, 0x69, 0x76, 0x65, 0x00, 0x05, 0x00, 0x04, 0x00,
  0x04, 0x00, 0x00, 0x00, 0x6D, 0x61, 0x69, 0x6E, 0x00, 0x00, 0x00, 0x00, 0x05, 0x00, 0x03, 0x00,
  0x09, 0x00, 0x00, 0x00, 0x75, 0x76, 0x00, 0x00, 0x05, 0x00, 0x03, 0x00, 0x0B, 0x00, 0x00, 0x00,
  0x76, 0x55, 0x56, 0x00, 0x05, 0x00, 0x05, 0x00, 0x0D, 0x00, 0x00, 0x00, 0x46, 0x72, 0x61, 0x67,
  0x50, 0x61, 0x72, 0x61, 0x6D, 0x73, 0x00, 0x00, 0x06, 0x00, 0x06, 0x00, 0x0D, 0x00, 0x00, 0x00,
  0x00, 0x00, 0x00, 0x00, 0x75, 0x76, 0x4F, 0x66, 0x66, 0x73, 0x65, 0x74, 0x00, 0x00, 0x00, 0x00,
  0x06, 0x00, 0x05, 0x00, 0x0D, 0x00, 0x00, 0x00, 0x01, 0x00, 0x00, 0x00, 0x75, 0x76, 0x53, 0x63,
  0x61, 0x6C, 0x65, 0x00, 0x06, 0x00, 0x05, 0x00, 0x0D, 0x00, 0x00, 0x00, 0x02, 0x00, 0x00, 0x00,
  0x6F, 0x70, 0x61, 0x63, 0x69, 0x74, 0x79, 0x00, 0x06, 0x00, 0x04, 0x00, 0x0D, 0x00, 0x00, 0x00,
  0x03, 0x00, 0x00, 0x00, 0x70, 0x61, 0x64, 0x00, 0x05, 0x00, 0x03, 0x00, 0x0F, 0x00, 0x00, 0x00,
  0x75, 0x50, 0x00, 0x00, 0x05, 0x00, 0x05, 0x00, 0x1C, 0x00, 0x00, 0x00, 0x46, 0x72, 0x61, 0x67,
  0x43, 0x6F, 0x6C, 0x6F, 0x72, 0x00, 0x00, 0x00, 0x05, 0x00, 0x04, 0x00, 0x20, 0x00, 0x00, 0x00,
  0x75, 0x54, 0x65, 0x78, 0x00, 0x00, 0x00, 0x00, 0x47, 0x00, 0x04, 0x00, 0x0B, 0x00, 0x00, 0x00,
  0x1E, 0x00, 0x00, 0x00, 0x00, 0x00, 0x00, 0x00, 0x47, 0x00, 0x03, 0x00, 0x0D, 0x00, 0x00, 0x00,
  0x02, 0x00, 0x00, 0x00, 0x48, 0x00, 0x05, 0x00, 0x0D, 0x00, 0x00, 0x00, 0x00, 0x00, 0x00, 0x00,
  0x23, 0x00, 0x00, 0x00, 0x00, 0x00, 0x00, 0x00, 0x48, 0x00, 0x05, 0x00, 0x0D, 0x00, 0x00, 0x00,
  0x01, 0x00, 0x00, 0x00, 0x23, 0x00, 0x00, 0x00, 0x08, 0x00, 0x00, 0x00, 0x48, 0x00, 0x05, 0x00,
  0x0D, 0x00, 0x00, 0x00, 0x02, 0x00, 0x00, 0x00, 0x23, 0x00, 0x00, 0x00, 0x10, 0x00, 0x00, 0x00,
  0x48, 0x00, 0x05, 0x00, 0x0D, 0x00, 0x00, 0x00, 0x03, 0x00, 0x00, 0x00, 0x23, 0x00, 0x00, 0x00,
  0x14, 0x00, 0x00, 0x00, 0x47, 0x00, 0x04, 0x00, 0x0F, 0x00, 0x00, 0x00, 0x21, 0x00, 0x00, 0x00,
  0x00, 0x00, 0x00, 0x00, 0x47, 0x00, 0x04, 0x00, 0x0F, 0x00, 0x00, 0x00, 0x22, 0x00, 0x00, 0x00,
  0x03, 0x00, 0x00, 0x00, 0x47, 0x00, 0x04, 0x00, 0x1C, 0x00, 0x00, 0x00, 0x1E, 0x00, 0x00, 0x00,
  0x00, 0x00, 0x00, 0x00, 0x47, 0x00, 0x04, 0x00, 0x20, 0x00, 0x00, 0x00, 0x21, 0x00, 0x00, 0x00,
  0x00, 0x00, 0x00, 0x00, 0x47, 0x00, 0x04, 0x00, 0x20, 0x00, 0x00, 0x00, 0x22, 0x00, 0x00, 0x00,
  0x02, 0x00, 0x00, 0x00, 0x13, 0x00, 0x02, 0x00, 0x02, 0x00, 0x00, 0x00, 0x21, 0x00, 0x03, 0x00,
  0x03, 0x00, 0x00, 0x00, 0x02, 0x00, 0x00, 0x00, 0x16, 0x00, 0x03, 0x00, 0x06, 0x00, 0x00, 0x00,
  0x20, 0x00, 0x00, 0x00, 0x17, 0x00, 0x04, 0x00, 0x07, 0x00, 0x00, 0x00, 0x06, 0x00, 0x00, 0x00,
  0x02, 0x00, 0x00, 0x00, 0x20, 0x00, 0x04, 0x00, 0x08, 0x00, 0x00, 0x00, 0x07, 0x00, 0x00, 0x00,
  0x07, 0x00, 0x00, 0x00, 0x20, 0x00, 0x04, 0x00, 0x0A, 0x00, 0x00, 0x00, 0x01, 0x00, 0x00, 0x00,
  0x07, 0x00, 0x00, 0x00, 0x3B, 0x00, 0x04, 0x00, 0x0A, 0x00, 0x00, 0x00, 0x0B, 0x00, 0x00, 0x00,
  0x01, 0x00, 0x00, 0x00, 0x1E, 0x00, 0x06, 0x00, 0x0D, 0x00, 0x00, 0x00, 0x07, 0x00, 0x00, 0x00,
  0x07, 0x00, 0x00, 0x00, 0x06, 0x00, 0x00, 0x00, 0x06, 0x00, 0x00, 0x00, 0x20, 0x00, 0x04, 0x00,
  0x0E, 0x00, 0x00, 0x00, 0x02, 0x00, 0x00, 0x00, 0x0D, 0x00, 0x00, 0x00, 0x3B, 0x00, 0x04, 0x00,
  0x0E, 0x00, 0x00, 0x00, 0x0F, 0x00, 0x00, 0x00, 0x02, 0x00, 0x00, 0x00, 0x15, 0x00, 0x04, 0x00,
  0x10, 0x00, 0x00, 0x00, 0x20, 0x00, 0x00, 0x00, 0x01, 0x00, 0x00, 0x00, 0x2B, 0x00, 0x04, 0x00,
  0x10, 0x00, 0x00, 0x00, 0x11, 0x00, 0x00, 0x00, 0x01, 0x00, 0x00, 0x00, 0x20, 0x00, 0x04, 0x00,
  0x12, 0x00, 0x00, 0x00, 0x02, 0x00, 0x00, 0x00, 0x07, 0x00, 0x00, 0x00, 0x2B, 0x00, 0x04, 0x00,
  0x10, 0x00, 0x00, 0x00, 0x16, 0x00, 0x00, 0x00, 0x00, 0x00, 0x00, 0x00, 0x17, 0x00, 0x04, 0x00,
  0x1A, 0x00, 0x00, 0x00, 0x06, 0x00, 0x00, 0x00, 0x04, 0x00, 0x00, 0x00, 0x20, 0x00, 0x04, 0x00,
  0x1B, 0x00, 0x00, 0x00, 0x03, 0x00, 0x00, 0x00, 0x1A, 0x00, 0x00, 0x00, 0x3B, 0x00, 0x04, 0x00,
  0x1B, 0x00, 0x00, 0x00, 0x1C, 0x00, 0x00, 0x00, 0x03, 0x00, 0x00, 0x00, 0x19, 0x00, 0x09, 0x00,
  0x1D, 0x00, 0x00, 0x00, 0x06, 0x00, 0x00, 0x00, 0x01, 0x00, 0x00, 0x00, 0x00, 0x00, 0x00, 0x00,
  0x00, 0x00, 0x00, 0x00, 0x00, 0x00, 0x00, 0x00, 0x01, 0x00, 0x00, 0x00, 0x00, 0x00, 0x00, 0x00,
  0x1B, 0x00, 0x03, 0x00, 0x1E, 0x00, 0x00, 0x00, 0x1D, 0x00, 0x00, 0x00, 0x20, 0x00, 0x04, 0x00,
  0x1F, 0x00, 0x00, 0x00, 0x00, 0x00, 0x00, 0x00, 0x1E, 0x00, 0x00, 0x00, 0x3B, 0x00, 0x04, 0x00,
  0x1F, 0x00, 0x00, 0x00, 0x20, 0x00, 0x00, 0x00, 0x00, 0x00, 0x00, 0x00, 0x2B, 0x00, 0x04, 0x00,
  0x10, 0x00, 0x00, 0x00, 0x24, 0x00, 0x00, 0x00, 0x02, 0x00, 0x00, 0x00, 0x20, 0x00, 0x04, 0x00,
  0x25, 0x00, 0x00, 0x00, 0x02, 0x00, 0x00, 0x00, 0x06, 0x00, 0x00, 0x00, 0x15, 0x00, 0x04, 0x00,
  0x28, 0x00, 0x00, 0x00, 0x20, 0x00, 0x00, 0x00, 0x00, 0x00, 0x00, 0x00, 0x2B, 0x00, 0x04, 0x00,
  0x28, 0x00, 0x00, 0x00, 0x29, 0x00, 0x00, 0x00, 0x03, 0x00, 0x00, 0x00, 0x20, 0x00, 0x04, 0x00,
  0x2A, 0x00, 0x00, 0x00, 0x03, 0x00, 0x00, 0x00, 0x06, 0x00, 0x00, 0x00, 0x36, 0x00, 0x05, 0x00,
  0x02, 0x00, 0x00, 0x00, 0x04, 0x00, 0x00, 0x00, 0x00, 0x00, 0x00, 0x00, 0x03, 0x00, 0x00, 0x00,
  0xF8, 0x00, 0x02, 0x00, 0x05, 0x00, 0x00, 0x00, 0x3B, 0x00, 0x04, 0x00, 0x08, 0x00, 0x00, 0x00,
  0x09, 0x00, 0x00, 0x00, 0x07, 0x00, 0x00, 0x00, 0x3D, 0x00, 0x04, 0x00, 0x07, 0x00, 0x00, 0x00,
  0x0C, 0x00, 0x00, 0x00, 0x0B, 0x00, 0x00, 0x00, 0x41, 0x00, 0x05, 0x00, 0x12, 0x00, 0x00, 0x00,
  0x13, 0x00, 0x00, 0x00, 0x0F, 0x00, 0x00, 0x00, 0x11, 0x00, 0x00, 0x00, 0x3D, 0x00, 0x04, 0x00,
  0x07, 0x00, 0x00, 0x00, 0x14, 0x00, 0x00, 0x00, 0x13, 0x00, 0x00, 0x00, 0x85, 0x00, 0x05, 0x00,
  0x07, 0x00, 0x00, 0x00, 0x15, 0x00, 0x00, 0x00, 0x0C, 0x00, 0x00, 0x00, 0x14, 0x00, 0x00, 0x00,
  0x41, 0x00, 0x05, 0x00, 0x12, 0x00, 0x00, 0x00, 0x17, 0x00, 0x00, 0x00, 0x0F, 0x00, 0x00, 0x00,
  0x16, 0x00, 0x00, 0x00, 0x3D, 0x00, 0x04, 0x00, 0x07, 0x00, 0x00, 0x00, 0x18, 0x00, 0x00, 0x00,
  0x17, 0x00, 0x00, 0x00, 0x81, 0x00, 0x05, 0x00, 0x07, 0x00, 0x00, 0x00, 0x19, 0x00, 0x00, 0x00,
  0x15, 0x00, 0x00, 0x00, 0x18, 0x00, 0x00, 0x00, 0x3E, 0x00, 0x03, 0x00, 0x09, 0x00, 0x00, 0x00,
  0x19, 0x00, 0x00, 0x00, 0x3D, 0x00, 0x04, 0x00, 0x1E, 0x00, 0x00, 0x00, 0x21, 0x00, 0x00, 0x00,
  0x20, 0x00, 0x00, 0x00, 0x3D, 0x00, 0x04, 0x00, 0x07, 0x00, 0x00, 0x00, 0x22, 0x00, 0x00, 0x00,
  0x09, 0x00, 0x00, 0x00, 0x57, 0x00, 0x05, 0x00, 0x1A, 0x00, 0x00, 0x00, 0x23, 0x00, 0x00, 0x00,
  0x21, 0x00, 0x00, 0x00, 0x22, 0x00, 0x00, 0x00, 0x3E, 0x00, 0x03, 0x00, 0x1C, 0x00, 0x00, 0x00,
  0x23, 0x00, 0x00, 0x00, 0x41, 0x00, 0x05, 0x00, 0x25, 0x00, 0x00, 0x00, 0x26, 0x00, 0x00, 0x00,
  0x0F, 0x00, 0x00, 0x00, 0x24, 0x00, 0x00, 0x00, 0x3D, 0x00, 0x04, 0x00, 0x06, 0x00, 0x00, 0x00,
  0x27, 0x00, 0x00, 0x00, 0x26, 0x00, 0x00, 0x00, 0x41, 0x00, 0x05, 0x00, 0x2A, 0x00, 0x00, 0x00,
  0x2B, 0x00, 0x00, 0x00, 0x1C, 0x00, 0x00, 0x00, 0x29, 0x00, 0x00, 0x00, 0x3D, 0x00, 0x04, 0x00,
  0x06, 0x00, 0x00, 0x00, 0x2C, 0x00, 0x00, 0x00, 0x2B, 0x00, 0x00, 0x00, 0x85, 0x00, 0x05, 0x00,
  0x06, 0x00, 0x00, 0x00, 0x2D, 0x00, 0x00, 0x00, 0x2C, 0x00, 0x00, 0x00, 0x27, 0x00, 0x00, 0x00,
  0x41, 0x00, 0x05, 0x00, 0x2A, 0x00, 0x00, 0x00, 0x2E, 0x00, 0x00, 0x00, 0x1C, 0x00, 0x00, 0x00,
  0x29, 0x00, 0x00, 0x00, 0x3E, 0x00, 0x03, 0x00, 0x2E, 0x00, 0x00, 0x00, 0x2D, 0x00, 0x00, 0x00,
  0xFD, 0x00, 0x01, 0x00, 0x38, 0x00, 0x01, 0x00,
};

static const unsigned int g_quad_pma_fragSpvSize = 1692;
static const unsigned char g_quad_pma_fragSpv[] = {
  0x03, 0x02, 0x23, 0x07, 0x00, 0x00, 0x01, 0x00, 0x0B, 0x00, 0x0D, 0x00, 0x3E, 0x00, 0x00, 0x00,
  0x00, 0x00, 0x00, 0x00, 0x11, 0x00, 0x02, 0x00, 0x01, 0x00, 0x00, 0x00, 0x0B, 0x00, 0x06, 0x00,
  0x01, 0x00, 0x00, 0x00, 0x47, 0x4C, 0x53, 0x4C, 0x2E, 0x73, 0x74, 0x64, 0x2E, 0x34, 0x35, 0x30,
  0x00, 0x00, 0x00, 0x00, 0x0E, 0x00, 0x03, 0x00, 0x00, 0x00, 0x00, 0x00, 0x01, 0x00, 0x00, 0x00,
  0x0F, 0x00, 0x07, 0x00, 0x04, 0x00, 0x00, 0x00, 0x04, 0x00, 0x00, 0x00, 0x6D, 0x61, 0x69, 0x6E,
  0x00, 0x00, 0x00, 0x00, 0x0B, 0x00, 0x00, 0x00, 0x1C, 0x00, 0x00, 0x00, 0x10, 0x00, 0x03, 0x00,
  0x04, 0x00, 0x00, 0x00, 0x07, 0x00, 0x00, 0x00, 0x03, 0x00, 0x03, 0x00, 0x02, 0x00, 0x00, 0x00,
  0xC2, 0x01, 0x00, 0x00, 0x04, 0x00, 0x0A, 0x00, 0x47, 0x4C, 0x5F, 0x47, 0x4F, 0x4F, 0x47, 0x4C,
  0x45, 0x5F, 0x63, 0x70, 0x70, 0x5F, 0x73, 0x74, 0x79, 0x6C, 0x65, 0x5F, 0x6C, 0x69, 0x6E, 0x65,
  0x5F, 0x64, 0x69, 0x72, 0x65, 0x63, 0x74, 0x69, 0x76, 0x65, 0x00, 0x00, 0x04, 0x00, 0x08, 0x00,
  0x47, 0x4C, 0x5F, 0x47, 0x4F, 0x4F, 0x47, 0x4C, 0x45, 0x5F, 0x69, 0x6E, 0x63, 0x6C, 0x75, 0x64,
  0x65, 0x5F, 0x64, 0x69, 0x72, 0x65, 0x63, 0x74, 0x69, 0x76, 0x65, 0x00, 0x05, 0x00, 0x04, 0x00,
  0x04, 0x00, 0x00, 0x00, 0x6D, 0x61, 0x69, 0x6E, 0x00, 0x00, 0x00, 0x00, 0x05, 0x00, 0x03, 0x00,
  0x09, 0x00, 0x00, 0x00, 0x75, 0x76, 0x00, 0x00, 0x05, 0x00, 0x03, 0x00, 0x0B, 0x00, 0x00, 0x00,
  0x76, 0x55, 0x56, 0x00, 0x05, 0x00, 0x05, 0x00, 0x0D, 0x00, 0x00, 0x00, 0x46, 0x72, 0x61, 0x67,
  0x50, 0x61, 0x72, 0x61, 0x6D, 0x73, 0x00, 0x00, 0x06, 0x00, 0x06, 0x00, 0x0D, 0x00, 0x00, 0x00,
  0x00, 0x00, 0x00, 0x00, 0x75, 0x76, 0x4F, 0x66, 0x66, 0x73, 0x65, 0x74, 0x00, 0x00, 0x00, 0x00,
  0x06, 0x00, 0x05, 0x00, 0x0D, 0x00, 0x00, 0x00, 0x01, 0x00, 0x00, 0x00, 0x75, 0x76, 0x53, 0x63,
  0x61, 0x6C, 0x65, 0x00, 0x06, 0x00, 0x05, 0x00, 0x0D, 0x00, 0x00, 0x00, 0x02, 0x00, 0x00, 0x00,
  0x6F, 0x70, 0x61, 0x63, 0x69, 0x74, 0x79, 0x00, 0x06, 0x00, 0x04, 0x00, 0x0D, 0x00, 0x00, 0x00,
  0x03, 0x00, 0x00, 0x00, 0x70, 0x61, 0x64, 0x00, 0x05, 0x00, 0x03, 0x00, 0x0F, 0x00, 0x00, 0x00,
  0x75, 0x50, 0x00, 0x00, 0x05, 0x00, 0x05, 0x00, 0x1C, 0x00, 0x00, 0x00, 0x46, 0x72, 0x61, 0x67,
  0x43, 0x6F, 0x6C, 0x6F, 0x72, 0x00, 0x00, 0x00, 0x05, 0x00, 0x04, 0x00, 0x20, 0x00, 0x00, 0x00,
  0x75, 0x54, 0x65, 0x78, 0x00, 0x00, 0x00, 0x00, 0x47, 0x00, 0x04, 0x00, 0x0B, 0x00, 0x00, 0x00,
  0x1E, 0x00, 0x00, 0x00, 0x00, 0x00, 0x00, 0x00, 0x47, 0x00, 0x03, 0x00, 0x0D, 0x00, 0x00, 0x00,
  0x02, 0x00, 0x00, 0x00, 0x48, 0x00, 0x05, 0x00, 0x0D, 0x00, 0x00, 0x00, 0x00, 0x00, 0x00, 0x00,
  0x23, 0x00, 0x00, 0x00, 0x00, 0x00, 0x00, 0x00, 0x48, 0x00, 0x05, 0x00, 0x0D, 0x00, 0x00, 0x00,
  0x01, 0x00, 0x00, 0x00, 0x23, 0x00, 0x00, 0x00, 0x08, 0x00, 0x00, 0x00, 0x48, 0x00, 0x05, 0x00,
  0x0D, 0x00, 0x00, 0x00, 0x02, 0x00, 0x00, 0x00, 0x23, 0x00, 0x00, 0x00, 0x10, 0x00, 0x00, 0x00,
  0x48, 0x00, 0x05, 0x00, 0x0D, 0x00, 0x00, 0x00, 0x03, 0x00, 0x00, 0x00, 0x23, 0x00, 0x00, 0x00,
  0x14, 0x00, 0x00, 0x00, 0x47, 0x00, 0x04, 0x00, 0x0F, 0x00, 0x00, 0x00, 0x21, 0x00, 0x00, 0x00,
  0x00, 0x00, 0x00, 0x00, 0x47, 0x00, 0x04, 0x00, 0x0F, 0x00, 0x00, 0x00, 0x22, 0x00, 0x00, 0x00,
  0x03, 0x00, 0x00, 0x00, 0x47, 0x00, 0x04, 0x00, 0x1C, 0x00, 0x00, 0x00, 0x1E, 0x00, 0x00, 0x00,
  0x00, 0x00, 0x00, 0x00, 0x47, 0x00, 0x04, 0x00, 0x20, 0x00, 0x00, 0x00, 0x21, 0x00, 0x00, 0x00,
  0x00, 0x00, 0x00, 0x00, 0x47, 0x00, 0x04, 0x00, 0x20, 0x00, 0x00, 0x00, 0x22, 0x00, 0x00, 0x00,
  0x02, 0x00, 0x00, 0x00, 0x13, 0x00, 0x02, 0x00, 0x02, 0x00, 0x00, 0x00, 0x21, 0x00, 0x03, 0x00,
  0x03, 0x00, 0x00, 0x00, 0x02, 0x00, 0x00, 0x00, 0x16, 0x00, 0x03, 0x00, 0x06, 0x00, 0x00, 0x00,
  0x20, 0x00, 0x00, 0x00, 0x17, 0x00, 0x04, 0x00, 0x07, 0x00, 0x00, 0x00, 0x06, 0x00, 0x00, 0x00,
  0x02, 0x00, 0x00, 0x00, 0x20, 0x00, 0x04, 0x00, 0x08, 0x00, 0x00, 0x00, 0x07, 0x00, 0x00, 0x00,
  0x07, 0x00, 0x00, 0x00, 0x20, 0x00, 0x04, 0x00, 0x0A, 0x00, 0x00, 0x00, 0x01, 0x00, 0x00, 0x00,
  0x07, 0x00, 0x00, 0x00, 0x3B, 0x00, 0x04, 0x00, 0x0A, 0x00, 0x00, 0x00, 0x0B, 0x00, 0x00, 0x00,
  0x01, 0x00, 0x00, 0x00, 0x1E, 0x00, 0x06, 0x00, 0x0D, 0x00, 0x00, 0x00, 0x07, 0x00, 0x00, 0x00,
  0x07, 0x00, 0x00, 0x00, 0x06, 0x00, 0x00, 0x00, 0x06, 0x00, 0x00, 0x00, 0x20, 0x00, 0x04, 0x00,
  0x0E, 0x00, 0x00, 0x00, 0x02, 0x00, 0x00, 0x00, 0x0D, 0x00, 0x00, 0x00, 0x3B, 0x00, 0x04, 0x00,
  0x0E, 0x00, 0x00, 0x00, 0x0F, 0x00, 0x00, 0x00, 0x02, 0x00, 0x00, 0x00, 0x15, 0x00, 0x04, 0x00,
  0x10, 0x00, 0x00, 0x00, 0x20, 0x00, 0x00, 0x00, 0x01, 0x00, 0x00, 0x00, 0x2B, 0x00, 0x04, 0x00,
  0x10, 0x00, 0x00, 0x00, 0x11, 0x00, 0x00, 0x00, 0x01, 0x00, 0x00, 0x00, 0x20, 0x00, 0x04, 0x00,
  0x12, 0x00, 0x00, 0x00, 0x02, 0x00, 0x00, 0x00, 0x07, 0x00, 0x00, 0x00, 0x2B, 0x00, 0x04, 0x00,
  0x10, 0x00, 0x00, 0x00, 0x16, 0x00, 0x00, 0x00, 0x00, 0x00, 0x00, 0x00, 0x17, 0x00, 0x04, 0x00,
  0x1A, 0x00, 0x00, 0x00, 0x06, 0x00, 0x00, 0x00, 0x04, 0x00, 0x00, 0x00, 0x20, 0x00, 0x04, 0x00,
  0x1B, 0x00, 0x00, 0x00, 0x03, 0x00, 0x00, 0x00, 0x1A, 0x00, 0x00, 0x00, 0x3B, 0x00, 0x04, 0x00,
  0x1B, 0x00, 0x00, 0x00, 0x1C, 0x00, 0x00, 0x00, 0x03, 0x00, 0x00, 0x00, 0x19, 0x00, 0x09, 0x00,
  0x1D, 0x00, 0x00, 0x00, 0x06, 0x00, 0x00, 0x00, 0x01, 0x00, 0x00, 0x00, 0x00, 0x00, 0x00, 0x00,
  0x00, 0x00, 0x00, 0x00, 0x00, 0x00, 0x00, 0x00, 0x01, 0x00, 0x00, 0x00, 0x00, 0x00, 0x00, 0x00,
  0x1B, 0x00, 0x03, 0x00, 0x1E, 0x00, 0x00, 0x00, 0x1D, 0x00, 0x00, 0x00, 0x20, 0x00, 0x04, 0x00,
  0x1F, 0x00, 0x00, 0x00, 0x00, 0x00, 0x00, 0x00, 0x1E, 0x00, 0x00, 0x00, 0x3B, 0x00, 0x04, 0x00,
  0x1F, 0x00, 0x00, 0x00, 0x20, 0x00, 0x00, 0x00, 0x00, 0x00, 0x00, 0x00, 0x2B, 0x00, 0x04, 0x00,
  0x10, 0x00, 0x00, 0x00, 0x24, 0x00, 0x00, 0x00, 0x02, 0x00, 0x00, 0x00, 0x20, 0x00, 0x04, 0x00,
  0x25, 0x00, 0x00, 0x00, 0x02, 0x00, 0x00, 0x00, 0x06, 0x00, 0x00, 0x00, 0x17, 0x00, 0x04, 0x00,
  0x28, 0x00, 0x00, 0x00, 0x06, 0x00, 0x00, 0x00, 0x03, 0x00, 0x00, 0x00, 0x15, 0x00, 0x04, 0x00,
  0x2C, 0x00, 0x00, 0x00, 0x20, 0x00, 0x00, 0x00, 0x00, 0x00, 0x00, 0x00, 0x2B, 0x00, 0x04, 0x00,
  0x2C, 0x00, 0x00, 0x00, 0x2D, 0x00, 0x00, 0x00, 0x00, 0x00, 0x00, 0x00, 0x20, 0x00, 0x04, 0x00,
  0x2E, 0x00, 0x00, 0x00, 0x03, 0x00, 0x00, 0x00, 0x06, 0x00, 0x00, 0x00, 0x2B, 0x00, 0x04, 0x00,
  0x2C, 0x00, 0x00, 0x00, 0x31, 0x00, 0x00, 0x00, 0x01, 0x00, 0x00, 0x00, 0x2B, 0x00, 0x04, 0x00,
  0x2C, 0x00, 0x00, 0x00, 0x34, 0x00, 0x00, 0x00, 0x02, 0x00, 0x00, 0x00, 0x2B, 0x00, 0x04, 0x00,
  0x2C, 0x00, 0x00, 0x00, 0x39, 0x00, 0x00, 0x00, 0x03, 0x00, 0x00, 0x00, 0x36, 0x00, 0x05, 0x00,
  0x02, 0x00, 0x00, 0x00, 0x04, 0x00, 0x00, 0x00, 0x00, 0x00, 0x00, 0x00, 0x03, 0x00, 0x00, 0x00,
  0xF8, 0x00, 0x02, 0x00, 0x05, 0x00, 0x00, 0x00, 0x3B, 0x00, 0x04, 0x00, 0x08, 0x00, 0x00, 0x00,
  0x09, 0x00, 0x00, 0x00, 0x07, 0x00, 0x00, 0x00, 0x3D, 0x00, 0x04, 0x00, 0x07, 0x00, 0x00, 0x00,
  0x0C, 0x00, 0x00, 0x00, 0x0B, 0x00, 0x00, 0x00, 0x41, 0x00, 0x05, 0x00, 0x12, 0x00, 0x00, 0x00,
  0x13, 0x00, 0x00, 0x00, 0x0F, 0x00, 0x00, 0x00, 0x11, 0x00, 0x00, 0x00, 0x3D, 0x00, 0x04, 0x00,
  0x07, 0x00, 0x00, 0x00, 0x14, 0x00, 0x00, 0x00, 0x13, 0x00, 0x00, 0x00, 0x85, 0x00, 0x05, 0x00,
  0x07, 0x00, 0x00, 0x00, 0x15, 0x00, 0x00, 0x00, 0x0C, 0x00, 0x00, 0x00, 0x14, 0x00, 0x00, 0x00,
  0x41, 0x00, 0x05, 0x00, 0x12, 0x00, 0x00, 0x00, 0x17, 0x00, 0x00, 0x00, 0x0F, 0x00, 0x00, 0x00,
  0x16, 0x00, 0x00, 0x00, 0x3D, 0x00, 0x04, 0x00, 0x07, 0x00, 0x00, 0x00, 0x18, 0x00, 0x00, 0x00,
  0x17, 0x00, 0x00, 0x00, 0x81, 0x00, 0x05, 0x00, 0x07, 0x00, 0x00, 0x00, 0x19, 0x00, 0x00, 0x00,
  0x15, 0x00, 0x00, 0x00, 0x18, 0x00, 0x00, 0x00, 0x3E, 0x00, 0x03, 0x00, 0x09, 0x00, 0x00, 0x00,
  0x19, 0x00, 0x00, 0x00, 0x3D, 0x00, 0x04, 0x00, 0x1E, 0x00, 0x00, 0x00, 0x21, 0x00, 0x00, 0x00,
  0x20, 0x00, 0x00, 0x00, 0x3D, 0x00, 0x04, 0x00, 0x07, 0x00, 0x00, 0x00, 0x22, 0x00, 0x00, 0x00,
  0x09, 0x00, 0x00, 0x00, 0x57, 0x00, 0x05, 0x00, 0x1A, 0x00, 0x00, 0x00, 0x23, 0x00, 0x00, 0x00,
  0x21, 0x00, 0x00, 0x00, 0x22, 0x00, 0x00, 0x00, 0x3E, 0x00, 0x03, 0x00, 0x1C, 0x00, 0x00, 0x00,
  0x23, 0x00, 0x00, 0x00, 0x41, 0x00, 0x05, 0x00, 0x25, 0x00, 0x00, 0x00, 0x26, 0x00, 0x00, 0x00,
  0x0F, 0x00, 0x00, 0x00, 0x24, 0x00, 0x00, 0x00, 0x3D, 0x00, 0x04, 0x00, 0x06, 0x00, 0x00, 0x00,
  0x27, 0x00, 0x00, 0x00, 0x26, 0x00, 0x00, 0x00, 0x3D, 0x00, 0x04, 0x00, 0x1A, 0x00, 0x00, 0x00,
  0x29, 0x00, 0x00, 0x00, 0x1C, 0x00, 0x00, 0x00, 0x4F, 0x00, 0x08, 0x00, 0x28, 0x00, 0x00, 0x00,
  0x2A, 0x00, 0x00, 0x00, 0x29, 0x00, 0x00, 0x00, 0x29, 0x00, 0x00, 0x00, 0x00, 0x00, 0x00, 0x00,
  0x01, 0x00, 0x00, 0x00, 0x02, 0x00, 0x00, 0x00, 0x8E, 0x00, 0x05, 0x00, 0x28, 0x00, 0x00, 0x00,
  0x2B, 0x00, 0x00, 0x00, 0x2A, 0x00, 0x00, 0x00, 0x27, 0x00, 0x00, 0x00, 0x41, 0x00, 0x05, 0x00,
  0x2E, 0x00, 0x00, 0x00, 0x2F, 0x00, 0x00, 0x00, 0x1C, 0x00, 0x00, 0x00, 0x2D, 0x00, 0x00, 0x00,
  0x51, 0x00, 0x05, 0x00, 0x06, 0x00, 0x00, 0x00, 0x30, 0x00, 0x00, 0x00, 0x2B, 0x00, 0x00, 0x00,
  0x00, 0x00, 0x00, 0x00, 0x3E, 0x00, 0x03, 0x00, 0x2F, 0x00, 0x00, 0x00, 0x30, 0x00, 0x00, 0x00,
  0x41, 0x00, 0x05, 0x00, 0x2E, 0x00, 0x00, 0x00, 0x32, 0x00, 0x00, 0x00, 0x1C, 0x00, 0x00, 0x00,
  0x31, 0x00, 0x00, 0x00, 0x51, 0x00, 0x05, 0x00, 0x06, 0x00, 0x00, 0x00, 0x33, 0x00, 0x00, 0x00,
  0x2B, 0x00, 0x00, 0x00, 0x01, 0x00, 0x00, 0x00, 0x3E, 0x00, 0x03, 0x00, 0x32, 0x00, 0x00, 0x00,
  0x33, 0x00, 0x00, 0x00, 0x41, 0x00, 0x05, 0x00, 0x2E, 0x00, 0x00, 0x00, 0x35, 0x00, 0x00, 0x00,
  0x1C, 0x00, 0x00, 0x00, 0x34, 0x00, 0x00, 0x00, 0x51, 0x00, 0x05, 0x00, 0x06, 0x00, 0x00, 0x00,
  0x36, 0x00, 0x00, 0x00, 0x2B, 0x00, 0x00, 0x00, 0x02, 0x00, 0x00, 0x00, 0x3E, 0x00, 0x03, 0x00,
  0x35, 0x00, 0x00, 0x00, 0x36, 0x00, 0x00, 0x00, 0x41, 0x00, 0x05, 0x00, 0x25, 0x00, 0x00, 0x00,
  0x37, 0x00, 0x00, 0x00, 0x0F, 0x00, 0x00, 0x00, 0x24, 0x00, 0x00, 0x00, 0x3D, 0x00, 0x04, 0x00,
  0x06, 0x00, 0x00, 0x00, 0x38, 0x00, 0x00, 0x00, 0x37, 0x00, 0x00, 0x00, 0x41, 0x00, 0x05, 0x00,
  0x2E, 0x00, 0x00, 0x00, 0x3A, 0x00, 0x00, 0x00, 0x1C, 0x00, 0x00, 0x00, 0x39, 0x00, 0x00, 0x00,
  0x3D, 0x00, 0x04, 0x00, 0x06, 0x00, 0x00, 0x00, 0x3B, 0x00, 0x00, 0x00, 0x3A, 0x00, 0x00, 0x00,
  0x85, 0x00, 0x05, 0x00, 0x06, 0x00, 0x00, 0x00, 0x3C, 0x00, 0x00, 0x00, 0x3B, 0x00, 0x00, 0x00,
  0x38, 0x00, 0x00, 0x00, 0x41, 0x00, 0x05, 0x00, 0x2E, 0x00, 0x00, 0x00, 0x3D, 0x00, 0x00, 0x00,
  0x1C, 0x00, 0x00, 0x00, 0x39, 0x00, 0x00, 0x00, 0x3E, 0x00, 0x03, 0x00, 0x3D, 0x00, 0x00, 0x00,
  0x3C, 0x00, 0x00, 0x00, 0xFD, 0x00, 0x01, 0x00, 0x38, 0x00, 0x01, 0x00,
};

static const unsigned int g_quad_vertSpvSize = 1032;
static const unsigned char g_quad_vertSpv[] = {
  0x03, 0x02, 0x23, 0x07, 0x00, 0x00, 0x01, 0x00, 0x0B, 0x00, 0x0D, 0x00, 0x1F, 0x00, 0x00, 0x00,
  0x00, 0x00, 0x00, 0x00, 0x11, 0x00, 0x02, 0x00, 0x01, 0x00, 0x00, 0x00, 0x0B, 0x00, 0x06, 0x00,
  0x01, 0x00, 0x00, 0x00, 0x47, 0x4C, 0x53, 0x4C, 0x2E, 0x73, 0x74, 0x64, 0x2E, 0x34, 0x35, 0x30,
  0x00, 0x00, 0x00, 0x00, 0x0E, 0x00, 0x03, 0x00, 0x00, 0x00, 0x00, 0x00, 0x01, 0x00, 0x00, 0x00,
  0x0F, 0x00, 0x09, 0x00, 0x00, 0x00, 0x00, 0x00, 0x04, 0x00, 0x00, 0x00, 0x6D, 0x61, 0x69, 0x6E,
  0x00, 0x00, 0x00, 0x00, 0x0D, 0x00, 0x00, 0x00, 0x12, 0x00, 0x00, 0x00, 0x1C, 0x00, 0x00, 0x00,
  0x1D, 0x00, 0x00, 0x00, 0x03, 0x00, 0x03, 0x00, 0x02, 0x00, 0x00, 0x00, 0xC2, 0x01, 0x00, 0x00,
  0x04, 0x00, 0x0A, 0x00, 0x47, 0x4C, 0x5F, 0x47, 0x4F, 0x4F, 0x47, 0x4C, 0x45, 0x5F, 0x63, 0x70,
  0x70, 0x5F, 0x73, 0x74, 0x79, 0x6C, 0x65, 0x5F, 0x6C, 0x69, 0x6E, 0x65, 0x5F, 0x64, 0x69, 0x72,
  0x65, 0x63, 0x74, 0x69, 0x76, 0x65, 0x00, 0x00, 0x04, 0x00, 0x08, 0x00, 0x47, 0x4C, 0x5F, 0x47,
  0x4F, 0x4F, 0x47, 0x4C, 0x45, 0x5F, 0x69, 0x6E, 0x63, 0x6C, 0x75, 0x64, 0x65, 0x5F, 0x64, 0x69,
  0x72, 0x65, 0x63, 0x74, 0x69, 0x76, 0x65, 0x00, 0x05, 0x00, 0x04, 0x00, 0x04, 0x00, 0x00, 0x00,
  0x6D, 0x61, 0x69, 0x6E, 0x00, 0x00, 0x00, 0x00, 0x05, 0x00, 0x06, 0x00, 0x0B, 0x00, 0x00, 0x00,
  0x67, 0x6C, 0x5F, 0x50, 0x65, 0x72, 0x56, 0x65, 0x72, 0x74, 0x65, 0x78, 0x00, 0x00, 0x00, 0x00,
  0x06, 0x00, 0x06, 0x00, 0x0B, 0x00, 0x00, 0x00, 0x00, 0x00, 0x00, 0x00, 0x67, 0x6C, 0x5F, 0x50,
  0x6F, 0x73, 0x69, 0x74, 0x69, 0x6F, 0x6E, 0x00, 0x06, 0x00, 0x07, 0x00, 0x0B, 0x00, 0x00, 0x00,
  0x01, 0x00, 0x00, 0x00, 0x67, 0x6C, 0x5F, 0x50, 0x6F, 0x69, 0x6E, 0x74, 0x53, 0x69, 0x7A, 0x65,
  0x00, 0x00, 0x00, 0x00, 0x06, 0x00, 0x07, 0x00, 0x0B, 0x00, 0x00, 0x00, 0x02, 0x00, 0x00, 0x00,
  0x67, 0x6C, 0x5F, 0x43, 0x6C, 0x69, 0x70, 0x44, 0x69, 0x73, 0x74, 0x61, 0x6E, 0x63, 0x65, 0x00,
  0x06, 0x00, 0x07, 0x00, 0x0B, 0x00, 0x00, 0x00, 0x03, 0x00, 0x00, 0x00, 0x67, 0x6C, 0x5F, 0x43,
  0x75, 0x6C, 0x6C, 0x44, 0x69, 0x73, 0x74, 0x61, 0x6E, 0x63, 0x65, 0x00, 0x05, 0x00, 0x03, 0x00,
  0x0D, 0x00, 0x00, 0x00, 0x00, 0x00, 0x00, 0x00, 0x05, 0x00, 0x04, 0x00, 0x12, 0x00, 0x00, 0x00,
  0x61, 0x50, 0x6F, 0x73, 0x00, 0x00, 0x00, 0x00, 0x05, 0x00, 0x03, 0x00, 0x1C, 0x00, 0x00, 0x00,
  0x76, 0x55, 0x56, 0x00, 0x05, 0x00, 0x03, 0x00, 0x1D, 0x00, 0x00, 0x00, 0x61, 0x55, 0x56, 0x00,
  0x47, 0x00, 0x03, 0x00, 0x0B, 0x00, 0x00, 0x00, 0x02, 0x00, 0x00, 0x00, 0x48, 0x00, 0x05, 0x00,
  0x0B, 0x00, 0x00, 0x00, 0x00, 0x00, 0x00, 0x00, 0x0B, 0x00, 0x00, 0x00, 0x00, 0x00, 0x00, 0x00,
  0x48, 0x00, 0x05, 0x00, 0x0B, 0x00, 0x00, 0x00, 0x01, 0x00, 0x00, 0x00, 0x0B, 0x00, 0x00, 0x00,
  0x01, 0x00, 0x00, 0x00, 0x48, 0x00, 0x05, 0x00, 0x0B, 0x00, 0x00, 0x00, 0x02, 0x00, 0x00, 0x00,
  0x0B, 0x00, 0x00, 0x00, 0x03, 0x00, 0x00, 0x00, 0x48, 0x00, 0x05, 0x00, 0x0B, 0x00, 0x00, 0x00,
  0x03, 0x00, 0x00, 0x00, 0x0B, 0x00, 0x00, 0x00, 0x04, 0x00, 0x00, 0x00, 0x47, 0x00, 0x04, 0x00,
  0x12, 0x00, 0x00, 0x00, 0x1E, 0x00, 0x00, 0x00, 0x00, 0x00, 0x00, 0x00, 0x47, 0x00, 0x04, 0x00,
  0x1C, 0x00, 0x00, 0x00, 0x1E, 0x00, 0x00, 0x00, 0x00, 0x00, 0x00, 0x00, 0x47, 0x00, 0x04, 0x00,
  0x1D, 0x00, 0x00, 0x00, 0x1E, 0x00, 0x00, 0x00, 0x01, 0x00, 0x00, 0x00, 0x13, 0x00, 0x02, 0x00,
  0x02, 0x00, 0x00, 0x00, 0x21, 0x00, 0x03, 0x00, 0x03, 0x00, 0x00, 0x00, 0x02, 0x00, 0x00, 0x00,
  0x16, 0x00, 0x03, 0x00, 0x06, 0x00, 0x00, 0x00, 0x20, 0x00, 0x00, 0x00, 0x17, 0x00, 0x04, 0x00,
  0x07, 0x00, 0x00, 0x00, 0x06, 0x00, 0x00, 0x00, 0x04, 0x00, 0x00, 0x00, 0x15, 0x00, 0x04, 0x00,
  0x08, 0x00, 0x00, 0x00, 0x20, 0x00, 0x00, 0x00, 0x00, 0x00, 0x00, 0x00, 0x2B, 0x00, 0x04, 0x00,
  0x08, 0x00, 0x00, 0x00, 0x09, 0x00, 0x00, 0x00, 0x01, 0x00, 0x00, 0x00, 0x1C, 0x00, 0x04, 0x00,
  0x0A, 0x00, 0x00, 0x00, 0x06, 0x00, 0x00, 0x00, 0x09, 0x00, 0x00, 0x00, 0x1E, 0x00, 0x06, 0x00,
  0x0B, 0x00, 0x00, 0x00, 0x07, 0x00, 0x00, 0x00, 0x06, 0x00, 0x00, 0x00, 0x0A, 0x00, 0x00, 0x00,
  0x0A, 0x00, 0x00, 0x00, 0x20, 0x00, 0x04, 0x00, 0x0C, 0x00, 0x00, 0x00, 0x03, 0x00, 0x00, 0x00,
  0x0B, 0x00, 0x00, 0x00, 0x3B, 0x00, 0x04, 0x00, 0x0C, 0x00, 0x00, 0x00, 0x0D, 0x00, 0x00, 0x00,
  0x03, 0x00, 0x00, 0x00, 0x15, 0x00, 0x04, 0x00, 0x0E, 0x00, 0x00, 0x00, 0x20, 0x00, 0x00, 0x00,
  0x01, 0x00, 0x00, 0x00, 0x2B, 0x00, 0x04, 0x00, 0x0E, 0x00, 0x00, 0x00, 0x0F, 0x00, 0x00, 0x00,
  0x00, 0x00, 0x00, 0x00, 0x17, 0x00, 0x04, 0x00, 0x10, 0x00, 0x00, 0x00, 0x06, 0x00, 0x00, 0x00,
  0x02, 0x00, 0x00, 0x00, 0x20, 0x00, 0x04, 0x00, 0x11, 0x00, 0x00, 0x00, 0x01, 0x00, 0x00, 0x00,
  0x10, 0x00, 0x00, 0x00, 0x3B, 0x00, 0x04, 0x00, 0x11, 0x00, 0x00, 0x00, 0x12, 0x00, 0x00, 0x00,
  0x01, 0x00, 0x00, 0x00, 0x2B, 0x00, 0x04, 0x00, 0x06, 0x00, 0x00, 0x00, 0x14, 0x00, 0x00, 0x00,
  0x00, 0x00, 0x00, 0x00, 0x2B, 0x00, 0x04, 0x00, 0x06, 0x00, 0x00, 0x00, 0x15, 0x00, 0x00, 0x00,
  0x00, 0x00, 0x80, 0x3F, 0x20, 0x00, 0x04, 0x00, 0x19, 0x00, 0x00, 0x00, 0x03, 0x00, 0x00, 0x00,
  0x07, 0x00, 0x00, 0x00, 0x20, 0x00, 0x04, 0x00, 0x1B, 0x00, 0x00, 0x00, 0x03, 0x00, 0x00, 0x00,
  0x10, 0x00, 0x00, 0x00, 0x3B, 0x00, 0x04, 0x00, 0x1B, 0x00, 0x00, 0x00, 0x1C, 0x00, 0x00, 0x00,
  0x03, 0x00, 0x00, 0x00, 0x3B, 0x00, 0x04, 0x00, 0x11, 0x00, 0x00, 0x00, 0x1D, 0x00, 0x00, 0x00,
  0x01, 0x00, 0x00, 0x00, 0x36, 0x00, 0x05, 0x00, 0x02, 0x00, 0x00, 0x00, 0x04, 0x00, 0x00, 0x00,
  0x00, 0x00, 0x00, 0x00, 0x03, 0x00, 0x00, 0x00, 0xF8, 0x00, 0x02, 0x00, 0x05, 0x00, 0x00, 0x00,
  0x3D, 0x00, 0x04, 0x00, 0x10, 0x00, 0x00, 0x00, 0x13, 0x00, 0x00, 0x00, 0x12, 0x00, 0x00, 0x00,
  0x51, 0x00, 0x05, 0x00, 0x06, 0x00, 0x00, 0x00, 0x16, 0x00, 0x00, 0x00, 0x13, 0x00, 0x00, 0x00,
  0x00, 0x00, 0x00, 0x00, 0x51, 0x00, 0x05, 0x00, 0x06, 0x00, 0x00, 0x00, 0x17, 0x00, 0x00, 0x00,
  0x13, 0x00, 0x00, 0x00, 0x01, 0x00, 0x00, 0x00, 0x50, 0x00, 0x07, 0x00, 0x07, 0x00, 0x00, 0x00,
  0x18, 0x00, 0x00, 0x00, 0x16, 0x00, 0x00, 0x00, 0x17, 0x00, 0x00, 0x00, 0x14, 0x00, 0x00, 0x00,
  0x15, 0x00, 0x00, 0x00, 0x41, 0x00, 0x05, 0x00, 0x19, 0x00, 0x00, 0x00, 0x1A, 0x00, 0x00, 0x00,
  0x0D, 0x00, 0x00, 0x00, 0x0F, 0x00, 0x00, 0x00, 0x3E, 0x00, 0x03, 0x00, 0x1A, 0x00, 0x00, 0x00,
  0x18, 0x00, 0x00, 0x00, 0x3D, 0x00, 0x04, 0x00, 0x10, 0x00, 0x00, 0x00, 0x1E, 0x00, 0x00, 0x00,
  0x1D, 0x00, 0x00, 0x00, 0x3E, 0x00, 0x03, 0x00, 0x1C, 0x00, 0x00, 0x00, 0x1E, 0x00, 0x00, 0x00,
  0xFD, 0x00, 0x01, 0x00, 0x38, 0x00, 0x01, 0x00,
};

static const unsigned int g_remove_opacity_fragSpvSize = 1764;
static const unsigned char g_remove_opacity_fragSpv[] = {
  0x03, 0x02, 0x23, 0x07, 0x00, 0x00, 0x01, 0x00, 0x0B, 0x00, 0x0D, 0x00, 0x41, 0x00, 0x00, 0x00,
  0x00, 0x00, 0x00, 0x00, 0x11, 0x00, 0x02, 0x00, 0x01, 0x00, 0x00, 0x00, 0x0B, 0x00, 0x06, 0x00,
  0x01, 0x00, 0x00, 0x00, 0x47, 0x4C, 0x53, 0x4C, 0x2E, 0x73, 0x74, 0x64, 0x2E, 0x34, 0x35, 0x30,
  0x00, 0x00, 0x00, 0x00, 0x0E, 0x00, 0x03, 0x00, 0x00, 0x00, 0x00, 0x00, 0x01, 0x00, 0x00, 0x00,
  0x0F, 0x00, 0x07, 0x00, 0x04, 0x00, 0x00, 0x00, 0x04, 0x00, 0x00, 0x00, 0x6D, 0x61, 0x69, 0x6E,
  0x00, 0x00, 0x00, 0x00, 0x0B, 0x00, 0x00, 0x00, 0x3F, 0x00, 0x00, 0x00, 0x10, 0x00, 0x03, 0x00,
  0x04, 0x00, 0x00, 0x00, 0x07, 0x00, 0x00, 0x00, 0x03, 0x00, 0x03, 0x00, 0x02, 0x00, 0x00, 0x00,
  0xC2, 0x01, 0x00, 0x00, 0x04, 0x00, 0x0A, 0x00, 0x47, 0x4C, 0x5F, 0x47, 0x4F, 0x4F, 0x47, 0x4C,
  0x45, 0x5F, 0x63, 0x70, 0x70, 0x5F, 0x73, 0x74, 0x79, 0x6C, 0x65, 0x5F, 0x6C, 0x69, 0x6E, 0x65,
  0x5F, 0x64, 0x69, 0x72, 0x65, 0x63, 0x74, 0x69, 0x76, 0x65, 0x00, 0x00, 0x04, 0x00, 0x08, 0x00,
  0x47, 0x4C, 0x5F, 0x47, 0x4F, 0x4F, 0x47, 0x4C, 0x45, 0x5F, 0x69, 0x6E, 0x63, 0x6C, 0x75, 0x64,
  0x65, 0x5F, 0x64, 0x69, 0x72, 0x65, 0x63, 0x74, 0x69, 0x76, 0x65, 0x00, 0x05, 0x00, 0x04, 0x00,
  0x04, 0x00, 0x00, 0x00, 0x6D, 0x61, 0x69, 0x6E, 0x00, 0x00, 0x00, 0x00, 0x05, 0x00, 0x03, 0x00,
  0x09, 0x00, 0x00, 0x00, 0x75, 0x76, 0x00, 0x00, 0x05, 0x00, 0x03, 0x00, 0x0B, 0x00, 0x00, 0x00,
  0x76, 0x55, 0x56, 0x00, 0x05, 0x00, 0x05, 0x00, 0x0D, 0x00, 0x00, 0x00, 0x46, 0x72, 0x61, 0x67,
  0x50, 0x61, 0x72, 0x61, 0x6D, 0x73, 0x00, 0x00, 0x06, 0x00, 0x06, 0x00, 0x0D, 0x00, 0x00, 0x00,
  0x00, 0x00, 0x00, 0x00, 0x75, 0x76, 0x4F, 0x66, 0x66, 0x73, 0x65, 0x74, 0x00, 0x00, 0x00, 0x00,
  0x06, 0x00, 0x05, 0x00, 0x0D, 0x00, 0x00, 0x00, 0x01, 0x00, 0x00, 0x00, 0x75, 0x76, 0x53, 0x63,
  0x61, 0x6C, 0x65, 0x00, 0x06, 0x00, 0x05, 0x00, 0x0D, 0x00, 0x00, 0x00, 0x02, 0x00, 0x00, 0x00,
  0x6F, 0x70, 0x61, 0x63, 0x69, 0x74, 0x79, 0x00, 0x06, 0x00, 0x04, 0x00, 0x0D, 0x00, 0x00, 0x00,
  0x03, 0x00, 0x00, 0x00, 0x70, 0x61, 0x64, 0x00, 0x05, 0x00, 0x03, 0x00, 0x0F, 0x00, 0x00, 0x00,
  0x75, 0x50, 0x00, 0x00, 0x05, 0x00, 0x03, 0x00, 0x1C, 0x00, 0x00, 0x00, 0x63, 0x00, 0x00, 0x00,
  0x05, 0x00, 0x04, 0x00, 0x20, 0x00, 0x00, 0x00, 0x75, 0x54, 0x65, 0x78, 0x00, 0x00, 0x00, 0x00,
  0x05, 0x00, 0x05, 0x00, 0x3F, 0x00, 0x00, 0x00, 0x46, 0x72, 0x61, 0x67, 0x43, 0x6F, 0x6C, 0x6F,
  0x72, 0x00, 0x00, 0x00, 0x47, 0x00, 0x04, 0x00, 0x0B, 0x00, 0x00, 0x00, 0x1E, 0x00, 0x00, 0x00,
  0x00, 0x00, 0x00, 0x00, 0x47, 0x00, 0x03, 0x00, 0x0D, 0x00, 0x00, 0x00, 0x02, 0x00, 0x00, 0x00,
  0x48, 0x00, 0x05, 0x00, 0x0D, 0x00, 0x00, 0x00, 0x00, 0x00, 0x00, 0x00, 0x23, 0x00, 0x00, 0x00,
  0x00, 0x00, 0x00, 0x00, 0x48, 0x00, 0x05, 0x00, 0x0D, 0x00, 0x00, 0x00, 0x01, 0x00, 0x00, 0x00,
  0x23, 0x00, 0x00, 0x00, 0x08, 0x00, 0x00, 0x00, 0x48, 0x00, 0x05, 0x00, 0x0D, 0x00, 0x00, 0x00,
  0x02, 0x00, 0x00, 0x00, 0x23, 0x00, 0x00, 0x00, 0x10, 0x00, 0x00, 0x00, 0x48, 0x00, 0x05, 0x00,
  0x0D, 0x00, 0x00, 0x00, 0x03, 0x00, 0x00, 0x00, 0x23, 0x00, 0x00, 0x00, 0x14, 0x00, 0x00, 0x00,
  0x47, 0x00, 0x04, 0x00, 0x0F, 0x00, 0x00, 0x00, 0x21, 0x00, 0x00, 0x00, 0x00, 0x00, 0x00, 0x00,
  0x47, 0x00, 0x04, 0x00, 0x0F, 0x00, 0x00, 0x00, 0x22, 0x00, 0x00, 0x00, 0x03, 0x00, 0x00, 0x00,
  0x47, 0x00, 0x04, 0x00, 0x20, 0x00, 0x00, 0x00, 0x21, 0x00, 0x00, 0x00, 0x00, 0x00, 0x00, 0x00,
  0x47, 0x00, 0x04, 0x00, 0x20, 0x00, 0x00, 0x00, 0x22, 0x00, 0x00, 0x00, 0x02, 0x00, 0x00, 0x00,
  0x47, 0x00, 0x04, 0x00, 0x3F, 0x00, 0x00, 0x00, 0x1E, 0x00, 0x00, 0x00, 0x00, 0x00, 0x00, 0x00,
  0x13, 0x00, 0x02, 0x00, 0x02, 0x00, 0x00, 0x00, 0x21, 0x00, 0x03, 0x00, 0x03, 0x00, 0x00, 0x00,
  0x02, 0x00, 0x00, 0x00, 0x16, 0x00, 0x03, 0x00, 0x06, 0x00, 0x00, 0x00, 0x20, 0x00, 0x00, 0x00,
  0x17, 0x00, 0x04, 0x00, 0x07, 0x00, 0x00, 0x00, 0x06, 0x00, 0x00, 0x00, 0x02, 0x00, 0x00, 0x00,
  0x20, 0x00, 0x04, 0x00, 0x08, 0x00, 0x00, 0x00, 0x07, 0x00, 0x00, 0x00, 0x07, 0x00, 0x00, 0x00,
  0x20, 0x00, 0x04, 0x00, 0x0A, 0x00, 0x00, 0x00, 0x01, 0x00, 0x00, 0x00, 0x07, 0x00, 0x00, 0x00,
  0x3B, 0x00, 0x04, 0x00, 0x0A, 0x00, 0x00, 0x00, 0x0B, 0x00, 0x00, 0x00, 0x01, 0x00, 0x00, 0x00,
  0x1E, 0x00, 0x06, 0x00, 0x0D, 0x00, 0x00, 0x00, 0x07, 0x00, 0x00, 0x00, 0x07, 0x00, 0x00, 0x00,
  0x06, 0x00, 0x00, 0x00, 0x06, 0x00, 0x00, 0x00, 0x20, 0x00, 0x04, 0x00, 0x0E, 0x00, 0x00, 0x00,
  0x02, 0x00, 0x00, 0x00, 0x0D, 0x00, 0x00, 0x00, 0x3B, 0x00, 0x04, 0x00, 0x0E, 0x00, 0x00, 0x00,
  0x0F, 0x00, 0x00, 0x00, 0x02, 0x00, 0x00, 0x00, 0x15, 0x00, 0x04, 0x00, 0x10, 0x00, 0x00, 0x00,
  0x20, 0x00, 0x00, 0x00, 0x01, 0x00, 0x00, 0x00, 0x2B, 0x00, 0x04, 0x00, 0x10, 0x00, 0x00, 0x00,
  0x11, 0x00, 0x00, 0x00, 0x01, 0x00, 0x00, 0x00, 0x20, 0x00, 0x04, 0x00, 0x12, 0x00, 0x00, 0x00,
  0x02, 0x00, 0x00, 0x00, 0x07, 0x00, 0x00, 0x00, 0x2B, 0x00, 0x04, 0x00, 0x10, 0x00, 0x00, 0x00,
  0x16, 0x00, 0x00, 0x00, 0x00, 0x00, 0x00, 0x00, 0x17, 0x00, 0x04, 0x00, 0x1A, 0x00, 0x00, 0x00,
  0x06, 0x00, 0x00, 0x00, 0x04, 0x00, 0x00, 0x00, 0x20, 0x00, 0x04, 0x00, 0x1B, 0x00, 0x00, 0x00,
  0x07, 0x00, 0x00, 0x00, 0x1A, 0x00, 0x00, 0x00, 0x19, 0x00, 0x09, 0x00, 0x1D, 0x00, 0x00, 0x00,
  0x06, 0x00, 0x00, 0x00, 0x01, 0x00, 0x00, 0x00, 0x00, 0x00, 0x00, 0x00, 0x00, 0x00, 0x00, 0x00,
  0x00, 0x00, 0x00, 0x00, 0x01, 0x00, 0x00, 0x00, 0x00, 0x00, 0x00, 0x00, 0x1B, 0x00, 0x03, 0x00,
  0x1E, 0x00, 0x00, 0x00, 0x1D, 0x00, 0x00, 0x00, 0x20, 0x00, 0x04, 0x00, 0x1F, 0x00, 0x00, 0x00,
  0x00, 0x00, 0x00, 0x00, 0x1E, 0x00, 0x00, 0x00, 0x3B, 0x00, 0x04, 0x00, 0x1F, 0x00, 0x00, 0x00,
  0x20, 0x00, 0x00, 0x00, 0x00, 0x00, 0x00, 0x00, 0x15, 0x00, 0x04, 0x00, 0x24, 0x00, 0x00, 0x00,
  0x20, 0x00, 0x00, 0x00, 0x00, 0x00, 0x00, 0x00, 0x2B, 0x00, 0x04, 0x00, 0x24, 0x00, 0x00, 0x00,
  0x25, 0x00, 0x00, 0x00, 0x03, 0x00, 0x00, 0x00, 0x20, 0x00, 0x04, 0x00, 0x26, 0x00, 0x00, 0x00,
  0x07, 0x00, 0x00, 0x00, 0x06, 0x00, 0x00, 0x00, 0x2B, 0x00, 0x04, 0x00, 0x06, 0x00, 0x00, 0x00,
  0x29, 0x00, 0x00, 0x00, 0x6F, 0x12, 0x83, 0x3A, 0x14, 0x00, 0x02, 0x00, 0x2A, 0x00, 0x00, 0x00,
  0x17, 0x00, 0x04, 0x00, 0x30, 0x00, 0x00, 0x00, 0x06, 0x00, 0x00, 0x00, 0x03, 0x00, 0x00, 0x00,
  0x2B, 0x00, 0x04, 0x00, 0x24, 0x00, 0x00, 0x00, 0x35, 0x00, 0x00, 0x00, 0x00, 0x00, 0x00, 0x00,
  0x2B, 0x00, 0x04, 0x00, 0x24, 0x00, 0x00, 0x00, 0x38, 0x00, 0x00, 0x00, 0x01, 0x00, 0x00, 0x00,
  0x2B, 0x00, 0x04, 0x00, 0x24, 0x00, 0x00, 0x00, 0x3B, 0x00, 0x00, 0x00, 0x02, 0x00, 0x00, 0x00,
  0x20, 0x00, 0x04, 0x00, 0x3E, 0x00, 0x00, 0x00, 0x03, 0x00, 0x00, 0x00, 0x1A, 0x00, 0x00, 0x00,
  0x3B, 0x00, 0x04, 0x00, 0x3E, 0x00, 0x00, 0x00, 0x3F, 0x00, 0x00, 0x00, 0x03, 0x00, 0x00, 0x00,
  0x36, 0x00, 0x05, 0x00, 0x02, 0x00, 0x00, 0x00, 0x04, 0x00, 0x00, 0x00, 0x00, 0x00, 0x00, 0x00,
  0x03, 0x00, 0x00, 0x00, 0xF8, 0x00, 0x02, 0x00, 0x05, 0x00, 0x00, 0x00, 0x3B, 0x00, 0x04, 0x00,
  0x08, 0x00, 0x00, 0x00, 0x09, 0x00, 0x00, 0x00, 0x07, 0x00, 0x00, 0x00, 0x3B, 0x00, 0x04, 0x00,
  0x1B, 0x00, 0x00, 0x00, 0x1C, 0x00, 0x00, 0x00, 0x07, 0x00, 0x00, 0x00, 0x3D, 0x00, 0x04, 0x00,
  0x07, 0x00, 0x00, 0x00, 0x0C, 0x00, 0x00, 0x00, 0x0B, 0x00, 0x00, 0x00, 0x41, 0x00, 0x05, 0x00,
  0x12, 0x00, 0x00, 0x00, 0x13, 0x00, 0x00, 0x00, 0x0F, 0x00, 0x00, 0x00, 0x11, 0x00, 0x00, 0x00,
  0x3D, 0x00, 0x04, 0x00, 0x07, 0x00, 0x00, 0x00, 0x14, 0x00, 0x00, 0x00, 0x13, 0x00, 0x00, 0x00,
  0x85, 0x00, 0x05, 0x00, 0x07, 0x00, 0x00, 0x00, 0x15, 0x00, 0x00, 0x00, 0x0C, 0x00, 0x00, 0x00,
  0x14, 0x00, 0x00, 0x00, 0x41, 0x00, 0x05, 0x00, 0x12, 0x00, 0x00, 0x00, 0x17, 0x00, 0x00, 0x00,
  0x0F, 0x00, 0x00, 0x00, 0x16, 0x00, 0x00, 0x00, 0x3D, 0x00, 0x04, 0x00, 0x07, 0x00, 0x00, 0x00,
  0x18, 0x00, 0x00, 0x00, 0x17, 0x00, 0x00, 0x00, 0x81, 0x00, 0x05, 0x00, 0x07, 0x00, 0x00, 0x00,
  0x19, 0x00, 0x00, 0x00, 0x15, 0x00, 0x00, 0x00, 0x18, 0x00, 0x00, 0x00, 0x3E, 0x00, 0x03, 0x00,
  0x09, 0x00, 0x00, 0x00, 0x19, 0x00, 0x00, 0x00, 0x3D, 0x00, 0x04, 0x00, 0x1E, 0x00, 0x00, 0x00,
  0x21, 0x00, 0x00, 0x00, 0x20, 0x00, 0x00, 0x00, 0x3D, 0x00, 0x04, 0x00, 0x07, 0x00, 0x00, 0x00,
  0x22, 0x00, 0x00, 0x00, 0x09, 0x00, 0x00, 0x00, 0x57, 0x00, 0x05, 0x00, 0x1A, 0x00, 0x00, 0x00,
  0x23, 0x00, 0x00, 0x00, 0x21, 0x00, 0x00, 0x00, 0x22, 0x00, 0x00, 0x00, 0x3E, 0x00, 0x03, 0x00,
  0x1C, 0x00, 0x00, 0x00, 0x23, 0x00, 0x00, 0x00, 0x41, 0x00, 0x05, 0x00, 0x26, 0x00, 0x00, 0x00,
  0x27, 0x00, 0x00, 0x00, 0x1C, 0x00, 0x00, 0x00, 0x25, 0x00, 0x00, 0x00, 0x3D, 0x00, 0x04, 0x00,
  0x06, 0x00, 0x00, 0x00, 0x28, 0x00, 0x00, 0x00, 0x27, 0x00, 0x00, 0x00, 0xBA, 0x00, 0x05, 0x00,
  0x2A, 0x00, 0x00, 0x00, 0x2B, 0x00, 0x00, 0x00, 0x28, 0x00, 0x00, 0x00, 0x29, 0x00, 0x00, 0x00,
  0xF7, 0x00, 0x03, 0x00, 0x2D, 0x00, 0x00, 0x00, 0x00, 0x00, 0x00, 0x00, 0xFA, 0x00, 0x04, 0x00,
  0x2B, 0x00, 0x00, 0x00, 0x2C, 0x00, 0x00, 0x00, 0x2D, 0x00, 0x00, 0x00, 0xF8, 0x00, 0x02, 0x00,
  0x2C, 0x00, 0x00, 0x00, 0x41, 0x00, 0x05, 0x00, 0x26, 0x00, 0x00, 0x00, 0x2E, 0x00, 0x00, 0x00,
  0x1C, 0x00, 0x00, 0x00, 0x25, 0x00, 0x00, 0x00, 0x3D, 0x00, 0x04, 0x00, 0x06, 0x00, 0x00, 0x00,
  0x2F, 0x00, 0x00, 0x00, 0x2E, 0x00, 0x00, 0x00, 0x3D, 0x00, 0x04, 0x00, 0x1A, 0x00, 0x00, 0x00,
  0x31, 0x00, 0x00, 0x00, 0x1C, 0x00, 0x00, 0x00, 0x4F, 0x00, 0x08, 0x00, 0x30, 0x00, 0x00, 0x00,
  0x32, 0x00, 0x00, 0x00, 0x31, 0x00, 0x00, 0x00, 0x31, 0x00, 0x00, 0x00, 0x00, 0x00, 0x00, 0x00,
  0x01, 0x00, 0x00, 0x00, 0x02, 0x00, 0x00, 0x00, 0x50, 0x00, 0x06, 0x00, 0x30, 0x00, 0x00, 0x00,
  0x33, 0x00, 0x00, 0x00, 0x2F, 0x00, 0x00, 0x00, 0x2F, 0x00, 0x00, 0x00, 0x2F, 0x00, 0x00, 0x00,
  0x88, 0x00, 0x05, 0x00, 0x30, 0x00, 0x00, 0x00, 0x34, 0x00, 0x00, 0x00, 0x32, 0x00, 0x00, 0x00,
  0x33, 0x00, 0x00, 0x00, 0x41, 0x00, 0x05, 0x00, 0x26, 0x00, 0x00, 0x00, 0x36, 0x00, 0x00, 0x00,
  0x1C, 0x00, 0x00, 0x00, 0x35, 0x00, 0x00, 0x00, 0x51, 0x00, 0x05, 0x00, 0x06, 0x00, 0x00, 0x00,
  0x37, 0x00, 0x00, 0x00, 0x34, 0x00, 0x00, 0x00, 0x00, 0x00, 0x00, 0x00, 0x3E, 0x00, 0x03, 0x00,
  0x36, 0x00, 0x00, 0x00, 0x37, 0x00, 0x00, 0x00, 0x41, 0x00, 0x05, 0x00, 0x26, 0x00, 0x00, 0x00,
  0x39, 0x00, 0x00, 0x00, 0x1C, 0x00, 0x00, 0x00, 0x38, 0x00, 0x00, 0x00, 0x51, 0x00, 0x05, 0x00,
  0x06, 0x00, 0x00, 0x00, 0x3A, 0x00, 0x00, 0x00, 0x34, 0x00, 0x00, 0x00, 0x01, 0x00, 0x00, 0x00,
  0x3E, 0x00, 0x03, 0x00, 0x39, 0x00, 0x00, 0x00, 0x3A, 0x00, 0x00, 0x00, 0x41, 0x00, 0x05, 0x00,
  0x26, 0x00, 0x00, 0x00, 0x3C, 0x00, 0x00, 0x00, 0x1C, 0x00, 0x00, 0x00, 0x3B, 0x00, 0x00, 0x00,
  0x51, 0x00, 0x05, 0x00, 0x06, 0x00, 0x00, 0x00, 0x3D, 0x00, 0x00, 0x00, 0x34, 0x00, 0x00, 0x00,
  0x02, 0x00, 0x00, 0x00, 0x3E, 0x00, 0x03, 0x00, 0x3C, 0x00, 0x00, 0x00, 0x3D, 0x00, 0x00, 0x00,
  0xF9, 0x00, 0x02, 0x00, 0x2D, 0x00, 0x00, 0x00, 0xF8, 0x00, 0x02, 0x00, 0x2D, 0x00, 0x00, 0x00,
  0x3D, 0x00, 0x04, 0x00, 0x1A, 0x00, 0x00, 0x00, 0x40, 0x00, 0x00, 0x00, 0x1C, 0x00, 0x00, 0x00,
  0x3E, 0x00, 0x03, 0x00, 0x3F, 0x00, 0x00, 0x00, 0x40, 0x00, 0x00, 0x00, 0xFD, 0x00, 0x01, 0x00,
  0x38, 0x00, 0x01, 0x00,
};

static const unsigned int g_univ_trans_fragSpvSize = 2724;
static const unsigned char g_univ_trans_fragSpv[] = {
  0x03, 0x02, 0x23, 0x07, 0x00, 0x00, 0x01, 0x00, 0x0B, 0x00, 0x0D, 0x00, 0x61, 0x00, 0x00, 0x00,
  0x00, 0x00, 0x00, 0x00, 0x11, 0x00, 0x02, 0x00, 0x01, 0x00, 0x00, 0x00, 0x0B, 0x00, 0x06, 0x00,
  0x01, 0x00, 0x00, 0x00, 0x47, 0x4C, 0x53, 0x4C, 0x2E, 0x73, 0x74, 0x64, 0x2E, 0x34, 0x35, 0x30,
  0x00, 0x00, 0x00, 0x00, 0x0E, 0x00, 0x03, 0x00, 0x00, 0x00, 0x00, 0x00, 0x01, 0x00, 0x00, 0x00,
  0x0F, 0x00, 0x07, 0x00, 0x04, 0x00, 0x00, 0x00, 0x04, 0x00, 0x00, 0x00, 0x6D, 0x61, 0x69, 0x6E,
  0x00, 0x00, 0x00, 0x00, 0x0B, 0x00, 0x00, 0x00, 0x5F, 0x00, 0x00, 0x00, 0x10, 0x00, 0x03, 0x00,
  0x04, 0x00, 0x00, 0x00, 0x07, 0x00, 0x00, 0x00, 0x03, 0x00, 0x03, 0x00, 0x02, 0x00, 0x00, 0x00,
  0xC2, 0x01, 0x00, 0x00, 0x04, 0x00, 0x0A, 0x00, 0x47, 0x4C, 0x5F, 0x47, 0x4F, 0x4F, 0x47, 0x4C,
  0x45, 0x5F, 0x63, 0x70, 0x70, 0x5F, 0x73, 0x74, 0x79, 0x6C, 0x65, 0x5F, 0x6C, 0x69, 0x6E, 0x65,
  0x5F, 0x64, 0x69, 0x72, 0x65, 0x63, 0x74, 0x69, 0x76, 0x65, 0x00, 0x00, 0x04, 0x00, 0x08, 0x00,
  0x47, 0x4C, 0x5F, 0x47, 0x4F, 0x4F, 0x47, 0x4C, 0x45, 0x5F, 0x69, 0x6E, 0x63, 0x6C, 0x75, 0x64,
  0x65, 0x5F, 0x64, 0x69, 0x72, 0x65, 0x63, 0x74, 0x69, 0x76, 0x65, 0x00, 0x05, 0x00, 0x04, 0x00,
  0x04, 0x00, 0x00, 0x00, 0x6D, 0x61, 0x69, 0x6E, 0x00, 0x00, 0x00, 0x00, 0x05, 0x00, 0x03, 0x00,
  0x09, 0x00, 0x00, 0x00, 0x75, 0x76, 0x00, 0x00, 0x05, 0x00, 0x03, 0x00, 0x0B, 0x00, 0x00, 0x00,
  0x76, 0x55, 0x56, 0x00, 0x05, 0x00, 0x05, 0x00, 0x0D, 0x00, 0x00, 0x00, 0x46, 0x72, 0x61, 0x67,
  0x50, 0x61, 0x72, 0x61, 0x6D, 0x73, 0x00, 0x00, 0x06, 0x00, 0x06, 0x00, 0x0D, 0x00, 0x00, 0x00,
  0x00, 0x00, 0x00, 0x00, 0x75, 0x76, 0x4F, 0x66, 0x66, 0x73, 0x65, 0x74, 0x00, 0x00, 0x00, 0x00,
  0x06, 0x00, 0x05, 0x00, 0x0D, 0x00, 0x00, 0x00, 0x01, 0x00, 0x00, 0x00, 0x75, 0x76, 0x53, 0x63,
  0x61, 0x6C, 0x65, 0x00, 0x06, 0x00, 0x05, 0x00, 0x0D, 0x00, 0x00, 0x00, 0x02, 0x00, 0x00, 0x00,
  0x6F, 0x70, 0x61, 0x63, 0x69, 0x74, 0x79, 0x00, 0x06, 0x00, 0x04, 0x00, 0x0D, 0x00, 0x00, 0x00,
  0x03, 0x00, 0x00, 0x00, 0x70, 0x61, 0x64, 0x00, 0x06, 0x00, 0x05, 0x00, 0x0D, 0x00, 0x00, 0x00,
  0x04, 0x00, 0x00, 0x00, 0x70, 0x68, 0x61, 0x73, 0x65, 0x00, 0x00, 0x00, 0x06, 0x00, 0x05, 0x00,
  0x0D, 0x00, 0x00, 0x00, 0x05, 0x00, 0x00, 0x00, 0x76, 0x61, 0x67, 0x75, 0x65, 0x00, 0x00, 0x00,
  0x06, 0x00, 0x05, 0x00, 0x0D, 0x00, 0x00, 0x00, 0x06, 0x00, 0x00, 0x00, 0x70, 0x61, 0x64, 0x31,
  0x00, 0x00, 0x00, 0x00, 0x06, 0x00, 0x05, 0x00, 0x0D, 0x00, 0x00, 0x00, 0x07, 0x00, 0x00, 0x00,
  0x70, 0x61, 0x64, 0x32, 0x00, 0x00, 0x00, 0x00, 0x05, 0x00, 0x03, 0x00, 0x0F, 0x00, 0x00, 0x00,
  0x00, 0x00, 0x00, 0x00, 0x05, 0x00, 0x03, 0x00, 0x1C, 0x00, 0x00, 0x00, 0x73, 0x31, 0x00, 0x00,
  0x05, 0x00, 0x04, 0x00, 0x20, 0x00, 0x00, 0x00, 0x74, 0x65, 0x78, 0x30, 0x00, 0x00, 0x00, 0x00,
  0x05, 0x00, 0x03, 0x00, 0x24, 0x00, 0x00, 0x00, 0x73, 0x32, 0x00, 0x00, 0x05, 0x00, 0x04, 0x00,
  0x25, 0x00, 0x00, 0x00, 0x74, 0x65, 0x78, 0x31, 0x00, 0x00, 0x00, 0x00, 0x05, 0x00, 0x04, 0x00,
  0x29, 0x00, 0x00, 0x00, 0x72, 0x75, 0x6C, 0x65, 0x00, 0x00, 0x00, 0x00, 0x05, 0x00, 0x04, 0x00,
  0x2A, 0x00, 0x00, 0x00, 0x74, 0x65, 0x78, 0x32, 0x00, 0x00, 0x00, 0x00, 0x05, 0x00, 0x03, 0x00,
  0x2F, 0x00, 0x00, 0x00, 0x6F, 0x70, 0x61, 0x00, 0x05, 0x00, 0x05, 0x00, 0x5F, 0x00, 0x00, 0x00,
  0x46, 0x72, 0x61, 0x67, 0x43, 0x6F, 0x6C, 0x6F, 0x72, 0x00, 0x00, 0x00, 0x47, 0x00, 0x04, 0x00,
  0x0B, 0x00, 0x00, 0x00, 0x1E, 0x00, 0x00, 0x00, 0x00, 0x00, 0x00, 0x00, 0x47, 0x00, 0x03, 0x00,
  0x0D, 0x00, 0x00, 0x00, 0x02, 0x00, 0x00, 0x00, 0x48, 0x00, 0x05, 0x00, 0x0D, 0x00, 0x00, 0x00,
  0x00, 0x00, 0x00, 0x00, 0x23, 0x00, 0x00, 0x00, 0x00, 0x00, 0x00, 0x00, 0x48, 0x00, 0x05, 0x00,
  0x0D, 0x00, 0x00, 0x00, 0x01, 0x00, 0x00, 0x00, 0x23, 0x00, 0x00, 0x00, 0x08, 0x00, 0x00, 0x00,
  0x48, 0x00, 0x05, 0x00, 0x0D, 0x00, 0x00, 0x00, 0x02, 0x00, 0x00, 0x00, 0x23, 0x00, 0x00, 0x00,
  0x10, 0x00, 0x00, 0x00, 0x48, 0x00, 0x05, 0x00, 0x0D, 0x00, 0x00, 0x00, 0x03, 0x00, 0x00, 0x00,
  0x23, 0x00, 0x00, 0x00, 0x14, 0x00, 0x00, 0x00, 0x48, 0x00, 0x05, 0x00, 0x0D, 0x00, 0x00, 0x00,
  0x04, 0x00, 0x00, 0x00, 0x23, 0x00, 0x00, 0x00, 0x18, 0x00, 0x00, 0x00, 0x48, 0x00, 0x05, 0x00,
  0x0D, 0x00, 0x00, 0x00, 0x05, 0x00, 0x00, 0x00, 0x23, 0x00, 0x00, 0x00, 0x1C, 0x00, 0x00, 0x00,
  0x48, 0x00, 0x05, 0x00, 0x0D, 0x00, 0x00, 0x00, 0x06, 0x00, 0x00, 0x00, 0x23, 0x00, 0x00, 0x00,
  0x20, 0x00, 0x00, 0x00, 0x48, 0x00, 0x05, 0x00, 0x0D, 0x00, 0x00, 0x00, 0x07, 0x00, 0x00, 0x00,
  0x23, 0x00, 0x00, 0x00, 0x24, 0x00, 0x00, 0x00, 0x47, 0x00, 0x04, 0x00, 0x0F, 0x00, 0x00, 0x00,
  0x21, 0x00, 0x00, 0x00, 0x00, 0x00, 0x00, 0x00, 0x47, 0x00, 0x04, 0x00, 0x0F, 0x00, 0x00, 0x00,
  0x22, 0x00, 0x00, 0x00, 0x03, 0x00, 0x00, 0x00, 0x47, 0x00, 0x04, 0x00, 0x20, 0x00, 0x00, 0x00,
  0x21, 0x00, 0x00, 0x00, 0x00, 0x00, 0x00, 0x00, 0x47, 0x00, 0x04, 0x00, 0x20, 0x00, 0x00, 0x00,
  0x22, 0x00, 0x00, 0x00, 0x02, 0x00, 0x00, 0x00, 0x47, 0x00, 0x04, 0x00, 0x25, 0x00, 0x00, 0x00,
  0x21, 0x00, 0x00, 0x00, 0x01, 0x00, 0x00, 0x00, 0x47, 0x00, 0x04, 0x00, 0x25, 0x00, 0x00, 0x00,
  0x22, 0x00, 0x00, 0x00, 0x02, 0x00, 0x00, 0x00, 0x47, 0x00, 0x04, 0x00, 0x2A, 0x00, 0x00, 0x00,
  0x21, 0x00, 0x00, 0x00, 0x02, 0x00, 0x00, 0x00, 0x47, 0x00, 0x04, 0x00, 0x2A, 0x00, 0x00, 0x00,
  0x22, 0x00, 0x00, 0x00, 0x02, 0x00, 0x00, 0x00, 0x47, 0x00, 0x04, 0x00, 0x5F, 0x00, 0x00, 0x00,
  0x1E, 0x00, 0x00, 0x00, 0x00, 0x00, 0x00, 0x00, 0x13, 0x00, 0x02, 0x00, 0x02, 0x00, 0x00, 0x00,
  0x21, 0x00, 0x03, 0x00, 0x03, 0x00, 0x00, 0x00, 0x02, 0x00, 0x00, 0x00, 0x16, 0x00, 0x03, 0x00,
  0x06, 0x00, 0x00, 0x00, 0x20, 0x00, 0x00, 0x00, 0x17, 0x00, 0x04, 0x00, 0x07, 0x00, 0x00, 0x00,
  0x06, 0x00, 0x00, 0x00, 0x02, 0x00, 0x00, 0x00, 0x20, 0x00, 0x04, 0x00, 0x08, 0x00, 0x00, 0x00,
  0x07, 0x00, 0x00, 0x00, 0x07, 0x00, 0x00, 0x00, 0x20, 0x00, 0x04, 0x00, 0x0A, 0x00, 0x00, 0x00,
  0x01, 0x00, 0x00, 0x00, 0x07, 0x00, 0x00, 0x00, 0x3B, 0x00, 0x04, 0x00, 0x0A, 0x00, 0x00, 0x00,
  0x0B, 0x00, 0x00, 0x00, 0x01, 0x00, 0x00, 0x00, 0x1E, 0x00, 0x0A, 0x00, 0x0D, 0x00, 0x00, 0x00,
  0x07, 0x00, 0x00, 0x00, 0x07, 0x00, 0x00, 0x00, 0x06, 0x00, 0x00, 0x00, 0x06, 0x00, 0x00, 0x00,
  0x06, 0x00, 0x00, 0x00, 0x06, 0x00, 0x00, 0x00, 0x06, 0x00, 0x00, 0x00, 0x06, 0x00, 0x00, 0x00,
  0x20, 0x00, 0x04, 0x00, 0x0E, 0x00, 0x00, 0x00, 0x02, 0x00, 0x00, 0x00, 0x0D, 0x00, 0x00, 0x00,
  0x3B, 0x00, 0x04, 0x00, 0x0E, 0x00, 0x00, 0x00, 0x0F, 0x00, 0x00, 0x00, 0x02, 0x00, 0x00, 0x00,
  0x15, 0x00, 0x04, 0x00, 0x10, 0x00, 0x00, 0x00, 0x20, 0x00, 0x00, 0x00, 0x01, 0x00, 0x00, 0x00,
  0x2B, 0x00, 0x04, 0x00, 0x10, 0x00, 0x00, 0x00, 0x11, 0x00, 0x00, 0x00, 0x01, 0x00, 0x00, 0x00,
  0x20, 0x00, 0x04, 0x00, 0x12, 0x00, 0x00, 0x00, 0x02, 0x00, 0x00, 0x00, 0x07, 0x00, 0x00, 0x00,
  0x2B, 0x00, 0x04, 0x00, 0x10, 0x00, 0x00, 0x00, 0x16, 0x00, 0x00, 0x00, 0x00, 0x00, 0x00, 0x00,
  0x17, 0x00, 0x04, 0x00, 0x1A, 0x00, 0x00, 0x00, 0x06, 0x00, 0x00, 0x00, 0x04, 0x00, 0x00, 0x00,
  0x20, 0x00, 0x04, 0x00, 0x1B, 0x00, 0x00, 0x00, 0x07, 0x00, 0x00, 0x00, 0x1A, 0x00, 0x00, 0x00,
  0x19, 0x00, 0x09, 0x00, 0x1D, 0x00, 0x00, 0x00, 0x06, 0x00, 0x00, 0x00, 0x01, 0x00, 0x00, 0x00,
  0x00, 0x00, 0x00, 0x00, 0x00, 0x00, 0x00, 0x00, 0x00, 0x00, 0x00, 0x00, 0x01, 0x00, 0x00, 0x00,
  0x00, 0x00, 0x00, 0x00, 0x1B, 0x00, 0x03, 0x00, 0x1E, 0x00, 0x00, 0x00, 0x1D, 0x00, 0x00, 0x00,
  0x20, 0x00, 0x04, 0x00, 0x1F, 0x00, 0x00, 0x00, 0x00, 0x00, 0x00, 0x00, 0x1E, 0x00, 0x00, 0x00,
  0x3B, 0x00, 0x04, 0x00, 0x1F, 0x00, 0x00, 0x00, 0x20, 0x00, 0x00, 0x00, 0x00, 0x00, 0x00, 0x00,
  0x3B, 0x00, 0x04, 0x00, 0x1F, 0x00, 0x00, 0x00, 0x25, 0x00, 0x00, 0x00, 0x00, 0x00, 0x00, 0x00,
  0x3B, 0x00, 0x04, 0x00, 0x1F, 0x00, 0x00, 0x00, 0x2A, 0x00, 0x00, 0x00, 0x00, 0x00, 0x00, 0x00,
  0x20, 0x00, 0x04, 0x00, 0x2E, 0x00, 0x00, 0x00, 0x07, 0x00, 0x00, 0x00, 0x06, 0x00, 0x00, 0x00,
  0x15, 0x00, 0x04, 0x00, 0x30, 0x00, 0x00, 0x00, 0x20, 0x00, 0x00, 0x00, 0x00, 0x00, 0x00, 0x00,
  0x2B, 0x00, 0x04, 0x00, 0x30, 0x00, 0x00, 0x00, 0x31, 0x00, 0x00, 0x00, 0x00, 0x00, 0x00, 0x00,
  0x2B, 0x00, 0x04, 0x00, 0x10, 0x00, 0x00, 0x00, 0x34, 0x00, 0x00, 0x00, 0x04, 0x00, 0x00, 0x00,
  0x20, 0x00, 0x04, 0x00, 0x35, 0x00, 0x00, 0x00, 0x02, 0x00, 0x00, 0x00, 0x06, 0x00, 0x00, 0x00,
  0x2B, 0x00, 0x04, 0x00, 0x10, 0x00, 0x00, 0x00, 0x39, 0x00, 0x00, 0x00, 0x05, 0x00, 0x00, 0x00,
  0x2B, 0x00, 0x04, 0x00, 0x06, 0x00, 0x00, 0x00, 0x3C, 0x00, 0x00, 0x00, 0x17, 0xB7, 0xD1, 0x38,
  0x2B, 0x00, 0x04, 0x00, 0x06, 0x00, 0x00, 0x00, 0x3F, 0x00, 0x00, 0x00, 0x00, 0x00, 0x00, 0x00,
  0x2B, 0x00, 0x04, 0x00, 0x06, 0x00, 0x00, 0x00, 0x40, 0x00, 0x00, 0x00, 0x00, 0x00, 0x80, 0x3F,
  0x17, 0x00, 0x04, 0x00, 0x42, 0x00, 0x00, 0x00, 0x06, 0x00, 0x00, 0x00, 0x03, 0x00, 0x00, 0x00,
  0x2B, 0x00, 0x04, 0x00, 0x30, 0x00, 0x00, 0x00, 0x4C, 0x00, 0x00, 0x00, 0x01, 0x00, 0x00, 0x00,
  0x2B, 0x00, 0x04, 0x00, 0x30, 0x00, 0x00, 0x00, 0x4F, 0x00, 0x00, 0x00, 0x02, 0x00, 0x00, 0x00,
  0x2B, 0x00, 0x04, 0x00, 0x30, 0x00, 0x00, 0x00, 0x52, 0x00, 0x00, 0x00, 0x03, 0x00, 0x00, 0x00,
  0x2B, 0x00, 0x04, 0x00, 0x10, 0x00, 0x00, 0x00, 0x59, 0x00, 0x00, 0x00, 0x02, 0x00, 0x00, 0x00,
  0x20, 0x00, 0x04, 0x00, 0x5E, 0x00, 0x00, 0x00, 0x03, 0x00, 0x00, 0x00, 0x1A, 0x00, 0x00, 0x00,
  0x3B, 0x00, 0x04, 0x00, 0x5E, 0x00, 0x00, 0x00, 0x5F, 0x00, 0x00, 0x00, 0x03, 0x00, 0x00, 0x00,
  0x36, 0x00, 0x05, 0x00, 0x02, 0x00, 0x00, 0x00, 0x04, 0x00, 0x00, 0x00, 0x00, 0x00, 0x00, 0x00,
  0x03, 0x00, 0x00, 0x00, 0xF8, 0x00, 0x02, 0x00, 0x05, 0x00, 0x00, 0x00, 0x3B, 0x00, 0x04, 0x00,
  0x08, 0x00, 0x00, 0x00, 0x09, 0x00, 0x00, 0x00, 0x07, 0x00, 0x00, 0x00, 0x3B, 0x00, 0x04, 0x00,
  0x1B, 0x00, 0x00, 0x00, 0x1C, 0x00, 0x00, 0x00, 0x07, 0x00, 0x00, 0x00, 0x3B, 0x00, 0x04, 0x00,
  0x1B, 0x00, 0x00, 0x00, 0x24, 0x00, 0x00, 0x00, 0x07, 0x00, 0x00, 0x00, 0x3B, 0x00, 0x04, 0x00,
  0x1B, 0x00, 0x00, 0x00, 0x29, 0x00, 0x00, 0x00, 0x07, 0x00, 0x00, 0x00, 0x3B, 0x00, 0x04, 0x00,
  0x2E, 0x00, 0x00, 0x00, 0x2F, 0x00, 0x00, 0x00, 0x07, 0x00, 0x00, 0x00, 0x3D, 0x00, 0x04, 0x00,
  0x07, 0x00, 0x00, 0x00, 0x0C, 0x00, 0x00, 0x00, 0x0B, 0x00, 0x00, 0x00, 0x41, 0x00, 0x05, 0x00,
  0x12, 0x00, 0x00, 0x00, 0x13, 0x00, 0x00, 0x00, 0x0F, 0x00, 0x00, 0x00, 0x11, 0x00, 0x00, 0x00,
  0x3D, 0x00, 0x04, 0x00, 0x07, 0x00, 0x00, 0x00, 0x14, 0x00, 0x00, 0x00, 0x13, 0x00, 0x00, 0x00,
  0x85, 0x00, 0x05, 0x00, 0x07, 0x00, 0x00, 0x00, 0x15, 0x00, 0x00, 0x00, 0x0C, 0x00, 0x00, 0x00,
  0x14, 0x00, 0x00, 0x00, 0x41, 0x00, 0x05, 0x00, 0x12, 0x00, 0x00, 0x00, 0x17, 0x00, 0x00, 0x00,
  0x0F, 0x00, 0x00, 0x00, 0x16, 0x00, 0x00, 0x00, 0x3D, 0x00, 0x04, 0x00, 0x07, 0x00, 0x00, 0x00,
  0x18, 0x00, 0x00, 0x00, 0x17, 0x00, 0x00, 0x00, 0x81, 0x00, 0x05, 0x00, 0x07, 0x00, 0x00, 0x00,
  0x19, 0x00, 0x00, 0x00, 0x15, 0x00, 0x00, 0x00, 0x18, 0x00, 0x00, 0x00, 0x3E, 0x00, 0x03, 0x00,
  0x09, 0x00, 0x00, 0x00, 0x19, 0x00, 0x00, 0x00, 0x3D, 0x00, 0x04, 0x00, 0x1E, 0x00, 0x00, 0x00,
  0x21, 0x00, 0x00, 0x00, 0x20, 0x00, 0x00, 0x00, 0x3D, 0x00, 0x04, 0x00, 0x07, 0x00, 0x00, 0x00,
  0x22, 0x00, 0x00, 0x00, 0x09, 0x00, 0x00, 0x00, 0x57, 0x00, 0x05, 0x00, 0x1A, 0x00, 0x00, 0x00,
  0x23, 0x00, 0x00, 0x00, 0x21, 0x00, 0x00, 0x00, 0x22, 0x00, 0x00, 0x00, 0x3E, 0x00, 0x03, 0x00,
  0x1C, 0x00, 0x00, 0x00, 0x23, 0x00, 0x00, 0x00, 0x3D, 0x00, 0x04, 0x00, 0x1E, 0x00, 0x00, 0x00,
  0x26, 0x00, 0x00, 0x00, 0x25, 0x00, 0x00, 0x00, 0x3D, 0x00, 0x04, 0x00, 0x07, 0x00, 0x00, 0x00,
  0x27, 0x00, 0x00, 0x00, 0x09, 0x00, 0x00, 0x00, 0x57, 0x00, 0x05, 0x00, 0x1A, 0x00, 0x00, 0x00,
  0x28, 0x00, 0x00, 0x00, 0x26, 0x00, 0x00, 0x00, 0x27, 0x00, 0x00, 0x00, 0x3E, 0x00, 0x03, 0x00,
  0x24, 0x00, 0x00, 0x00, 0x28, 0x00, 0x00, 0x00, 0x3D, 0x00, 0x04, 0x00, 0x1E, 0x00, 0x00, 0x00,
  0x2B, 0x00, 0x00, 0x00, 0x2A, 0x00, 0x00, 0x00, 0x3D, 0x00, 0x04, 0x00, 0x07, 0x00, 0x00, 0x00,
  0x2C, 0x00, 0x00, 0x00, 0x09, 0x00, 0x00, 0x00, 0x57, 0x00, 0x05, 0x00, 0x1A, 0x00, 0x00, 0x00,
  0x2D, 0x00, 0x00, 0x00, 0x2B, 0x00, 0x00, 0x00, 0x2C, 0x00, 0x00, 0x00, 0x3E, 0x00, 0x03, 0x00,
  0x29, 0x00, 0x00, 0x00, 0x2D, 0x00, 0x00, 0x00, 0x41, 0x00, 0x05, 0x00, 0x2E, 0x00, 0x00, 0x00,
  0x32, 0x00, 0x00, 0x00, 0x29, 0x00, 0x00, 0x00, 0x31, 0x00, 0x00, 0x00, 0x3D, 0x00, 0x04, 0x00,
  0x06, 0x00, 0x00, 0x00, 0x33, 0x00, 0x00, 0x00, 0x32, 0x00, 0x00, 0x00, 0x41, 0x00, 0x05, 0x00,
  0x35, 0x00, 0x00, 0x00, 0x36, 0x00, 0x00, 0x00, 0x0F, 0x00, 0x00, 0x00, 0x34, 0x00, 0x00, 0x00,
  0x3D, 0x00, 0x04, 0x00, 0x06, 0x00, 0x00, 0x00, 0x37, 0x00, 0x00, 0x00, 0x36, 0x00, 0x00, 0x00,
  0x83, 0x00, 0x05, 0x00, 0x06, 0x00, 0x00, 0x00, 0x38, 0x00, 0x00, 0x00, 0x33, 0x00, 0x00, 0x00,
  0x37, 0x00, 0x00, 0x00, 0x41, 0x00, 0x05, 0x00, 0x35, 0x00, 0x00, 0x00, 0x3A, 0x00, 0x00, 0x00,
  0x0F, 0x00, 0x00, 0x00, 0x39, 0x00, 0x00, 0x00, 0x3D, 0x00, 0x04, 0x00, 0x06, 0x00, 0x00, 0x00,
  0x3B, 0x00, 0x00, 0x00, 0x3A, 0x00, 0x00, 0x00, 0x81, 0x00, 0x05, 0x00, 0x06, 0x00, 0x00, 0x00,
  0x3D, 0x00, 0x00, 0x00, 0x3B, 0x00, 0x00, 0x00, 0x3C, 0x00, 0x00, 0x00, 0x88, 0x00, 0x05, 0x00,
  0x06, 0x00, 0x00, 0x00, 0x3E, 0x00, 0x00, 0x00, 0x38, 0x00, 0x00, 0x00, 0x3D, 0x00, 0x00, 0x00,
  0x0C, 0x00, 0x08, 0x00, 0x06, 0x00, 0x00, 0x00, 0x41, 0x00, 0x00, 0x00, 0x01, 0x00, 0x00, 0x00,
  0x2B, 0x00, 0x00, 0x00, 0x3E, 0x00, 0x00, 0x00, 0x3F, 0x00, 0x00, 0x00, 0x40, 0x00, 0x00, 0x00,
  0x3E, 0x00, 0x03, 0x00, 0x2F, 0x00, 0x00, 0x00, 0x41, 0x00, 0x00, 0x00, 0x3D, 0x00, 0x04, 0x00,
  0x1A, 0x00, 0x00, 0x00, 0x43, 0x00, 0x00, 0x00, 0x24, 0x00, 0x00, 0x00, 0x4F, 0x00, 0x08, 0x00,
  0x42, 0x00, 0x00, 0x00, 0x44, 0x00, 0x00, 0x00, 0x43, 0x00, 0x00, 0x00, 0x43, 0x00, 0x00, 0x00,
  0x00, 0x00, 0x00, 0x00, 0x01, 0x00, 0x00, 0x00, 0x02, 0x00, 0x00, 0x00, 0x3D, 0x00, 0x04, 0x00,
  0x1A, 0x00, 0x00, 0x00, 0x45, 0x00, 0x00, 0x00, 0x1C, 0x00, 0x00, 0x00, 0x4F, 0x00, 0x08, 0x00,
  0x42, 0x00, 0x00, 0x00, 0x46, 0x00, 0x00, 0x00, 0x45, 0x00, 0x00, 0x00, 0x45, 0x00, 0x00, 0x00,
  0x00, 0x00, 0x00, 0x00, 0x01, 0x00, 0x00, 0x00, 0x02, 0x00, 0x00, 0x00, 0x3D, 0x00, 0x04, 0x00,
  0x06, 0x00, 0x00, 0x00, 0x47, 0x00, 0x00, 0x00, 0x2F, 0x00, 0x00, 0x00, 0x50, 0x00, 0x06, 0x00,
  0x42, 0x00, 0x00, 0x00, 0x48, 0x00, 0x00, 0x00, 0x47, 0x00, 0x00, 0x00, 0x47, 0x00, 0x00, 0x00,
  0x47, 0x00, 0x00, 0x00, 0x0C, 0x00, 0x08, 0x00, 0x42, 0x00, 0x00, 0x00, 0x49, 0x00, 0x00, 0x00,
  0x01, 0x00, 0x00, 0x00, 0x2E, 0x00, 0x00, 0x00, 0x44, 0x00, 0x00, 0x00, 0x46, 0x00, 0x00, 0x00,
  0x48, 0x00, 0x00, 0x00, 0x41, 0x00, 0x05, 0x00, 0x2E, 0x00, 0x00, 0x00, 0x4A, 0x00, 0x00, 0x00,
  0x1C, 0x00, 0x00, 0x00, 0x31, 0x00, 0x00, 0x00, 0x51, 0x00, 0x05, 0x00, 0x06, 0x00, 0x00, 0x00,
  0x4B, 0x00, 0x00, 0x00, 0x49, 0x00, 0x00, 0x00, 0x00, 0x00, 0x00, 0x00, 0x3E, 0x00, 0x03, 0x00,
  0x4A, 0x00, 0x00, 0x00, 0x4B, 0x00, 0x00, 0x00, 0x41, 0x00, 0x05, 0x00, 0x2E, 0x00, 0x00, 0x00,
  0x4D, 0x00, 0x00, 0x00, 0x1C, 0x00, 0x00, 0x00, 0x4C, 0x00, 0x00, 0x00, 0x51, 0x00, 0x05, 0x00,
  0x06, 0x00, 0x00, 0x00, 0x4E, 0x00, 0x00, 0x00, 0x49, 0x00, 0x00, 0x00, 0x01, 0x00, 0x00, 0x00,
  0x3E, 0x00, 0x03, 0x00, 0x4D, 0x00, 0x00, 0x00, 0x4E, 0x00, 0x00, 0x00, 0x41, 0x00, 0x05, 0x00,
  0x2E, 0x00, 0x00, 0x00, 0x50, 0x00, 0x00, 0x00, 0x1C, 0x00, 0x00, 0x00, 0x4F, 0x00, 0x00, 0x00,
  0x51, 0x00, 0x05, 0x00, 0x06, 0x00, 0x00, 0x00, 0x51, 0x00, 0x00, 0x00, 0x49, 0x00, 0x00, 0x00,
  0x02, 0x00, 0x00, 0x00, 0x3E, 0x00, 0x03, 0x00, 0x50, 0x00, 0x00, 0x00, 0x51, 0x00, 0x00, 0x00,
  0x41, 0x00, 0x05, 0x00, 0x2E, 0x00, 0x00, 0x00, 0x53, 0x00, 0x00, 0x00, 0x24, 0x00, 0x00, 0x00,
  0x52, 0x00, 0x00, 0x00, 0x3D, 0x00, 0x04, 0x00, 0x06, 0x00, 0x00, 0x00, 0x54, 0x00, 0x00, 0x00,
  0x53, 0x00, 0x00, 0x00, 0x41, 0x00, 0x05, 0x00, 0x2E, 0x00, 0x00, 0x00, 0x55, 0x00, 0x00, 0x00,
  0x1C, 0x00, 0x00, 0x00, 0x52, 0x00, 0x00, 0x00, 0x3D, 0x00, 0x04, 0x00, 0x06, 0x00, 0x00, 0x00,
  0x56, 0x00, 0x00, 0x00, 0x55, 0x00, 0x00, 0x00, 0x3D, 0x00, 0x04, 0x00, 0x06, 0x00, 0x00, 0x00,
  0x57, 0x00, 0x00, 0x00, 0x2F, 0x00, 0x00, 0x00, 0x0C, 0x00, 0x08, 0x00, 0x06, 0x00, 0x00, 0x00,
  0x58, 0x00, 0x00, 0x00, 0x01, 0x00, 0x00, 0x00, 0x2E, 0x00, 0x00, 0x00, 0x54, 0x00, 0x00, 0x00,
  0x56, 0x00, 0x00, 0x00, 0x57, 0x00, 0x00, 0x00, 0x41, 0x00, 0x05, 0x00, 0x35, 0x00, 0x00, 0x00,
  0x5A, 0x00, 0x00, 0x00, 0x0F, 0x00, 0x00, 0x00, 0x59, 0x00, 0x00, 0x00, 0x3D, 0x00, 0x04, 0x00,
  0x06, 0x00, 0x00, 0x00, 0x5B, 0x00, 0x00, 0x00, 0x5A, 0x00, 0x00, 0x00, 0x85, 0x00, 0x05, 0x00,
  0x06, 0x00, 0x00, 0x00, 0x5C, 0x00, 0x00, 0x00, 0x58, 0x00, 0x00, 0x00, 0x5B, 0x00, 0x00, 0x00,
  0x41, 0x00, 0x05, 0x00, 0x2E, 0x00, 0x00, 0x00, 0x5D, 0x00, 0x00, 0x00, 0x1C, 0x00, 0x00, 0x00,
  0x52, 0x00, 0x00, 0x00, 0x3E, 0x00, 0x03, 0x00, 0x5D, 0x00, 0x00, 0x00, 0x5C, 0x00, 0x00, 0x00,
  0x3D, 0x00, 0x04, 0x00, 0x1A, 0x00, 0x00, 0x00, 0x60, 0x00, 0x00, 0x00, 0x1C, 0x00, 0x00, 0x00,
  0x3E, 0x00, 0x03, 0x00, 0x5F, 0x00, 0x00, 0x00, 0x60, 0x00, 0x00, 0x00, 0xFD, 0x00, 0x01, 0x00,
  0x38, 0x00, 0x01, 0x00,
};
